<?xml version="1.0" encoding="utf-8" ?>
<kml xmlns="http://www.opengis.net/kml/2.2">
<Document id="root_doc">
<Schema name="logannet3" id="logannet3">
	<SimpleField name="LINKNO" type="int"></SimpleField>
	<SimpleField name="DSLINKNO" type="int"></SimpleField>
	<SimpleField name="USLINKNO1" type="int"></SimpleField>
	<SimpleField name="USLINKNO2" type="int"></SimpleField>
	<SimpleField name="DSNODEID" type="int"></SimpleField>
	<SimpleField name="strmOrder" type="int"></SimpleField>
	<SimpleField name="Length" type="float"></SimpleField>
	<SimpleField name="Magnitude" type="int"></SimpleField>
	<SimpleField name="DSContArea" type="float"></SimpleField>
	<SimpleField name="strmDrop" type="float"></SimpleField>
	<SimpleField name="Slope" type="float"></SimpleField>
	<SimpleField name="StraightL" type="float"></SimpleField>
	<SimpleField name="USContArea" type="float"></SimpleField>
	<SimpleField name="WSNO" type="int"></SimpleField>
	<SimpleField name="DOUTEND" type="float"></SimpleField>
	<SimpleField name="DOUTSTART" type="float"></SimpleField>
	<SimpleField name="DOUTMID" type="float"></SimpleField>
</Schema>
<Folder><name>logannet3</name>
  <Placemark id="logannet3.1">
	<Style><LineStyle><color>ff0000ff</color></LineStyle><PolyStyle><fill>0</fill></PolyStyle></Style>
	<ExtendedData><SchemaData schemaUrl="#logannet3">
		<SimpleData name="LINKNO">113</SimpleData>
		<SimpleData name="DSLINKNO">120</SimpleData>
		<SimpleData name="USLINKNO1">106</SimpleData>
		<SimpleData name="USLINKNO2">22</SimpleData>
		<SimpleData name="DSNODEID">-1</SimpleData>
		<SimpleData name="strmOrder">2</SimpleData>
		<SimpleData name="Length">120.0</SimpleData>
		<SimpleData name="Magnitude">4</SimpleData>
		<SimpleData name="DSContArea">25474500.0</SimpleData>
		<SimpleData name="strmDrop">3.51</SimpleData>
		<SimpleData name="Slope">0.029250081380</SimpleData>
		<SimpleData name="StraightL">120.0</SimpleData>
		<SimpleData name="USContArea">25468200.0</SimpleData>
		<SimpleData name="WSNO">113</SimpleData>
		<SimpleData name="DOUTEND">51472.9</SimpleData>
		<SimpleData name="DOUTSTART">51592.9</SimpleData>
		<SimpleData name="DOUTMID">51532.9</SimpleData>
	</SchemaData></ExtendedData>
      <LineString><coordinates>-111.529659224323,42.0206751519479,0 -111.529661466628,42.0209453394282,0 -111.529663708964,42.0212155268956,0 -111.529665951331,42.0214857143501,0 -111.529668193728,42.0217559017918,0</coordinates></LineString>
  </Placemark>
  <Placemark id="logannet3.2">
	<Style><LineStyle><color>ff0000ff</color></LineStyle><PolyStyle><fill>0</fill></PolyStyle></Style>
	<ExtendedData><SchemaData schemaUrl="#logannet3">
		<SimpleData name="LINKNO">106</SimpleData>
		<SimpleData name="DSLINKNO">113</SimpleData>
		<SimpleData name="USLINKNO1">99</SimpleData>
		<SimpleData name="USLINKNO2">0</SimpleData>
		<SimpleData name="DSNODEID">-1</SimpleData>
		<SimpleData name="strmOrder">2</SimpleData>
		<SimpleData name="Length">2627.9</SimpleData>
		<SimpleData name="Magnitude">3</SimpleData>
		<SimpleData name="DSContArea">23457600.0</SimpleData>
		<SimpleData name="strmDrop">58.04</SimpleData>
		<SimpleData name="Slope">0.022085853034</SimpleData>
		<SimpleData name="StraightL">2353.4</SimpleData>
		<SimpleData name="USContArea">21206700.0</SimpleData>
		<SimpleData name="WSNO">106</SimpleData>
		<SimpleData name="DOUTEND">51592.9</SimpleData>
		<SimpleData name="DOUTSTART">54220.8</SimpleData>
		<SimpleData name="DOUTMID">52906.9</SimpleData>
	</SchemaData></ExtendedData>
      <LineString><coordinates>-111.529668193728,42.0217559017918,0 -111.529308084916,42.0220277607283,0 -111.528947973036,42.0222996185395,0 -111.528950212458,42.0225698059741,0 -111.528952451911,42.0228399933959,0 -111.528954691394,42.0231101808047,0 -111.528956930908,42.0233803682007,0 -111.528959170452,42.0236505555839,0 -111.528961410027,42.0239207429542,0 -111.528963649633,42.0241909303116,0 -111.52896588927,42.0244611176561,0 -111.529330495548,42.0247296344667,0 -111.52933273678,42.0249998217698,0 -111.529334978043,42.0252700090601,0 -111.528974848123,42.0255418669058,0 -111.529339460661,42.025810383602,0 -111.529341702016,42.0260805708536,0 -111.529343943402,42.0263507580924,0 -111.529346184818,42.0266209453184,0 -111.529348426265,42.0268911325315,0 -111.529350667743,42.0271613197317,0 -111.529352909251,42.027431506919,0 -111.529717534247,42.0277000222553,0 -111.530082162312,42.0279685364031,0 -111.530446793445,42.0282370493625,0 -111.53044903968,42.0285072364511,0 -111.530813675447,42.0287757481935,0 -111.531178314283,42.0290442587473,0 -111.531542956189,42.0293127681126,0 -111.531907601163,42.0295812762893,0 -111.532272249206,42.0298497832775,0 -111.532636900318,42.030118289077,0 -111.533001554499,42.0303867936878,0 -111.533003811721,42.0306569805629,0 -111.533368470537,42.0309254839563,0 -111.533370729356,42.0311956707898,0 -111.533372988206,42.0314658576104,0 -111.533375247087,42.0317360444181,0 -111.533377505999,42.032006231213,0 -111.533379764942,42.032276417995,0 -111.533382023915,42.0325466047642,0 -111.53338428292,42.0328167915205,0 -111.533748955764,42.0330852935241,0 -111.533751216366,42.0333554802388,0 -111.533753476998,42.0336256669406,0 -111.533755737662,42.0338958536296,0 -111.533757998356,42.0341660403057,0 -111.533760259081,42.0344362269689,0 -111.533762519837,42.0347064136193,0 -111.534127205146,42.0349749142616,0 -111.534129467499,42.0352451008704,0 -111.534131729883,42.0355152874663,0 -111.534133992299,42.0357854740494,0 -111.534498685375,42.0360539734164,0 -111.534500949387,42.0363241599579,0 -111.53450321343,42.0365943464864,0 -111.534505477504,42.0368645330021,0 -111.534507741609,42.037134719505,0 -111.534510005746,42.037404905995,0 -111.534874709722,42.0376734040292,0 -111.534876975456,42.0379435904776,0 -111.53487924122,42.038213776913,0 -111.534881507016,42.0384839633357,0 -111.535246218761,42.0387524600945,0 -111.535248486154,42.0390226464754,0 -111.535613202536,42.0392911420163,0 -111.535615471526,42.0395613283556,0 -111.535617740547,42.0398315146821,0 -111.5356200096,42.0401017009957,0 -111.535622278683,42.0403718872964,0 -111.535987004401,42.0406403815329,0 -111.53635173319,42.04090887458,0 -111.53671646505,42.0411773664379,0 -111.53708119998,42.0414458571064,0 -111.537445937981,42.0417143465855,0 -111.53780840057,42.0417126487474,0 -111.538173143147,42.0419811358765,0</coordinates></LineString>
  </Placemark>
  <Placemark id="logannet3.3">
	<Style><LineStyle><color>ff0000ff</color></LineStyle><PolyStyle><fill>0</fill></PolyStyle></Style>
	<ExtendedData><SchemaData schemaUrl="#logannet3">
		<SimpleData name="LINKNO">99</SimpleData>
		<SimpleData name="DSLINKNO">106</SimpleData>
		<SimpleData name="USLINKNO1">21</SimpleData>
		<SimpleData name="USLINKNO2">7</SimpleData>
		<SimpleData name="DSNODEID">-1</SimpleData>
		<SimpleData name="strmOrder">2</SimpleData>
		<SimpleData name="Length">342.4</SimpleData>
		<SimpleData name="Magnitude">2</SimpleData>
		<SimpleData name="DSContArea">8877600.0</SimpleData>
		<SimpleData name="strmDrop">9.69</SimpleData>
		<SimpleData name="Slope">0.028311426583</SimpleData>
		<SimpleData name="StraightL">331.4</SimpleData>
		<SimpleData name="USContArea">8752500.0</SimpleData>
		<SimpleData name="WSNO">99</SimpleData>
		<SimpleData name="DOUTEND">54220.8</SimpleData>
		<SimpleData name="DOUTSTART">54563.2</SimpleData>
		<SimpleData name="DOUTMID">54392.0</SimpleData>
	</SchemaData></ExtendedData>
      <LineString><coordinates>-111.538173143147,42.0419811358765,0 -111.538175423196,42.0422513219754,0 -111.538177703276,42.0425215080615,0 -111.538179983388,42.0427916941346,0 -111.538182263531,42.0430618801949,0 -111.538184543705,42.0433320662424,0 -111.538549297186,42.0436005520377,0 -111.538551578959,42.0438707380433,0 -111.538553860762,42.0441409240362,0 -111.538556142597,42.0444111100161,0 -111.538558424463,42.0446812959832,0 -111.53856070636,42.0449514819375,0</coordinates></LineString>
  </Placemark>
  <Placemark id="logannet3.4">
	<Style><LineStyle><color>ff0000ff</color></LineStyle><PolyStyle><fill>0</fill></PolyStyle></Style>
	<ExtendedData><SchemaData schemaUrl="#logannet3">
		<SimpleData name="LINKNO">0</SimpleData>
		<SimpleData name="DSLINKNO">106</SimpleData>
		<SimpleData name="USLINKNO1">-1</SimpleData>
		<SimpleData name="USLINKNO2">-1</SimpleData>
		<SimpleData name="DSNODEID">-1</SimpleData>
		<SimpleData name="strmOrder">1</SimpleData>
		<SimpleData name="Length">6139.6</SimpleData>
		<SimpleData name="Magnitude">1</SimpleData>
		<SimpleData name="DSContArea">12302100.0</SimpleData>
		<SimpleData name="strmDrop">141.38</SimpleData>
		<SimpleData name="Slope">0.023028467375</SimpleData>
		<SimpleData name="StraightL">5220.0</SimpleData>
		<SimpleData name="USContArea">2301300.0</SimpleData>
		<SimpleData name="WSNO">0</SimpleData>
		<SimpleData name="DOUTEND">54220.8</SimpleData>
		<SimpleData name="DOUTSTART">60360.3</SimpleData>
		<SimpleData name="DOUTMID">57290.6</SimpleData>
	</SchemaData></ExtendedData>
      <LineString><coordinates>-111.538173143147,42.0419811358765,0 -111.538535607209,42.0419794357333,0 -111.53889807124,42.0419777344455,0 -111.53926053524,42.0419760320131,0 -111.539622999208,42.0419743284361,0 -111.539987750872,42.0422428097333,0 -111.540352505606,42.0425112898408,0 -111.540714972552,42.0425095827979,0 -111.541079731861,42.0427780605552,0 -111.541444494242,42.0430465371228,0 -111.541809259694,42.0433150125007,0 -111.54217173112,42.043313300831,0 -111.542534202515,42.0433115880167,0 -111.542898974045,42.0435800598832,0 -111.543261446913,42.0435783447635,0 -111.543623919748,42.0435766284991,0 -111.543986392552,42.0435749110901,0 -111.544348865325,42.0435731925364,0 -111.544711338066,42.043571472838,0 -111.545076120188,42.0438399377107,0 -111.545438594401,42.0438382157068,0 -111.545801068583,42.0438364925583,0 -111.546163542733,42.0438347682651,0 -111.546526016851,42.0438330428274,0 -111.546888490937,42.0438313162449,0 -111.547250964992,42.0438295885178,0 -111.547613439015,42.043827859646,0 -111.547975913006,42.0438261296295,0 -111.548338386965,42.0438243984685,0 -111.548700860893,42.0438226661627,0 -111.549063334788,42.0438209327123,0 -111.549425808652,42.0438191981173,0 -111.549788282484,42.0438174623776,0 -111.550150756284,42.0438157254932,0 -111.550510897606,42.0435438019931,0 -111.550873369806,42.0435420628358,0 -111.551235841975,42.0435403225339,0 -111.551598314111,42.0435385810873,0 -111.551960786216,42.0435368384961,0 -111.552323258288,42.0435350947603,0 -111.552685730329,42.0435333498798,0 -111.553048202337,42.0435316038547,0 -111.553410674313,42.0435298566849,0 -111.553775492523,42.0437982936939,0 -111.554140313804,42.0440667295124,0 -111.554505138157,42.0443351641404,0 -111.554869965581,42.0446035975779,0 -111.555234796076,42.0448720298248,0 -111.555597275537,42.0448702757046,0 -111.555962110606,42.0451387055997,0 -111.556324591538,42.0451369491736,0 -111.556689431183,42.0454053767168,0 -111.557051913586,42.0454036179847,0 -111.557416757805,42.0456720431759,0 -111.557779241679,42.0456702821378,0 -111.558141725521,42.0456685199549,0 -111.558506575818,42.0459369416327,0 -111.558869061131,42.0459351771439,0 -111.559233916003,42.0462035964695,0 -111.559596402786,42.0462018296745,0 -111.559961262233,42.0464702466478,0 -111.560323750487,42.0464684775467,0 -111.560688614509,42.0467368921676,0 -111.561053481602,42.0470053055976,0 -111.561418351766,42.0472737178365,0 -111.561783225003,42.0475421288844,0 -111.562148101311,42.0478105387412,0 -111.562510597048,42.0478087626879,0 -111.562875477931,42.048077170192,0 -111.563240361886,42.0483455765049,0 -111.563602860598,42.0483437969837,0 -111.563967749127,42.0486122009439,0 -111.564332640729,42.0488806037127,0 -111.564335032181,42.0491507882964,0 -111.564699928424,42.0494191898443,0 -111.564702321477,42.0496893743854,0 -111.56506722236,42.0499577747123,0 -111.565432126316,42.0502261738478,0 -111.56543452254,42.0504963583166,0 -111.565799431136,42.050764756231,0 -111.566164342804,42.0510331529539,0 -111.5661667422,42.0513033373505,0 -111.566531658509,42.0515717328521,0 -111.566896577891,42.0518401271623,0 -111.566898980457,42.0521103114866,0 -111.566901383056,42.0523804957979,0 -111.566903785688,42.0526506800963,0 -111.56726871285,42.0529190731257,0 -111.567271117084,42.0531892573816,0 -111.567273521351,42.0534594416245,0 -111.567275925651,42.0537296258546,0 -111.567278329984,42.0539998100718,0 -111.56728073435,42.0542699942762,0 -111.567283138749,42.0545401784676,0 -111.567285543181,42.0548103626462,0 -111.567287947646,42.0550805468119,0 -111.567652890435,42.0553489384115,0 -111.568017836296,42.0556173288194,0 -111.568382785231,42.0558857180356,0 -111.568747737239,42.0561541060598,0 -111.568750148014,42.0564242900936,0 -111.569115104665,42.0566926768962,0 -111.569480064388,42.056961062507,0 -111.569482478336,42.0572312464682,0 -111.569484892317,42.0575014304165,0 -111.569487306331,42.057771614352,0 -111.569852273837,42.0580399986813,0 -111.570217244416,42.0583083818187,0 -111.570219661602,42.0585785656816,0 -111.570584636825,42.0588469475971,0 -111.570587055614,42.0591171314173,0 -111.57095203548,42.0593855121108,0 -111.571317018419,42.0596538916122,0 -111.571682004431,42.0599222699215,0 -111.572044568448,42.0599204633379,0 -111.572409559038,42.0601888392927,0 -111.572774552701,42.0604572140552,0 -111.573139549438,42.0607255876255,0 -111.573504549249,42.0609939600035,0 -111.573506980599,42.0612641435845,0 -111.573509411983,42.0615343271526,0 -111.573874418008,42.0618026982784,0 -111.573876850995,42.0620728818037,0 -111.573879284015,42.0623430653161,0 -111.573881717069,42.0626132488157,0 -111.573884150156,42.0628834323023,0 -111.574249165536,42.0631518021159,0 -111.574251600227,42.0634219855597,0 -111.574254034951,42.0636921689907,0 -111.574256469709,42.0639623524087,0 -111.5742589045,42.0642325358139,0 -111.574623929236,42.0645009043151,0 -111.574626365631,42.0647710876774,0 -111.574628802059,42.0650412710269,0 -111.574631238521,42.0653114543635,0 -111.574996271044,42.0655798215822,0 -111.574998709109,42.0658500048759,0 -111.575001147208,42.0661201881567,0 -111.575366185947,42.0663885541228,0 -111.57536862565,42.0666587373608,0 -111.575733669034,42.0669271021042,0 -111.575736110341,42.0671972852993,0 -111.576101158371,42.06746564882,0 -111.576103601282,42.0677358319722,0 -111.576468653957,42.0680041942701,0 -111.576471098474,42.0682743773794,0 -111.576473543023,42.0685445604757,0 -111.576475987606,42.0688147435592,0 -111.576478432223,42.0690849266298,0 -111.576843494257,42.0693532876148,0 -111.576845940478,42.0696234706425,0 -111.576848386733,42.0698936536574,0 -111.577213454984,42.0701620133894,0 -111.57757852631,42.0704303719285,0 -111.577580975741,42.0707005548703,0 -111.577583425205,42.0709707377992,0 -111.577585874703,42.0712409207153,0 -111.577588324234,42.0715111036184,0 -111.577590773799,42.0717812865087,0 -111.577593223398,42.0720514693861,0 -111.57759567303,42.0723216522507,0 -111.57796075843,42.0725900093863,0 -111.578325846906,42.0728583653289,0 -111.578690938458,42.0731267200783,0 -111.579056033085,42.0733950736346,0 -111.579421130789,42.0736634259978,0 -111.579783772507,42.0736615944838,0 -111.58014887479,42.0739299444907,0 -111.580151335422,42.0742001271445,0 -111.580516442352,42.074468475928,0 -111.580881552359,42.0747368235182,0 -111.581246665441,42.075005169915,0 -111.581611781599,42.0752735151185,0 -111.581614248552,42.0755436976387,0 -111.581979369358,42.0758120416186,0</coordinates></LineString>
  </Placemark>
  <Placemark id="logannet3.5">
	<Style><LineStyle><color>ff0000ff</color></LineStyle><PolyStyle><fill>0</fill></PolyStyle></Style>
	<ExtendedData><SchemaData schemaUrl="#logannet3">
		<SimpleData name="LINKNO">7</SimpleData>
		<SimpleData name="DSLINKNO">99</SimpleData>
		<SimpleData name="USLINKNO1">-1</SimpleData>
		<SimpleData name="USLINKNO2">-1</SimpleData>
		<SimpleData name="DSNODEID">-1</SimpleData>
		<SimpleData name="strmOrder">1</SimpleData>
		<SimpleData name="Length">4064.0</SimpleData>
		<SimpleData name="Magnitude">1</SimpleData>
		<SimpleData name="DSContArea">6885900.0</SimpleData>
		<SimpleData name="strmDrop">130.45</SimpleData>
		<SimpleData name="Slope">0.032098700655</SimpleData>
		<SimpleData name="StraightL">3449.5</SimpleData>
		<SimpleData name="USContArea">2076300.0</SimpleData>
		<SimpleData name="WSNO">7</SimpleData>
		<SimpleData name="DOUTEND">54563.2</SimpleData>
		<SimpleData name="DOUTSTART">58627.2</SimpleData>
		<SimpleData name="DOUTMID">56595.2</SimpleData>
	</SchemaData></ExtendedData>
      <LineString><coordinates>-111.53856070636,42.0449514819375,0 -111.5382005058,42.0452233682142,0 -111.538202786224,42.0454935541587,0 -111.53820506668,42.0457637400904,0 -111.538207347166,42.0460339260092,0 -111.538209627684,42.0463041119151,0 -111.538211908234,42.0465742978082,0 -111.537851697079,42.0468461829751,0 -111.537853976155,42.0471163688584,0 -111.537856255262,42.0473865547289,0 -111.5378585344,42.0476567405865,0 -111.53786081357,42.0479269264312,0 -111.537863092771,42.0481971122631,0 -111.537865372003,42.0484672980821,0 -111.538230153752,42.0487357844895,0 -111.538232434583,42.0490059702667,0 -111.538234715445,42.0492761560311,0 -111.5385995034,42.049544641191,0 -111.538601785861,42.0498148269137,0 -111.538966578456,42.0500833108549,0 -111.538968862515,42.0503534965358,0 -111.53933365975,42.0506219792582,0 -111.539335945407,42.0508921648974,0 -111.539338231096,42.0511623505236,0 -111.539703034538,42.0514308319984,0 -111.540067841053,42.0516993122831,0 -111.54043265064,42.051967791378,0 -111.540797463299,42.0522362692828,0 -111.540799755289,42.0525064547804,0 -111.541164572589,42.0527749314663,0 -111.541166866178,42.0530451169221,0 -111.541531688118,42.0533135923889,0 -111.541533983307,42.0535837778029,0 -111.541898809887,42.0538522520505,0 -111.54226363954,42.054120725108,0 -111.542628472265,42.0543891969753,0 -111.542630772189,42.0546593822894,0 -111.542633072145,42.0549295675907,0 -111.542997911079,42.0551980382098,0 -111.543000212634,42.0554682234692,0 -111.543002514221,42.0557384087157,0 -111.543004815839,42.0560085939493,0 -111.543007117488,42.0562787791701,0 -111.543009419169,42.0565489643781,0 -111.543011720882,42.0568191495731,0 -111.543014022626,42.0570893347553,0 -111.543016324402,42.0573595199247,0 -111.543018626209,42.0576297050811,0 -111.543020928048,42.0578998902247,0 -111.543023229919,42.0581700753554,0 -111.543025531821,42.0584402604733,0 -111.543027833754,42.0587104455783,0 -111.543030135719,42.0589806306704,0 -111.543394999681,42.0592490996927,0 -111.543397303246,42.059519284743,0 -111.543399606842,42.0597894697803,0 -111.543401910471,42.0600596548048,0 -111.543041646018,42.060331555938,0 -111.543043948172,42.0606017409529,0 -111.543046250358,42.060871925955,0 -111.542685979821,42.0611438259689,0 -111.542688280533,42.0614140109614,0 -111.542328005416,42.0616859098526,0 -111.542330304654,42.0619560948355,0 -111.542332603924,42.0622262798055,0 -111.542334903225,42.0624964647626,0 -111.542337202558,42.0627666497069,0 -111.542339501922,42.0630368346383,0 -111.542341801318,42.0633070195568,0 -111.542344100745,42.0635772044625,0 -111.54270898836,42.0638456753145,0 -111.542711289388,42.0641158601783,0 -111.542713590447,42.0643860450292,0 -111.542715891537,42.0646562298673,0 -111.542718192659,42.0649264146925,0 -111.54235789797,42.0651983136263,0 -111.541997600207,42.065470211434,0 -111.541999898349,42.0657403962529,0 -111.542002196522,42.0660105810589,0 -111.541641892673,42.066282477747,0 -111.541644189372,42.0665526625433,0 -111.542009091232,42.0668211353996,0 -111.542373996167,42.0670896070652,0 -111.542738904176,42.0673580775401,0 -111.543103815261,42.0676265468242,0 -111.543466424876,42.0676248302662,0 -111.54382672841,42.0673529279146,0 -111.544191644012,42.0676213937134,0 -111.544556562689,42.0678898583213,0 -111.544921484441,42.0681583217383,0 -111.545286409267,42.0684267839644,0 -111.545649023305,42.0684250604841,0 -111.546013952713,42.0686935203574,0 -111.546378885195,42.0689619790396,0 -111.546743820753,42.0692304365309,0 -111.546746139324,42.069500620959,0 -111.546385836297,42.0697725323728,0 -111.546388153394,42.0700427167914,0 -111.546390470524,42.0703129011972,0 -111.546030161409,42.0705848114918,0 -111.546032477064,42.0708549958881,0 -111.546397422102,42.0711234543373,0 -111.546399739358,42.0713936386916,0 -111.546402056646,42.0716638230331,0 -111.546404373966,42.0719340073616,0 -111.546769326787,42.0722024645324,0 -111.546771645708,42.0724726488189,0 -111.547136603174,42.0727411047693,0 -111.547138923697,42.0730112890138,0 -111.547503885809,42.0732797437438,0 -111.547868850996,42.0735481972825,0 -111.548233819259,42.0738166496299,0 -111.548598790599,42.074085100786,0 -111.548961436642,42.074083366652,0 -111.549326412563,42.0743518154544,0 -111.549328742504,42.0746219995238,0 -111.549693723071,42.0748904471056,0</coordinates></LineString>
  </Placemark>
  <Placemark id="logannet3.6">
	<Style><LineStyle><color>ff0000ff</color></LineStyle><PolyStyle><fill>0</fill></PolyStyle></Style>
	<ExtendedData><SchemaData schemaUrl="#logannet3">
		<SimpleData name="LINKNO">14</SimpleData>
		<SimpleData name="DSLINKNO">120</SimpleData>
		<SimpleData name="USLINKNO1">-1</SimpleData>
		<SimpleData name="USLINKNO2">-1</SimpleData>
		<SimpleData name="DSNODEID">-1</SimpleData>
		<SimpleData name="strmOrder">1</SimpleData>
		<SimpleData name="Length">5706.8</SimpleData>
		<SimpleData name="Magnitude">1</SimpleData>
		<SimpleData name="DSContArea">9938700.0</SimpleData>
		<SimpleData name="strmDrop">166.27</SimpleData>
		<SimpleData name="Slope">0.029136299819</SimpleData>
		<SimpleData name="StraightL">4819.6</SimpleData>
		<SimpleData name="USContArea">2167200.0</SimpleData>
		<SimpleData name="WSNO">14</SimpleData>
		<SimpleData name="DOUTEND">51472.9</SimpleData>
		<SimpleData name="DOUTSTART">57179.6</SimpleData>
		<SimpleData name="DOUTMID">54326.3</SimpleData>
	</SchemaData></ExtendedData>
      <LineString><coordinates>-111.529659224323,42.0206751519479,0 -111.529299121523,42.0209470108728,0 -111.528936776387,42.0209486811737,0 -111.528576668956,42.0212205378454,0 -111.528214322225,42.0212222058745,0 -111.527851975463,42.0212238727598,0 -111.527489628671,42.0212255385014,0 -111.527127281848,42.0212272030992,0 -111.526764934995,42.0212288665532,0 -111.526402588111,42.0212305288634,0 -111.526040241197,42.0212321900299,0 -111.525677894252,42.0212338500527,0 -111.525315547277,42.0212355089316,0 -111.524955422698,42.0215073543252,0 -111.524593074128,42.0215090109322,0 -111.524230725527,42.0215106663955,0 -111.523870594752,42.0217825084073,0 -111.523508244557,42.0217841615986,0 -111.523148109149,42.0220560013566,0 -111.522787970674,42.0223278399892,0 -111.522427829131,42.0225996774961,0 -111.52206768452,42.0228715138774,0 -111.521707536841,42.0231433491331,0 -111.521709745675,42.0234135368416,0 -111.521349593425,42.0236853709742,0 -111.521351800785,42.0239555586725,0 -111.520991643962,42.0242273916821,0 -111.520993849849,42.0244975793701,0 -111.520996055766,42.0247677670452,0 -111.521360630529,42.0250363093368,0 -111.521362838041,42.0253064969708,0 -111.521365045583,42.0255766845918,0 -111.521367253155,42.0258468722001,0 -111.521369460757,42.0261170597954,0 -111.52137166839,42.0263872473779,0 -111.521373876053,42.0266574349476,0 -111.521376083746,42.0269276225044,0 -111.521378291469,42.0271978100483,0 -111.521742881816,42.0274663509252,0 -111.521745091134,42.0277365384279,0 -111.522109686114,42.0280050780884,0 -111.522111897027,42.0282752655499,0 -111.522114107971,42.0285454529985,0 -111.522116318945,42.0288156404343,0 -111.522118529949,42.0290858278572,0 -111.522120740983,42.0293560152672,0 -111.522122952047,42.0296262026644,0 -111.522125163142,42.0298963900487,0 -111.52176497636,42.0301682253736,0 -111.521767185981,42.0304384127477,0 -111.521769395632,42.030708600109,0 -111.521771605314,42.0309787874574,0 -111.521773815025,42.031248974793,0 -111.521776024767,42.0315191621157,0 -111.52177823454,42.0317893494255,0 -111.522142852992,42.0320578886603,0 -111.522145064359,42.0323280759289,0 -111.522509687446,42.0325966139473,0 -111.522511900409,42.0328668011746,0 -111.522514113402,42.0331369883891,0 -111.522516326426,42.0334071755907,0 -111.522880957277,42.0336757123357,0 -111.522883171896,42.033945899496,0 -111.522885386545,42.0342160866435,0 -111.522887601225,42.0344862737782,0 -111.522889815935,42.0347564609,0 -111.522892030675,42.0350266480089,0 -111.522894245446,42.0352968351049,0 -111.522896460247,42.0355670221881,0 -111.522898675078,42.0358372092585,0 -111.52290088994,42.036107396316,0 -111.522903104832,42.0363775833606,0 -111.522905319755,42.0366477703924,0 -111.522907534708,42.0369179574113,0 -111.522547311939,42.0371897950632,0 -111.522549525417,42.037459982072,0 -111.522551738926,42.0377301690679,0 -111.522553952465,42.0380003560509,0 -111.522556166034,42.038270543021,0 -111.522558379634,42.0385407299783,0 -111.522560593264,42.0388109169228,0 -111.522562806925,42.0390811038544,0 -111.522565020615,42.0393512907731,0 -111.522929685905,42.0396198268931,0 -111.522931901191,42.0398900137706,0 -111.522571661869,42.0401618514521,0 -111.522573875681,42.0404320383194,0 -111.522213631784,42.0407038748773,0 -111.522215844121,42.0409740617344,0 -111.522218056489,42.0412442485787,0 -111.522220268887,42.0415144354101,0 -111.522222481315,42.0417846222286,0 -111.522224693774,42.0420548090343,0 -111.522226906263,42.0423249958271,0 -111.522229118782,42.042595182607,0 -111.522593801355,42.0428637195463,0 -111.52259601547,42.043133906285,0 -111.522960702681,42.0434024420073,0 -111.523325392962,42.043670976541,0 -111.523327610239,42.04394116321,0 -111.523692305158,42.0442096965267,0 -111.523694524032,42.0444798831544,0 -111.523696742936,42.0447500697692,0 -111.523698961871,42.0450202563712,0 -111.523701180836,42.0452904429604,0 -111.523703399832,42.0455606295366,0 -111.523705618858,42.0458308161,0 -111.523707837915,42.0461010026506,0 -111.523710057001,42.0463711891883,0 -111.523349784687,42.0466430291928,0 -111.523352002299,42.0469132157204,0 -111.523354219941,42.0471834022351,0 -111.523356437614,42.0474535887369,0 -111.523358655317,42.0477237752259,0 -111.52336087305,42.047993961702,0 -111.523363090814,42.0482641481652,0 -111.523727810791,42.0485326810269,0 -111.523730030152,42.0488028674489,0 -111.524094754768,42.0490713990932,0 -111.523734468964,42.0493432402542,0 -111.523374180089,42.0496150802886,0 -111.523376398035,42.0498852666747,0 -111.523378616012,42.0501554530479,0 -111.523380834019,42.0504256394083,0 -111.523020537554,42.0506974783242,0 -111.523022754086,42.0509676646744,0 -111.523024970648,42.0512378510117,0 -111.522664668099,42.0515096888063,0 -111.522666883186,42.0517798751335,0 -111.522669098303,42.0520500614479,0 -111.52230878967,42.0523218981211,0 -111.522311003311,42.0525920844252,0 -111.5219506901,42.0528639199743,0 -111.521952902266,42.0531341062683,0 -111.521955114462,42.0534042925494,0 -111.521957326688,42.0536744788177,0 -111.521597005886,42.0539463132479,0 -111.521599216637,42.054216499506,0 -111.521238891256,42.054488332812,0 -111.520878562803,42.0547601649911,0 -111.520880770571,42.0550303512416,0 -111.52088297837,42.0553005374792,0 -111.520885186199,42.055570723704,0 -111.521249937932,42.0558392639227,0 -111.521252147359,42.0561094501062,0 -111.521616903732,42.0563779891075,0 -111.521619114755,42.0566481752498,0 -111.521621325809,42.0569183613793,0 -111.521623536893,42.0571885474959,0 -111.521625748007,42.0574587335996,0 -111.521627959151,42.0577289196905,0 -111.521630170326,42.0579991057685,0 -111.521632381531,42.0582692918337,0 -111.521272033556,42.0585411251795,0 -111.520911682507,42.0588129573982,0 -111.52091389073,42.0590831434558,0 -111.520916098982,42.0593533295006,0 -111.520918307265,42.0596235155325,0 -111.520920515578,42.0598937015515,0 -111.520922723922,42.0601638875576,0 -111.520924932296,42.060434073551,0 -111.520927140699,42.0607042595314,0 -111.520929349134,42.060974445499,0 -111.520931557598,42.0612446314537,0 -111.520933766093,42.0615148173956,0 -111.520935974618,42.0617850033246,0 -111.520938183173,42.0620551892407,0 -111.521302972516,42.0623237287787,0 -111.521305182669,42.0625939146536,0 -111.521307392852,42.0628641005157,0 -111.521672188404,42.0631326388076,0 -111.521674400185,42.0634028246284,0 -111.521676611996,42.0636730104364,0</coordinates></LineString>
  </Placemark>
  <Placemark id="logannet3.7">
	<Style><LineStyle><color>ff0000ff</color></LineStyle><PolyStyle><fill>0</fill></PolyStyle></Style>
	<ExtendedData><SchemaData schemaUrl="#logannet3">
		<SimpleData name="LINKNO">21</SimpleData>
		<SimpleData name="DSLINKNO">99</SimpleData>
		<SimpleData name="USLINKNO1">-1</SimpleData>
		<SimpleData name="USLINKNO2">-1</SimpleData>
		<SimpleData name="DSNODEID">-1</SimpleData>
		<SimpleData name="strmOrder">1</SimpleData>
		<SimpleData name="Length">899.1</SimpleData>
		<SimpleData name="Magnitude">1</SimpleData>
		<SimpleData name="DSContArea">1865700.0</SimpleData>
		<SimpleData name="strmDrop">38.88</SimpleData>
		<SimpleData name="Slope">0.043246373948</SimpleData>
		<SimpleData name="StraightL">798.8</SimpleData>
		<SimpleData name="USContArea">1535400.0</SimpleData>
		<SimpleData name="WSNO">21</SimpleData>
		<SimpleData name="DOUTEND">54563.2</SimpleData>
		<SimpleData name="DOUTSTART">55462.3</SimpleData>
		<SimpleData name="DOUTMID">55012.8</SimpleData>
	</SchemaData></ExtendedData>
      <LineString><coordinates>-111.53856070636,42.0449514819375,0 -111.538562988289,42.0452216678788,0 -111.538925470747,42.0452199663987,0 -111.539290238205,42.0454884496703,0 -111.539655008734,42.0457569317523,0 -111.540019782335,42.0460254126445,0 -111.540382269275,42.0460237065373,0 -111.540744756183,42.0460219992854,0 -111.54110724306,42.0460202908887,0 -111.541469729905,42.0460185813473,0 -111.54183221672,42.0460168706611,0 -111.542197000914,42.0462853445594,0 -111.5425594892,42.0462836315676,0 -111.542921977456,42.0462819174311,0 -111.54328676773,42.0465503878176,0 -111.543651561076,42.0468188570143,0 -111.544016357493,42.0470873250209,0 -111.544018662709,42.0473575106178,0 -111.544383463766,42.0476259774053,0 -111.544385770581,42.0478961629603,0 -111.544750576277,42.0481646285287,0 -111.545115385045,42.048433092907,0 -111.545477885366,42.0484313706274,0 -111.545842698709,42.0486998326545,0 -111.546207515125,42.0489682934914,0 -111.546570018423,42.0489665677448,0</coordinates></LineString>
  </Placemark>
  <Placemark id="logannet3.8">
	<Style><LineStyle><color>ff0000ff</color></LineStyle><PolyStyle><fill>0</fill></PolyStyle></Style>
	<ExtendedData><SchemaData schemaUrl="#logannet3">
		<SimpleData name="LINKNO">85</SimpleData>
		<SimpleData name="DSLINKNO">92</SimpleData>
		<SimpleData name="USLINKNO1">78</SimpleData>
		<SimpleData name="USLINKNO2">36</SimpleData>
		<SimpleData name="DSNODEID">-1</SimpleData>
		<SimpleData name="strmOrder">2</SimpleData>
		<SimpleData name="Length">1079.1</SimpleData>
		<SimpleData name="Magnitude">4</SimpleData>
		<SimpleData name="DSContArea">25757100.0</SimpleData>
		<SimpleData name="strmDrop">32.61</SimpleData>
		<SimpleData name="Slope">0.030217670549</SimpleData>
		<SimpleData name="StraightL">947.3</SimpleData>
		<SimpleData name="USContArea">24648300.0</SimpleData>
		<SimpleData name="WSNO">85</SimpleData>
		<SimpleData name="DOUTEND">48281.9</SimpleData>
		<SimpleData name="DOUTSTART">49361.0</SimpleData>
		<SimpleData name="DOUTMID">48821.5</SimpleData>
	</SchemaData></ExtendedData>
      <LineString><coordinates>-111.596887827796,42.002512179124,0 -111.596890353095,42.002782364339,0 -111.596892878429,42.0030525495411,0 -111.596895403798,42.0033227347303,0 -111.596897929201,42.0035929199067,0 -111.596900454639,42.0038631050702,0 -111.596902980111,42.0041332902207,0 -111.596543258574,42.0044053584714,0 -111.596545782583,42.004675543614,0 -111.596548306627,42.0049457287436,0 -111.596550830705,42.0052159138604,0 -111.596553354818,42.0054860989643,0 -111.596555878965,42.0057562840553,0 -111.596196146873,42.0060283512097,0 -111.596198669557,42.0062985362927,0 -111.595838932902,42.0065706023314,0 -111.595841454122,42.0068407874063,0 -111.596206237817,42.0071090914643,0 -111.596571024576,42.0073773943307,0 -111.596935814401,42.0076456960057,0 -111.597300607291,42.007913996489,0 -111.597665403247,42.0081822957808,0 -111.597667932339,42.0084524806897,0 -111.597670461465,42.0087226655857,0 -111.597672990626,42.0089928504688,0 -111.598037794349,42.009261148477,0 -111.598040325112,42.0095313333166,0 -111.598405133469,42.0097996301024,0 -111.598407665834,42.0100698148984,0 -111.598410198234,42.0103399996815,0 -111.598775012792,42.0106082952142,0 -111.599139830415,42.0108765895551,0</coordinates></LineString>
  </Placemark>
  <Placemark id="logannet3.9">
	<Style><LineStyle><color>ff0000ff</color></LineStyle><PolyStyle><fill>0</fill></PolyStyle></Style>
	<ExtendedData><SchemaData schemaUrl="#logannet3">
		<SimpleData name="LINKNO">78</SimpleData>
		<SimpleData name="DSLINKNO">85</SimpleData>
		<SimpleData name="USLINKNO1">71</SimpleData>
		<SimpleData name="USLINKNO2">29</SimpleData>
		<SimpleData name="DSNODEID">-1</SimpleData>
		<SimpleData name="strmOrder">2</SimpleData>
		<SimpleData name="Length">289.7</SimpleData>
		<SimpleData name="Magnitude">3</SimpleData>
		<SimpleData name="DSContArea">22000500.0</SimpleData>
		<SimpleData name="strmDrop">5.24</SimpleData>
		<SimpleData name="Slope">0.018097404484</SimpleData>
		<SimpleData name="StraightL">268.3</SimpleData>
		<SimpleData name="USContArea">21572100.0</SimpleData>
		<SimpleData name="WSNO">78</SimpleData>
		<SimpleData name="DOUTEND">49361.0</SimpleData>
		<SimpleData name="DOUTSTART">49650.7</SimpleData>
		<SimpleData name="DOUTMID">49505.9</SimpleData>
	</SchemaData></ExtendedData>
      <LineString><coordinates>-111.599139830415,42.0108765895551,0 -111.599142365985,42.011146774264,0 -111.599507188242,42.0114150673824,0 -111.599872013566,42.0116833593089,0 -111.599874552306,42.0119535439435,0 -111.600239382263,42.0122218346474,0 -111.600604215286,42.0124901241593,0 -111.600606757197,42.0127603087195,0 -111.600609299142,42.0130304932668,0</coordinates></LineString>
  </Placemark>
  <Placemark id="logannet3.10">
	<Style><LineStyle><color>ff0000ff</color></LineStyle><PolyStyle><fill>0</fill></PolyStyle></Style>
	<ExtendedData><SchemaData schemaUrl="#logannet3">
		<SimpleData name="LINKNO">71</SimpleData>
		<SimpleData name="DSLINKNO">78</SimpleData>
		<SimpleData name="USLINKNO1">1</SimpleData>
		<SimpleData name="USLINKNO2">15</SimpleData>
		<SimpleData name="DSNODEID">-1</SimpleData>
		<SimpleData name="strmOrder">2</SimpleData>
		<SimpleData name="Length">1243.7</SimpleData>
		<SimpleData name="Magnitude">2</SimpleData>
		<SimpleData name="DSContArea">11488500.0</SimpleData>
		<SimpleData name="strmDrop">57.21</SimpleData>
		<SimpleData name="Slope">0.045996794369</SimpleData>
		<SimpleData name="StraightL">1087.5</SimpleData>
		<SimpleData name="USContArea">9727200.0</SimpleData>
		<SimpleData name="WSNO">71</SimpleData>
		<SimpleData name="DOUTEND">49650.7</SimpleData>
		<SimpleData name="DOUTSTART">50894.4</SimpleData>
		<SimpleData name="DOUTMID">50272.5</SimpleData>
	</SchemaData></ExtendedData>
      <LineString><coordinates>-111.600609299142,42.0130304932668,0 -111.600249543843,42.0133025729338,0 -111.600252084325,42.0135727574732,0 -111.59989232446,42.0138448360245,0 -111.59953256153,42.0141169134551,0 -111.59953509905,42.0143870979915,0 -111.599537636604,42.014657282515,0 -111.599540174194,42.0149274670256,0 -111.599542711818,42.0151976515234,0 -111.599907559092,42.0154659430198,0 -111.599910098319,42.015736127474,0 -111.599550324899,42.0160082049392,0 -111.599188012183,42.0160100968197,0 -111.598828234128,42.0162821720385,0 -111.598468453006,42.0165542461365,0 -111.598470986239,42.0168244306103,0 -111.598473519506,42.0170946150713,0 -111.59811373232,42.0173666880583,0 -111.597753942068,42.0176387599243,0 -111.597394148748,42.0179108306695,0 -111.597034352361,42.0181829002937,0 -111.596674552907,42.018454968797,0 -111.596314750387,42.0187270361792,0 -111.595954944798,42.0189991024403,0 -111.595957467608,42.0192692869225,0 -111.595959990453,42.0195394713917,0 -111.595600178799,42.0198115365415,0 -111.595602700179,42.0200817210027,0 -111.595242883959,42.0203537850361,0 -111.594883064672,42.0206258479484,0 -111.594885583088,42.0208960324063,0 -111.595250443808,42.0211643383569,0 -111.595252963827,42.0214345227714,0 -111.59525548388,42.021704707173,0 -111.595258003968,42.0219748915617,0</coordinates></LineString>
  </Placemark>
  <Placemark id="logannet3.11">
	<Style><LineStyle><color>ff0000ff</color></LineStyle><PolyStyle><fill>0</fill></PolyStyle></Style>
	<ExtendedData><SchemaData schemaUrl="#logannet3">
		<SimpleData name="LINKNO">50</SimpleData>
		<SimpleData name="DSLINKNO">92</SimpleData>
		<SimpleData name="USLINKNO1">-1</SimpleData>
		<SimpleData name="USLINKNO2">-1</SimpleData>
		<SimpleData name="DSNODEID">-1</SimpleData>
		<SimpleData name="strmOrder">1</SimpleData>
		<SimpleData name="Length">4831.6</SimpleData>
		<SimpleData name="Magnitude">1</SimpleData>
		<SimpleData name="DSContArea">7936200.0</SimpleData>
		<SimpleData name="strmDrop">292.71</SimpleData>
		<SimpleData name="Slope">0.060581768389</SimpleData>
		<SimpleData name="StraightL">4043.0</SimpleData>
		<SimpleData name="USContArea">1723500.0</SimpleData>
		<SimpleData name="WSNO">50</SimpleData>
		<SimpleData name="DOUTEND">48281.9</SimpleData>
		<SimpleData name="DOUTSTART">53113.5</SimpleData>
		<SimpleData name="DOUTMID">50697.7</SimpleData>
	</SchemaData></ExtendedData>
      <LineString><coordinates>-111.596887827796,42.002512179124,0 -111.597252590911,42.0027804801894,0 -111.597614828691,42.0027785948969,0 -111.597977066438,42.0027767084614,0 -111.598341835612,42.0030450060139,0 -111.598706607852,42.003313302375,0 -111.599071383156,42.0035815975446,0 -111.599436161526,42.0038498915227,0 -111.599798405228,42.003847999301,0 -111.600160648895,42.0038461059362,0 -111.600522892528,42.0038442114284,0 -111.600887678455,42.0041125007323,0 -111.60124992355,42.0041106039206,0 -111.601612168611,42.0041087059658,0 -111.601974413636,42.004106806868,0 -111.602336658627,42.0041049066271,0 -111.602701453609,42.0043731900957,0 -111.603066251656,42.0046414723724,0 -111.603428499607,42.0046395686666,0 -111.603793302216,42.0049078485906,0 -111.60415555163,42.0049059425807,0 -111.604517801008,42.0049040354278,0 -111.604880050352,42.0049021271317,0 -111.60524229966,42.0049002176927,0 -111.605604548933,42.0048983071105,0 -111.605966798171,42.0048963953853,0 -111.606329047374,42.004894482517,0 -111.606691296542,42.0048925685057,0 -111.607050977189,42.0046204687404,0 -111.607413224754,42.004618552461,0 -111.607775472284,42.0046166350385,0 -111.608137719779,42.004614716473,0 -111.608499967238,42.0046127967644,0 -111.608862214662,42.0046108759128,0 -111.609224462051,42.0046089539181,0 -111.609586709405,42.0046070307803,0 -111.609948956723,42.0046051064995,0 -111.610311204006,42.0046031810757,0 -111.610673451253,42.0046012545088,0 -111.611035698465,42.0045993267989,0 -111.611397945642,42.0045973979459,0 -111.611760192783,42.0045954679498,0 -111.612122439889,42.0045935368107,0 -111.612484686959,42.0045916045286,0 -111.612846933994,42.0045896711034,0 -111.613206586491,42.0043175522198,0 -111.613568831923,42.0043156165267,0 -111.613931077318,42.0043136796906,0 -111.614290723615,42.0040415574379,0 -111.614652967407,42.004039618334,0 -111.61501260907,42.0037674938372,0 -111.615374851259,42.0037655524655,0 -111.615737093412,42.0037636099508,0 -111.616099335529,42.0037616662931,0 -111.616458969423,42.0034895373028,0 -111.616821209937,42.0034875913774,0 -111.617183450414,42.0034856443091,0 -111.617545690856,42.0034836960976,0 -111.617907931262,42.0034817467433,0 -111.618270171632,42.0034797962459,0 -111.618635029348,42.0037480286849,0 -111.618997271179,42.0037460758831,0 -111.619359512974,42.0037441219383,0 -111.619721754733,42.0037421668505,0 -111.620083996456,42.0037402106197,0 -111.620446238143,42.0037382532458,0 -111.620808479795,42.003736294729,0 -111.62117072141,42.0037343350691,0 -111.621532962989,42.0037323742663,0 -111.621895204532,42.0037304123204,0 -111.62225744604,42.0037284492315,0 -111.622619687511,42.0037264849996,0 -111.622981928946,42.0037245196247,0 -111.623341533043,42.0034523692674,0 -111.623703772874,42.003450401625,0 -111.624066012668,42.0034484328396,0 -111.624425610564,42.0031762791145,0 -111.624787848753,42.0031743080617,0 -111.625150086907,42.0031723358659,0 -111.625509678601,42.0029001787733,0 -111.62586926723,42.002628020562,0 -111.626228852794,42.002355861232,0 -111.626591086206,42.0023538845201,0 -111.626950667137,42.0020817229472,0 -111.627312898944,42.0020797439681,0 -111.627675130714,42.002077763846,0 -111.628037362448,42.002075782581,0 -111.628399594146,42.0020738001731,0 -111.628761825807,42.0020718166222,0 -111.629124057432,42.0020698319284,0 -111.629483625887,42.0017976624914,0 -111.629845855906,42.0017956755304,0 -111.630205419728,42.0015235038508,0 -111.630567648143,42.0015215146227,0 -111.630927207332,42.0012493407006,0 -111.631286763456,42.0009771656601,0 -111.631648988697,42.0009751730408,0 -111.632008540188,42.000702995758,0 -111.632005866513,42.0004328122245,0 -111.632003192874,42.000162628678,0 -111.632000519272,41.9998924451186,0 -111.632360063213,41.9996202667353,0 -111.632722280683,41.9996182707813,0 -111.63271960409,41.9993480872338,0 -111.632716927533,41.9990779036733,0 -111.633076463851,41.9988057230596,0 -111.633073785836,41.9985355394922,0 -111.633071107858,41.9982653559118,0 -111.633068429916,41.9979951723186,0 -111.633427958684,41.9977229906045,0 -111.633425279284,41.9974528070043,0 -111.633784803493,41.9971806241782,0 -111.633782122634,41.996910440571,0 -111.634141642284,41.9966382566329,0 -111.634501158871,41.9963660715769,0 -111.634860672393,41.996093885403,0 -111.635220182853,41.9958216981112,0 -111.635579690249,41.9955495097016,0 -111.635939194581,41.9952773201742,0 -111.636301387173,41.9952753130945,0 -111.636660886874,41.9950031213256,0 -111.637020383511,41.994730928439,0 -111.637379877085,41.9944587344347,0 -111.637739367595,41.9941865393128,0 -111.638098855043,41.9939143430732,0 -111.638458339427,41.9936421457161,0 -111.638455639135,41.993371962187,0 -111.638815118961,41.9930997637184,0 -111.638812417212,41.9928295801825,0 -111.639171892481,41.9925573806025,0 -111.639169189274,41.9922871970597,0 -111.639528659986,41.9920149963684,0 -111.639888127634,41.9917427945596,0 -111.64025029991,41.9917407751579,0 -111.640612472148,41.9917387546137,0 -111.64097464435,41.9917367329269,0 -111.641336816514,41.9917347100977,0 -111.641698988641,41.9917326861259,0 -111.642061160731,41.9917306610116,0 -111.642423332783,41.9917286347548,0 -111.642785504799,41.9917266073555,0 -111.643147676777,41.9917245788137,0 -111.643509848718,41.9917225491293,0</coordinates></LineString>
  </Placemark>
  <Placemark id="logannet3.12">
	<Style><LineStyle><color>ff0000ff</color></LineStyle><PolyStyle><fill>0</fill></PolyStyle></Style>
	<ExtendedData><SchemaData schemaUrl="#logannet3">
		<SimpleData name="LINKNO">36</SimpleData>
		<SimpleData name="DSLINKNO">85</SimpleData>
		<SimpleData name="USLINKNO1">-1</SimpleData>
		<SimpleData name="USLINKNO2">-1</SimpleData>
		<SimpleData name="DSNODEID">-1</SimpleData>
		<SimpleData name="strmOrder">1</SimpleData>
		<SimpleData name="Length">1352.1</SimpleData>
		<SimpleData name="Magnitude">1</SimpleData>
		<SimpleData name="DSContArea">2635200.0</SimpleData>
		<SimpleData name="strmDrop">71.46</SimpleData>
		<SimpleData name="Slope">0.052848394977</SimpleData>
		<SimpleData name="StraightL">1298.7</SimpleData>
		<SimpleData name="USContArea">1718100.0</SimpleData>
		<SimpleData name="WSNO">36</SimpleData>
		<SimpleData name="DOUTEND">49361.0</SimpleData>
		<SimpleData name="DOUTSTART">50713.1</SimpleData>
		<SimpleData name="DOUTMID">50037.1</SimpleData>
	</SchemaData></ExtendedData>
      <LineString><coordinates>-111.599139830415,42.0108765895551,0 -111.599504651105,42.0111448827042,0 -111.59986693619,42.0111429900012,0 -111.60022922124,42.0111410961548,0 -111.600591506255,42.0111392011651,0 -111.600953791236,42.011137305032,0 -111.601316076181,42.0111354077557,0 -111.601678361092,42.011133509336,0 -111.602040645968,42.011131609773,0 -111.602402930809,42.0111297090667,0 -111.602765215615,42.0111278072171,0 -111.603127500386,42.0111259042242,0 -111.603489785122,42.0111240000879,0 -111.603852069824,42.0111220948084,0 -111.60421435449,42.0111201883855,0 -111.604576639121,42.0111182808193,0 -111.604941483849,42.0113865565194,0 -111.605303769943,42.0113846466486,0 -111.605666056002,42.0113827356344,0 -111.606030906792,42.0116510078197,0 -111.606393194314,42.0116490945009,0 -111.606755481801,42.0116471800387,0 -111.607120338653,42.0119154487089,0 -111.607482627602,42.0119135319421,0 -111.607844916516,42.0119116140319,0 -111.608207205394,42.0119096949783,0 -111.608569494238,42.0119077747814,0 -111.608931783046,42.0119058534412,0 -111.609294071819,42.0119039309576,0 -111.609656360556,42.0119020073306,0 -111.610018649259,42.0119000825604,0 -111.610380937925,42.0118981566468,0 -111.610743226557,42.0118962295898,0 -111.611105515153,42.0118943013895,0 -111.611467803713,42.0118923720459,0 -111.611830092239,42.0118904415589,0 -111.612192380728,42.0118885099286,0 -111.612554669182,42.0118865771549,0 -111.612916957601,42.0118846432379,0 -111.613279245984,42.0118827081776,0 -111.613641534332,42.0118807719739,0 -111.614006421207,42.0121490185448,0 -111.614368711017,42.0121470800362,0 -111.61473100079,42.0121451403842,0</coordinates></LineString>
  </Placemark>
  <Placemark id="logannet3.13">
	<Style><LineStyle><color>ff0000ff</color></LineStyle><PolyStyle><fill>0</fill></PolyStyle></Style>
	<ExtendedData><SchemaData schemaUrl="#logannet3">
		<SimpleData name="LINKNO">29</SimpleData>
		<SimpleData name="DSLINKNO">78</SimpleData>
		<SimpleData name="USLINKNO1">-1</SimpleData>
		<SimpleData name="USLINKNO2">-1</SimpleData>
		<SimpleData name="DSNODEID">-1</SimpleData>
		<SimpleData name="strmOrder">1</SimpleData>
		<SimpleData name="Length">4113.7</SimpleData>
		<SimpleData name="Magnitude">1</SimpleData>
		<SimpleData name="DSContArea">10074600.0</SimpleData>
		<SimpleData name="strmDrop">111.64</SimpleData>
		<SimpleData name="Slope">0.027137182919</SimpleData>
		<SimpleData name="StraightL">3265.6</SimpleData>
		<SimpleData name="USContArea">2726100.0</SimpleData>
		<SimpleData name="WSNO">29</SimpleData>
		<SimpleData name="DOUTEND">49650.7</SimpleData>
		<SimpleData name="DOUTSTART">53764.4</SimpleData>
		<SimpleData name="DOUTMID">51707.6</SimpleData>
	</SchemaData></ExtendedData>
      <LineString><coordinates>-111.600609299142,42.0130304932668,0 -111.600611841122,42.0133006778013,0 -111.600614383137,42.0135708623228,0 -111.600616925187,42.0138410468314,0 -111.600619467272,42.0141112313272,0 -111.600984312769,42.0143795194627,0 -111.600986856457,42.0146497039148,0 -111.601351706589,42.0149179908275,0 -111.601716559787,42.015186276548,0 -111.602081416052,42.0154545610764,0 -111.602446275384,42.0157228444126,0 -111.602448825379,42.0159930287287,0 -111.602813689346,42.0162613108419,0 -111.603178556379,42.0165295917628,0 -111.603543426479,42.0167978714915,0 -111.603905743377,42.016795965835,0 -111.604270618043,42.0170642432098,0 -111.604632936404,42.0170623352483,0 -111.604995254731,42.0170604261432,0 -111.60536013546,42.0173287000025,0 -111.605725019255,42.0175969726695,0 -111.606089906118,42.0178652441439,0 -111.606092471728,42.0181354281772,0 -111.606457363226,42.0184036984282,0 -111.60645993044,42.0186738824178,0 -111.606824826574,42.0189421514452,0 -111.607187155424,42.0189402353525,0 -111.607552056124,42.0192085020257,0 -111.607914386437,42.0192065836277,0 -111.608279291703,42.0194748479465,0 -111.608641623479,42.0194729272431,0 -111.60900653331,42.0197411892075,0 -111.609368866549,42.0197392661987,0 -111.609731199753,42.0197373420462,0 -111.610093532922,42.0197354167501,0 -111.610455866055,42.0197334903103,0 -111.610818199153,42.0197315627269,0 -111.611177944924,42.0194594502972,0 -111.611540276418,42.0194575204446,0 -111.611905198234,42.0197257731147,0 -111.61226753119,42.0197238409566,0 -111.612632457572,42.0199920912719,0 -111.612997387022,42.0202603403941,0 -111.613359722939,42.0202584047686,0 -111.61372205882,42.0202564679995,0 -111.614084394665,42.0202545300867,0 -111.614449331676,42.0205227745301,0 -111.614814271755,42.0207910177805,0 -111.6151792149,42.0210592598376,0 -111.615544161114,42.0213275007017,0 -111.615909110394,42.0215957403724,0 -111.616274062742,42.02186397885,0 -111.616636407541,42.0218620328215,0 -111.616998752303,42.0218600856492,0 -111.617363710715,42.0221283206093,0 -111.61772605694,42.0221263711313,0 -111.618088403129,42.0221244205095,0 -111.618450749282,42.0221224687439,0 -111.618813095399,42.0221205158346,0 -111.61917544148,42.0221185617816,0 -111.619540410449,42.0223867897376,0 -111.619902757992,42.0223848333787,0 -111.620262479508,42.02211269276,0 -111.620624825446,42.022110734132,0 -111.620987171347,42.0221087743602,0 -111.621349517213,42.0221068134447,0 -111.621711863042,42.0221048513855,0 -111.622074208835,42.0221028881825,0 -111.622433919434,42.0218307408178,0 -111.622798900314,42.0220989583453,0 -111.623161245999,42.0220969917111,0 -111.623523591648,42.0220950239332,0 -111.623885937261,42.0220930550115,0 -111.624248282837,42.0220910849461,0 -111.624610628378,42.0220891137369,0 -111.624975619813,42.0223573242593,0 -111.625337966814,42.0223553507441,0 -111.62570031378,42.0223533760851,0 -111.626062660709,42.0223514002824,0 -111.626425007602,42.0223494233359,0 -111.626787354458,42.0223474452457,0 -111.627149701278,42.0223454660117,0 -111.627512048062,42.022343485634,0 -111.627877053047,42.0226116868259,0 -111.628239401292,42.022609704142,0 -111.628604410842,42.0228779029775,0 -111.628966760548,42.0228759179874,0 -111.629329110217,42.0228739318536,0 -111.62969145985,42.0228719445759,0 -111.630053809446,42.0228699561545,0 -111.630413489995,42.0225977840199,0 -111.630775837984,42.0225957933297,0 -111.631138185937,42.0225938014958,0 -111.631500533853,42.0225918085181,0 -111.631862881732,42.0225898143967,0 -111.632225229575,42.0225878191315,0 -111.632584899203,42.0223156402528,0 -111.632947245439,42.0223136427189,0 -111.633306910429,42.0220414615963,0 -111.633669255058,42.0220394617938,0 -111.63402891541,42.0217672784273,0 -111.634388572695,42.0214950939419,0 -111.634748226912,42.0212229083376,0 -111.635107878062,42.0209507216145,0 -111.635467526144,42.0206785337725,0 -111.635829862883,42.0206765272021,0 -111.636192199585,42.020674519488,0 -111.636551841459,42.0204023282778,0 -111.636549146705,42.0201321459124,0 -111.636908784015,42.0198599535894,0 -111.637268418257,42.0195877601478,0 -111.637628049433,42.0193155655876,0 -111.637987677541,42.0190433699087,0 -111.638347302583,42.0187711731113,0 -111.638709628291,42.0187691575244,0 -111.639069248694,42.0184969584838,0 -111.639428866031,42.0182247583248,0</coordinates></LineString>
  </Placemark>
  <Placemark id="logannet3.14">
	<Style><LineStyle><color>ff0000ff</color></LineStyle><PolyStyle><fill>0</fill></PolyStyle></Style>
	<ExtendedData><SchemaData schemaUrl="#logannet3">
		<SimpleData name="LINKNO">22</SimpleData>
		<SimpleData name="DSLINKNO">113</SimpleData>
		<SimpleData name="USLINKNO1">-1</SimpleData>
		<SimpleData name="USLINKNO2">-1</SimpleData>
		<SimpleData name="DSNODEID">-1</SimpleData>
		<SimpleData name="strmOrder">1</SimpleData>
		<SimpleData name="Length">687.0</SimpleData>
		<SimpleData name="Magnitude">1</SimpleData>
		<SimpleData name="DSContArea">1997100.0</SimpleData>
		<SimpleData name="strmDrop">37.62</SimpleData>
		<SimpleData name="Slope">0.054755162215</SimpleData>
		<SimpleData name="StraightL">635.7</SimpleData>
		<SimpleData name="USContArea">1426500.0</SimpleData>
		<SimpleData name="WSNO">22</SimpleData>
		<SimpleData name="DOUTEND">51592.9</SimpleData>
		<SimpleData name="DOUTSTART">52279.9</SimpleData>
		<SimpleData name="DOUTMID">51936.4</SimpleData>
	</SchemaData></ExtendedData>
      <LineString><coordinates>-111.529668193728,42.0217559017918,0 -111.530030543404,42.0217542291562,0 -111.530392893049,42.0217525553768,0 -111.530755242664,42.0217508804536,0 -111.531119840811,42.0220193917523,0 -111.531482191897,42.0220177145257,0 -111.531844542953,42.0220160361554,0 -111.532209147174,42.0222845439466,0 -111.532571499702,42.0222828632729,0 -111.532933852199,42.0222811814553,0 -111.533298462494,42.0225496857389,0 -111.533660816464,42.0225480016179,0 -111.534023170402,42.022546316353,0 -111.534385524309,42.0225446299443,0 -111.534747878185,42.0225429423918,0 -111.53511023203,42.0225412536955,0 -111.535474852908,42.0228097509922,0 -111.535837208225,42.0228080599923,0 -111.536201833674,42.0230765549408,0 -111.53656646219,42.0233450487006,0 -111.536931093774,42.0236135412719,0</coordinates></LineString>
  </Placemark>
  <Placemark id="logannet3.15">
	<Style><LineStyle><color>ff0000ff</color></LineStyle><PolyStyle><fill>0</fill></PolyStyle></Style>
	<ExtendedData><SchemaData schemaUrl="#logannet3">
		<SimpleData name="LINKNO">15</SimpleData>
		<SimpleData name="DSLINKNO">71</SimpleData>
		<SimpleData name="USLINKNO1">-1</SimpleData>
		<SimpleData name="USLINKNO2">-1</SimpleData>
		<SimpleData name="DSNODEID">-1</SimpleData>
		<SimpleData name="strmOrder">1</SimpleData>
		<SimpleData name="Length">931.2</SimpleData>
		<SimpleData name="Magnitude">1</SimpleData>
		<SimpleData name="DSContArea">3114000.0</SimpleData>
		<SimpleData name="strmDrop">87.92</SimpleData>
		<SimpleData name="Slope">0.094416007472</SimpleData>
		<SimpleData name="StraightL">882.3</SimpleData>
		<SimpleData name="USContArea">2403900.0</SimpleData>
		<SimpleData name="WSNO">15</SimpleData>
		<SimpleData name="DOUTEND">50894.4</SimpleData>
		<SimpleData name="DOUTSTART">51825.6</SimpleData>
		<SimpleData name="DOUTMID">51360.0</SimpleData>
	</SchemaData></ExtendedData>
      <LineString><coordinates>-111.595258003968,42.0219748915617,0 -111.594898175685,42.0222469545028,0 -111.594538344335,42.0225190163226,0 -111.594178509917,42.0227910770211,0 -111.593818672431,42.0230631365983,0 -111.593458831877,42.0233351950541,0 -111.593098988255,42.0236072523885,0 -111.592739141566,42.0238793086015,0 -111.592379291808,42.0241513636931,0 -111.592019438983,42.0244234176631,0 -111.591659583089,42.0246954705116,0 -111.591299724128,42.0249675222385,0 -111.590937360005,42.0249693883981,0 -111.590574995847,42.0249712534139,0 -111.590212631656,42.0249731172858,0 -111.589852764921,42.0252451645122,0 -111.589490399127,42.0252470261138,0 -111.589130527756,42.0255190710921,0 -111.588768160359,42.0255209304235,0 -111.588405792928,42.025522788611,0 -111.588045915353,42.0257948302148,0 -111.58768354632,42.025796686132,0 -111.587323664107,42.0260687254875,0 -111.586963778826,42.0263407637212,0 -111.586603890477,42.0266128008329,0</coordinates></LineString>
  </Placemark>
  <Placemark id="logannet3.16">
	<Style><LineStyle><color>ff0000ff</color></LineStyle><PolyStyle><fill>0</fill></PolyStyle></Style>
	<ExtendedData><SchemaData schemaUrl="#logannet3">
		<SimpleData name="LINKNO">1</SimpleData>
		<SimpleData name="DSLINKNO">71</SimpleData>
		<SimpleData name="USLINKNO1">-1</SimpleData>
		<SimpleData name="USLINKNO2">-1</SimpleData>
		<SimpleData name="DSNODEID">-1</SimpleData>
		<SimpleData name="strmOrder">1</SimpleData>
		<SimpleData name="Length">4007.9</SimpleData>
		<SimpleData name="Magnitude">1</SimpleData>
		<SimpleData name="DSContArea">6606900.0</SimpleData>
		<SimpleData name="strmDrop">149.94</SimpleData>
		<SimpleData name="Slope">0.037410608905</SimpleData>
		<SimpleData name="StraightL">2880.6</SimpleData>
		<SimpleData name="USContArea">1841400.0</SimpleData>
		<SimpleData name="WSNO">1</SimpleData>
		<SimpleData name="DOUTEND">50894.4</SimpleData>
		<SimpleData name="DOUTSTART">54902.3</SimpleData>
		<SimpleData name="DOUTMID">52898.3</SimpleData>
	</SchemaData></ExtendedData>
      <LineString><coordinates>-111.595258003968,42.0219748915617,0 -111.59526052409,42.0222450759375,0 -111.595625394152,42.0225133805737,0 -111.595627915877,42.022783564906,0 -111.595630437637,42.0230537492255,0 -111.595632959431,42.023323933532,0 -111.59563548126,42.0235941178257,0 -111.595638003123,42.0238643021065,0 -111.595640525021,42.0241344863744,0 -111.595643046954,42.0244046706295,0 -111.595645568921,42.0246748548716,0 -111.595648090922,42.0249450391008,0 -111.595650612959,42.0252152233172,0 -111.596015501773,42.0254835264553,0 -111.596380393656,42.0257518284011,0 -111.596745288606,42.0260201291547,0 -111.596747815383,42.0262903132663,0 -111.596750342195,42.0265604973651,0 -111.596752869041,42.0268306814509,0 -111.596755395921,42.0271008655239,0 -111.596757922837,42.027371049584,0 -111.596760449787,42.0276412336312,0 -111.596762976771,42.0279114176655,0 -111.597127885772,42.0281797170123,0 -111.597492797842,42.0284480151667,0 -111.597495327999,42.0287181991268,0 -111.597497858191,42.0289883830741,0 -111.597500388417,42.0292585670084,0 -111.597502918678,42.0295287509299,0 -111.597867840093,42.0297970477692,0 -111.597870371958,42.0300672316472,0 -111.597872903857,42.0303374155122,0 -111.597875435792,42.0306075993643,0 -111.597877967761,42.0308777832036,0 -111.598242898521,42.0311460787277,0 -111.598245432094,42.0314162625234,0 -111.598247965701,42.0316864463062,0 -111.598612902669,42.0319547405764,0 -111.59861543788,42.0322249243156,0 -111.598617973127,42.032495108042,0 -111.598620508408,42.0327652917554,0 -111.598623043724,42.033035475456,0 -111.598625579074,42.0333056591437,0 -111.59862811446,42.0335758428185,0 -111.59863064988,42.0338460264804,0 -111.598633185335,42.0341162101294,0 -111.598998137927,42.0343845029613,0 -111.599000674986,42.0346546865668,0 -111.59900321208,42.0349248701593,0 -111.599005749208,42.035195053739,0 -111.599008286372,42.0354652373057,0 -111.59901082357,42.0357354208596,0 -111.599013360803,42.0360056044006,0 -111.59901589807,42.0362757879287,0 -111.599018435373,42.0365459714439,0 -111.599383403592,42.0368142628374,0 -111.599748374881,42.037082553038,0 -111.600110807229,42.0370806586227,0 -111.600473239541,42.037078763063,0 -111.600835671819,42.037076866359,0 -111.601198104062,42.0370749685106,0 -111.60156053627,42.0370730695178,0 -111.601922968443,42.0370711693807,0 -111.602285400581,42.0370692680993,0 -111.602647832684,42.0370673656735,0 -111.603010264753,42.0370654621033,0 -111.603372696786,42.0370635573888,0 -111.603732571457,42.0367914682731,0 -111.604092443059,42.036519378036,0 -111.60445231159,42.0362472866776,0 -111.604814738879,42.0362453774396,0 -111.605177166132,42.0362434670574,0 -111.60553959335,42.0362415555308,0 -111.605902020532,42.0362396428599,0 -111.60626444768,42.0362377290447,0 -111.606626874792,42.0362358140852,0 -111.60698930187,42.0362338979813,0 -111.607351728912,42.0362319807332,0 -111.607711581813,42.0359598792433,0 -111.608074007249,42.0359579597246,0 -111.60843385551,42.0356858559874,0 -111.608796279342,42.0356839341982,0 -111.609156122963,42.0354118282139,0 -111.609518545188,42.0354099041542,0 -111.609880967378,42.0354079789503,0 -111.610243389533,42.035406052602,0 -111.610605811653,42.0354041251095,0 -111.610968233736,42.0354021964727,0 -111.611330655785,42.0354002666917,0 -111.611693077798,42.0353983357663,0 -111.612055499775,42.0353964036967,0 -111.612420515706,42.0356646533701,0 -111.612785534706,42.0359329018499,0 -111.613150556775,42.0362011491361,0 -111.613515581915,42.0364693952286,0 -111.613880610124,42.0367376401274,0 -111.614245641404,42.0370058838324,0 -111.614608072341,42.0370039436432,0 -111.614970503244,42.0370020023097,0 -111.61533293411,42.0370000598318,0 -111.61569275696,42.0367279335511,0 -111.61605518622,42.0367259888028,0 -111.61641500443,42.0364538602755,0 -111.616777432083,42.036451913257,0 -111.617139859701,42.0364499650941,0 -111.617504902903,42.0367181983666,0 -111.617867331984,42.0367162478967,0 -111.618229761029,42.0367142962825,0 -111.618592190038,42.036712343524,0 -111.618954619012,42.0367103896211,0 -111.619317047949,42.0367084345739,0 -111.619682101716,42.0369766608388,0 -111.620044532117,42.0369747034845,0 -111.620406962481,42.0369727449859,0 -111.62076939281,42.036970785343,0 -111.621131823102,42.0369688245557,0 -111.621494253359,42.0369668626241,0 -111.621856683579,42.0369648995481,0 -111.622219113764,42.0369629353279,0 -111.622581543912,42.0369609699632,0 -111.622943974024,42.0369590034543,0 -111.6233064041,42.036957035801,0 -111.62366883414,42.0369550670034,0</coordinates></LineString>
  </Placemark>
  <Placemark id="logannet3.17">
	<Style><LineStyle><color>ff0000ff</color></LineStyle><PolyStyle><fill>0</fill></PolyStyle></Style>
	<ExtendedData><SchemaData schemaUrl="#logannet3">
		<SimpleData name="LINKNO">219</SimpleData>
		<SimpleData name="DSLINKNO">226</SimpleData>
		<SimpleData name="USLINKNO1">184</SimpleData>
		<SimpleData name="USLINKNO2">212</SimpleData>
		<SimpleData name="DSNODEID">-1</SimpleData>
		<SimpleData name="strmOrder">4</SimpleData>
		<SimpleData name="Length">259.7</SimpleData>
		<SimpleData name="Magnitude">26</SimpleData>
		<SimpleData name="DSContArea">200210400.0</SimpleData>
		<SimpleData name="strmDrop">2.15</SimpleData>
		<SimpleData name="Slope">0.008266946993</SimpleData>
		<SimpleData name="StraightL">241.9</SimpleData>
		<SimpleData name="USContArea">199195200.0</SimpleData>
		<SimpleData name="WSNO">219</SimpleData>
		<SimpleData name="DOUTEND">37156.5</SimpleData>
		<SimpleData name="DOUTSTART">37416.2</SimpleData>
		<SimpleData name="DOUTMID">37286.4</SimpleData>
	</SchemaData></ExtendedData>
      <LineString><coordinates>-111.563209900249,41.921622233908,0 -111.562850494185,41.9218941985266,0 -111.562852868766,41.9221643891767,0 -111.562493458156,41.9224363526799,0 -111.562134044493,41.9227083150638,0 -111.561774627779,41.9229802763283,0 -111.561776997911,41.9232504669771,0 -111.561779368077,41.923520657613,0</coordinates></LineString>
  </Placemark>
  <Placemark id="logannet3.18">
	<Style><LineStyle><color>ff0000ff</color></LineStyle><PolyStyle><fill>0</fill></PolyStyle></Style>
	<ExtendedData><SchemaData schemaUrl="#logannet3">
		<SimpleData name="LINKNO">212</SimpleData>
		<SimpleData name="DSLINKNO">219</SimpleData>
		<SimpleData name="USLINKNO1">205</SimpleData>
		<SimpleData name="USLINKNO2">79</SimpleData>
		<SimpleData name="DSNODEID">-1</SimpleData>
		<SimpleData name="strmOrder">3</SimpleData>
		<SimpleData name="Length">60.0</SimpleData>
		<SimpleData name="Magnitude">13</SimpleData>
		<SimpleData name="DSContArea">108855904.0</SimpleData>
		<SimpleData name="strmDrop">0.41</SimpleData>
		<SimpleData name="Slope">0.006876627604</SimpleData>
		<SimpleData name="StraightL">42.4</SimpleData>
		<SimpleData name="USContArea">108850496.0</SimpleData>
		<SimpleData name="WSNO">212</SimpleData>
		<SimpleData name="DOUTEND">37416.2</SimpleData>
		<SimpleData name="DOUTSTART">37476.2</SimpleData>
		<SimpleData name="DOUTMID">37446.2</SimpleData>
	</SchemaData></ExtendedData>
      <LineString><coordinates>-111.561779368077,41.923520657613,0 -111.561417576651,41.9235224271261,0 -111.561419945322,41.9237926177658,0</coordinates></LineString>
  </Placemark>
  <Placemark id="logannet3.19">
	<Style><LineStyle><color>ff0000ff</color></LineStyle><PolyStyle><fill>0</fill></PolyStyle></Style>
	<ExtendedData><SchemaData schemaUrl="#logannet3">
		<SimpleData name="LINKNO">205</SimpleData>
		<SimpleData name="DSLINKNO">212</SimpleData>
		<SimpleData name="USLINKNO1">198</SimpleData>
		<SimpleData name="USLINKNO2">121</SimpleData>
		<SimpleData name="DSNODEID">-1</SimpleData>
		<SimpleData name="strmOrder">3</SimpleData>
		<SimpleData name="Length">5527.1</SimpleData>
		<SimpleData name="Magnitude">12</SimpleData>
		<SimpleData name="DSContArea">103149000.0</SimpleData>
		<SimpleData name="strmDrop">110.21</SimpleData>
		<SimpleData name="Slope">0.019940333299</SimpleData>
		<SimpleData name="StraightL">4793.3</SimpleData>
		<SimpleData name="USContArea">95979600.0</SimpleData>
		<SimpleData name="WSNO">205</SimpleData>
		<SimpleData name="DOUTEND">37476.2</SimpleData>
		<SimpleData name="DOUTSTART">43003.3</SimpleData>
		<SimpleData name="DOUTMID">40239.8</SimpleData>
	</SchemaData></ExtendedData>
      <LineString><coordinates>-111.561419945322,41.9237926177658,0 -111.561422314026,41.9240628083927,0 -111.561424682762,41.9243329990067,0 -111.561427051531,41.9246031896078,0 -111.561429420332,41.924873380196,0 -111.561431789166,41.9251435707714,0 -111.561434158032,41.9254137613339,0 -111.561436526931,41.9256839518835,0 -111.561438895862,41.9259541424203,0 -111.561441264825,41.9262243329442,0 -111.561443633821,41.9264945234552,0 -111.561446002849,41.9267647139534,0 -111.56144837191,41.9270349044387,0 -111.561450741003,41.9273050949111,0 -111.561453110128,41.9275752853707,0 -111.561455479286,41.9278454758173,0 -111.561819665852,41.9281138964546,0 -111.562183855471,41.9283823159055,0 -111.562548048142,41.9286507341701,0 -111.56255042201,41.9289209245153,0 -111.56255279591,41.9291911148476,0 -111.562193344899,41.9294630773272,0 -111.562195717338,41.9297332676504,0 -111.561836261779,41.9300052290142,0 -111.561838632756,41.9302754193285,0 -111.561841003765,41.9305456096298,0 -111.561843374807,41.9308157999182,0 -111.561845745881,41.9310859901938,0 -111.561486281292,41.9313579504533,0 -111.561488650904,41.9316281407198,0 -111.561129181767,41.9319000998634,0 -111.561131549917,41.9321702901209,0 -111.561133918099,41.9324404803655,0 -111.560774442919,41.9327124383969,0 -111.56077680964,41.9329826286324,0 -111.560417329911,41.9332545855478,0 -111.56041969517,41.9335247757742,0 -111.56042206046,41.9337949659878,0 -111.560062574689,41.9340669217909,0 -111.560064938517,41.9343371119954,0 -111.559705448197,41.9346090666824,0 -111.559345954822,41.9348810202495,0 -111.558986458393,41.9351529726966,0 -111.55862695891,41.9354249240238,0 -111.558629316792,41.9356951142303,0 -111.55826981276,41.9359670644411,0 -111.557910305673,41.9362390135319,0 -111.557550795532,41.9365109615026,0 -111.557191282337,41.9367829083532,0 -111.556831766087,41.9370548540836,0 -111.556472246782,41.9373267986938,0 -111.556474595726,41.9375969889096,0 -111.556115071871,41.9378689324033,0 -111.555755544962,41.9381408747766,0 -111.555396014999,41.9384128160297,0 -111.55503648198,41.9386847561625,0 -111.554676945907,41.9389566951749,0 -111.554317406779,41.9392286330669,0 -111.553955526119,41.9392303795973,0 -111.553595982377,41.9395023152448,0 -111.553236435579,41.9397742497719,0 -111.552876885727,41.9400461831784,0 -111.55251733282,41.9403181154644,0 -111.552157776857,41.9405900466298,0 -111.551798217839,41.9408619766747,0 -111.551436327791,41.9408637153199,0 -111.551076764159,41.9411356431199,0 -111.550714872519,41.9411373795005,0 -111.550352980848,41.9411391147405,0 -111.549993411041,41.9414110391713,0 -111.549631517779,41.9414127721465,0 -111.549269624484,41.9414145039812,0 -111.548907731158,41.9414162346752,0 -111.548548153618,41.9416881546125,0 -111.548186258701,41.9416898830417,0 -111.547826676547,41.9419618007338,0 -111.547467091337,41.942233717305,0 -111.547469402667,41.9425039076991,0 -111.547471714029,41.9427740980803,0 -111.547112122772,41.9430460135374,0 -111.54711443267,41.9433162039091,0 -111.546754836861,41.9435881182485,0 -111.546757145294,41.9438583086108,0 -111.546759453758,41.9441284989602,0 -111.546761762254,41.9443986892967,0 -111.546402158901,41.9446706025252,0 -111.546404465933,41.9449407928523,0 -111.546406772996,41.9452109831664,0 -111.54640908009,41.9454811734677,0 -111.546049469193,41.9457530855852,0 -111.546051774822,41.946023275877,0 -111.546054080484,41.946293466156,0 -111.546056386177,41.946563656422,0 -111.546058691901,41.9468338466752,0 -111.546060997658,41.9471040369156,0 -111.545701376221,41.9473759479286,0 -111.545703680513,41.9476461381595,0 -111.546067915115,41.9479146075595,0 -111.54570828919,41.9481865185826,0 -111.545710593575,41.9484567087748,0 -111.545712897993,41.9487268989542,0 -111.545715202442,41.9489970891207,0 -111.545717506922,41.9492672792744,0 -111.545357871953,41.9495391891896,0 -111.545360174969,41.9498093793337,0 -111.545362478016,41.950079569465,0 -111.545002836997,41.9503514782654,0 -111.545005138578,41.9506216683872,0 -111.544645493006,41.9508935760695,0 -111.544647793122,41.9511637661817,0 -111.54465009327,41.9514339562811,0 -111.544652393449,41.9517041463675,0 -111.54429274033,41.9519760529383,0 -111.543933084153,41.9522479583876,0 -111.54393538137,41.9525181484679,0 -111.543575720639,41.9527900527989,0 -111.54357801639,41.9530602428695,0 -111.543580312173,41.9533304329273,0 -111.543220645391,41.9536023361433,0 -111.543222939708,41.9538725261915,0 -111.542863268372,41.9541444282891,0 -111.542865561223,41.9544146183277,0 -111.542867854105,41.9546848083535,0 -111.542508176718,41.9549567093359,0 -111.542510468134,41.955226899352,0 -111.542512759582,41.9554970893553,0 -111.542153076142,41.9557689892225,0 -111.542155366124,41.9560391792161,0 -111.541795678129,41.9563110779647,0 -111.541797966645,41.9565812679488,0 -111.541800255192,41.95685145792,0 -111.541440561145,41.9571233555532,0 -111.54108086404,41.9573952520645,0 -111.540721163877,41.9576671474539,0 -111.540361460657,41.9579390417213,0 -111.540001754378,41.9582109348668,0 -111.540004035469,41.9584811248411,0 -111.539644324635,41.9587530168677,0 -111.539284610743,41.9590249077722,0 -111.538920340629,41.9587564175741,0 -111.53855834858,41.9587581162154,0 -111.538198630008,41.9590300037441,0 -111.537838908377,41.9593018901507,0 -111.537476913176,41.9593035854001,0 -111.537117186928,41.9595754695592,0 -111.536755190136,41.959577162542,0 -111.536395459269,41.9598490444534,0 -111.536035725344,41.9601209252425,0 -111.535675988361,41.9603928049093,0 -111.53531624832,41.9606646834537,0 -111.535318509813,41.96093487352,0 -111.534958765215,41.961206750945,0 -111.534599017559,41.9614786272476,0 -111.534237009846,41.9614803123524,0 -111.533877257572,41.961752186407,0</coordinates></LineString>
  </Placemark>
  <Placemark id="logannet3.20">
	<Style><LineStyle><color>ff0000ff</color></LineStyle><PolyStyle><fill>0</fill></PolyStyle></Style>
	<ExtendedData><SchemaData schemaUrl="#logannet3">
		<SimpleData name="LINKNO">198</SimpleData>
		<SimpleData name="DSLINKNO">205</SimpleData>
		<SimpleData name="USLINKNO1">191</SimpleData>
		<SimpleData name="USLINKNO2">2</SimpleData>
		<SimpleData name="DSNODEID">-1</SimpleData>
		<SimpleData name="strmOrder">3</SimpleData>
		<SimpleData name="Length">1686.4</SimpleData>
		<SimpleData name="Magnitude">8</SimpleData>
		<SimpleData name="DSContArea">69346800.0</SimpleData>
		<SimpleData name="strmDrop">48.01</SimpleData>
		<SimpleData name="Slope">0.028469289012</SimpleData>
		<SimpleData name="StraightL">1489.5</SimpleData>
		<SimpleData name="USContArea">64011600.0</SimpleData>
		<SimpleData name="WSNO">198</SimpleData>
		<SimpleData name="DOUTEND">43003.3</SimpleData>
		<SimpleData name="DOUTSTART">44689.7</SimpleData>
		<SimpleData name="DOUTMID">43846.5</SimpleData>
	</SchemaData></ExtendedData>
      <LineString><coordinates>-111.533877257572,41.961752186407,0 -111.533517502239,41.9620240593391,0 -111.533157743847,41.9622959311487,0 -111.532797982397,41.9625678018356,0 -111.532800233402,41.9628379919229,0 -111.532440467395,41.9631098614901,0 -111.532442716932,41.9633800515675,0 -111.5324449665,41.963650241632,0 -111.532447216099,41.9639204316837,0 -111.532449465728,41.9641906217225,0 -111.532451715389,41.9644608117485,0 -111.53245396508,41.9647310017616,0 -111.532456214802,41.9650011917618,0 -111.532458464554,41.9652713817492,0 -111.532460714338,41.9655415717237,0 -111.532462964152,41.9658117616854,0 -111.532465213997,41.9660819516342,0 -111.532467463873,41.9663521415701,0 -111.53246971378,41.9666223314932,0 -111.532471963718,41.9668925214034,0 -111.532474213686,41.9671627113008,0 -111.532838505199,41.9674312214392,0 -111.533202799772,41.9676997303916,0 -111.533205052892,41.9679699202187,0 -111.533207306043,41.9682401100329,0 -111.533209559225,41.9685102998343,0 -111.533211812438,41.9687804896229,0 -111.53285201502,41.9690523603812,0 -111.532854266765,41.9693225501599,0 -111.532494464788,41.9695944197983,0 -111.532496715064,41.9698646095671,0 -111.532136908529,41.9701364780856,0 -111.532139157337,41.9704066678445,0 -111.531779346243,41.9706785352429,0 -111.532143655046,41.9709470473236,0 -111.532145903947,41.9712172370439,0 -111.532148152878,41.9714874267513,0 -111.531788335787,41.9717592941616,0 -111.531428515637,41.9720311604488,0 -111.531068692426,41.9723030256129,0 -111.53107093689,41.9725732153163,0 -111.531073181386,41.9728434050068,0 -111.530713352116,41.9731152690537,0 -111.531075425912,41.9731135946845,0 -111.531077670468,41.9733837843493,0 -111.531079915056,41.9736539740012,0 -111.531082159674,41.9739241636403,0 -111.531084404323,41.9741943532665,0 -111.531086649003,41.9744645428799,0 -111.531088893713,41.9747347324804,0 -111.531091138454,41.975004922068,0</coordinates></LineString>
  </Placemark>
  <Placemark id="logannet3.21">
	<Style><LineStyle><color>ff0000ff</color></LineStyle><PolyStyle><fill>0</fill></PolyStyle></Style>
	<ExtendedData><SchemaData schemaUrl="#logannet3">
		<SimpleData name="LINKNO">191</SimpleData>
		<SimpleData name="DSLINKNO">198</SimpleData>
		<SimpleData name="USLINKNO1">135</SimpleData>
		<SimpleData name="USLINKNO2">120</SimpleData>
		<SimpleData name="DSNODEID">-1</SimpleData>
		<SimpleData name="strmOrder">3</SimpleData>
		<SimpleData name="Length">72.4</SimpleData>
		<SimpleData name="Magnitude">7</SimpleData>
		<SimpleData name="DSContArea">60552900.0</SimpleData>
		<SimpleData name="strmDrop">0.26</SimpleData>
		<SimpleData name="Slope">0.003566389559</SimpleData>
		<SimpleData name="StraightL">67.1</SimpleData>
		<SimpleData name="USContArea">60549300.0</SimpleData>
		<SimpleData name="WSNO">191</SimpleData>
		<SimpleData name="DOUTEND">44689.7</SimpleData>
		<SimpleData name="DOUTSTART">44762.1</SimpleData>
		<SimpleData name="DOUTMID">44725.9</SimpleData>
	</SchemaData></ExtendedData>
      <LineString><coordinates>-111.531091138454,41.975004922068,0 -111.530731297189,41.9752767861382,0 -111.530733540462,41.9755469757159,0</coordinates></LineString>
  </Placemark>
  <Placemark id="logannet3.22">
	<Style><LineStyle><color>ff0000ff</color></LineStyle><PolyStyle><fill>0</fill></PolyStyle></Style>
	<ExtendedData><SchemaData schemaUrl="#logannet3">
		<SimpleData name="LINKNO">120</SimpleData>
		<SimpleData name="DSLINKNO">191</SimpleData>
		<SimpleData name="USLINKNO1">113</SimpleData>
		<SimpleData name="USLINKNO2">14</SimpleData>
		<SimpleData name="DSNODEID">-1</SimpleData>
		<SimpleData name="strmOrder">2</SimpleData>
		<SimpleData name="Length">6710.8</SimpleData>
		<SimpleData name="Magnitude">5</SimpleData>
		<SimpleData name="DSContArea">45613800.0</SimpleData>
		<SimpleData name="strmDrop">215.19</SimpleData>
		<SimpleData name="Slope">0.032066707749</SimpleData>
		<SimpleData name="StraightL">5011.4</SimpleData>
		<SimpleData name="USContArea">35477100.0</SimpleData>
		<SimpleData name="WSNO">120</SimpleData>
		<SimpleData name="DOUTEND">44762.1</SimpleData>
		<SimpleData name="DOUTSTART">51472.9</SimpleData>
		<SimpleData name="DOUTMID">48117.5</SimpleData>
	</SchemaData></ExtendedData>
      <LineString><coordinates>-111.530733540462,41.9755469757159,0 -111.530373694636,41.9758188386657,0 -111.530013845751,41.9760907004923,0 -111.529653993804,41.9763625611955,0 -111.529294138797,41.9766344207753,0 -111.528934280729,41.9769062792318,0 -111.5285744196,41.9771781365648,0 -111.528214555411,41.9774499927744,0 -111.52785468816,41.9777218478605,0 -111.527492588074,41.9777235122197,0 -111.527132716202,41.9779953650559,0 -111.526770614524,41.9779970271466,0 -111.526772841269,41.9782672167685,0 -111.526775068043,41.9785374063776,0 -111.526415188549,41.9788092569695,0 -111.526055305994,41.9790811064377,0 -111.525695420377,41.9793529547822,0 -111.5253355317,41.979624802003,0 -111.524975639961,41.9798966481001,0 -111.524977859265,41.9801668377101,0 -111.5249800786,41.9804370273074,0 -111.524620180799,41.9807088722861,0 -111.524260279937,41.9809807161411,0 -111.523900376014,41.9812525588721,0 -111.524264712697,41.9815210953079,0 -111.523902590878,41.9815227484647,0 -111.523904805773,41.9817929380444,0 -111.523544895787,41.982064779657,0 -111.523547109211,41.9823349692265,0 -111.523549322666,41.9826051587832,0 -111.523551536151,41.9828753483271,0 -111.523191618602,41.9831471888238,0 -111.522831697991,41.9834190281965,0 -111.523196042662,41.9836875678783,0 -111.522833908506,41.9836892177329,0 -111.522473983332,41.9839610559843,0 -111.522476192376,41.9842312455105,0 -111.52247840145,41.9845014350238,0 -111.522842750866,41.9847699757498,0 -111.523204891146,41.984768325833,0 -111.523569245124,41.9850368642149,0 -111.523931386875,41.9850352119979,0 -111.524295745416,41.9853037480356,0 -111.524660107018,41.9855722828869,0 -111.525024471683,41.9858408165519,0 -111.525026691657,41.9861110058791,0 -111.52502891166,41.9863811951935,0 -111.525031131695,41.986651384495,0 -111.525033351759,41.9869215737836,0 -111.525395504106,41.9869199168881,0 -111.525397725733,41.9871901061483,0 -111.525399947389,41.9874602953956,0 -111.525402169076,41.9877304846301,0 -111.525404390794,41.9880006738517,0 -111.525406612542,41.9882708630604,0 -111.52540883432,41.9885410522563,0 -111.525411056129,41.9888112414394,0 -111.525413277968,41.9890814306096,0 -111.525415499838,41.9893516197669,0 -111.525417721738,41.9896218089114,0 -111.525419943668,41.989891998043,0 -111.525422165629,41.9901621871617,0 -111.52542438762,41.9904323762676,0 -111.525064435857,41.9907042224747,0 -111.525066656377,41.9909744115705,0 -111.525068876928,41.9912446006534,0 -111.524706700049,41.9912462566561,0 -111.5247089191,41.9915164457418,0 -111.524348958208,41.9917882897059,0 -111.524351175787,41.9920584787815,0 -111.524353393396,41.9923286678442,0 -111.524355611037,41.992598856894,0 -111.524357828707,41.992869045931,0 -111.524360046408,41.9931392349551,0 -111.524000074946,41.9934110778086,0 -111.524002291176,41.9936812668226,0 -111.524004507436,41.9939514558237,0 -111.524006723727,41.994221644812,0 -111.523646744698,41.9944934865492,0 -111.523286762606,41.994765327162,0 -111.523288975924,41.9950355161428,0 -111.522928989266,41.9953073556339,0 -111.522568999545,41.9955791940004,0 -111.522209006761,41.9958510312424,0 -111.522211215604,41.9961212202184,0 -111.521851218254,41.9963930563385,0 -111.521853425626,41.9966632453043,0 -111.521493423711,41.9969350803025,0 -111.521133418731,41.997206914176,0 -111.520771207821,41.997208557951,0 -111.520411198215,41.9974803895725,0 -111.52041339958,41.9977505785488,0 -111.520053385408,41.9980224090482,0 -111.519693368173,41.9982942384227,0 -111.519333347873,41.9985660666724,0 -111.519335544762,41.9988362556437,0 -111.519337741682,41.9991064446021,0 -111.518977715314,41.9993782717321,0 -111.518979910762,41.9996484606803,0 -111.519344332622,41.9999170114003,0 -111.519346529662,42.0001872003073,0 -111.519710956148,42.0004557498123,0 -111.51971315478,42.0007259386781,0 -111.519715353443,42.0009961275311,0 -111.519717552136,42.0012663163712,0 -111.519719750858,42.0015365051985,0 -111.519721949611,42.0018066940129,0 -111.519724148394,42.0020768828145,0 -111.519726347207,42.0023470716032,0 -111.519728546051,42.0026172603791,0 -111.520092988101,42.0028858084709,0 -111.520095188537,42.0031559972056,0 -111.520459635215,42.0034245440823,0 -111.520461837244,42.0036947327758,0 -111.520826288549,42.0039632784373,0 -111.52119074292,42.0042318229119,0 -111.521555200356,42.0045003661995,0 -111.521195153319,42.0047722001469,0 -111.52155961388,42.0050407433779,0 -111.521561820687,42.0053109319478,0 -111.521926285876,42.0055794739634,0 -111.522290754131,42.0058480147919,0 -111.522655225451,42.0061165544334,0 -111.523019699836,42.0063850928878,0 -111.523021912925,42.0066552813313,0 -111.523024126045,42.0069254697619,0 -111.523026339195,42.0071956581797,0 -111.523028552375,42.0074658465847,0 -111.523030765586,42.0077360349767,0 -111.523032978827,42.0080062233559,0 -111.523397465656,42.0082747604527,0 -111.52339968049,42.0085449487907,0 -111.523401895355,42.0088151371157,0 -111.523766388376,42.0090836729685,0 -111.524130884463,42.0093522076339,0 -111.524495383616,42.009620741112,0 -111.524859885834,42.0098892734028,0 -111.524862106983,42.0101594616012,0 -111.52522661383,42.0104279926761,0 -111.525591123744,42.0106965225636,0 -111.525955636724,42.0109650512636,0 -111.52632015277,42.0112335787762,0 -111.526322380203,42.0115037668478,0 -111.526686900879,42.0117722931443,0 -111.526689129906,42.0120424811746,0 -111.527053655211,42.012311006255,0 -111.527418183583,42.0125795301479,0 -111.527782715022,42.012848052853,0 -111.528147249526,42.0131165743705,0 -111.528511787097,42.0133850947003,0 -111.528874089325,42.0133834259834,0 -111.529236391522,42.013381756123,0 -111.529600935165,42.0136502729466,0 -111.529965481874,42.0139187885825,0 -111.530327787045,42.0139171152602,0 -111.530690092186,42.0139154407945,0 -111.531054644967,42.014183952924,0 -111.531416951579,42.0141822761556,0 -111.531779258161,42.0141805982436,0 -111.532143817013,42.0144491068666,0 -111.532508378932,42.0147176143016,0 -111.532872943917,42.0149861205486,0 -111.533235254975,42.0149844380152,0 -111.53359982453,42.0152529419147,0 -111.533964397151,42.0155214446261,0 -111.534328972839,42.0157899461494,0 -111.534331234526,42.0160601336556,0 -111.534333496244,42.0163303211489,0 -111.534335757993,42.0166005086293,0 -111.534338019773,42.0168706960968,0 -111.534340281583,42.0171408835515,0 -111.534342543425,42.0174110709934,0 -111.534344805298,42.0176812584223,0 -111.533984739369,42.0179531319771,0 -111.53398699977,42.0182233193962,0 -111.533626929271,42.0184951918293,0 -111.533266855704,42.0187670631375,0 -111.532904523177,42.0187687458928,0 -111.532544444979,42.0190406149485,0 -111.532184363713,42.0193124828792,0 -111.53182427938,42.0195843496851,0 -111.531464191979,42.019856215366,0 -111.531104101511,42.020128079922,0 -111.530744007976,42.020399943353,0 -111.530381666031,42.0204016181973,0 -111.530021567863,42.0206734793753,0 -111.529659224323,42.0206751519479,0</coordinates></LineString>
  </Placemark>
  <Placemark id="logannet3.23">
	<Style><LineStyle><color>ff0000ff</color></LineStyle><PolyStyle><fill>0</fill></PolyStyle></Style>
	<ExtendedData><SchemaData schemaUrl="#logannet3">
		<SimpleData name="LINKNO">184</SimpleData>
		<SimpleData name="DSLINKNO">219</SimpleData>
		<SimpleData name="USLINKNO1">177</SimpleData>
		<SimpleData name="USLINKNO2">58</SimpleData>
		<SimpleData name="DSNODEID">-1</SimpleData>
		<SimpleData name="strmOrder">3</SimpleData>
		<SimpleData name="Length">3281.9</SimpleData>
		<SimpleData name="Magnitude">13</SimpleData>
		<SimpleData name="DSContArea">90332096.0</SimpleData>
		<SimpleData name="strmDrop">94.29</SimpleData>
		<SimpleData name="Slope">0.028730501367</SimpleData>
		<SimpleData name="StraightL">2885.3</SimpleData>
		<SimpleData name="USContArea">83052896.0</SimpleData>
		<SimpleData name="WSNO">184</SimpleData>
		<SimpleData name="DOUTEND">37416.2</SimpleData>
		<SimpleData name="DOUTSTART">40698.1</SimpleData>
		<SimpleData name="DOUTMID">39057.2</SimpleData>
	</SchemaData></ExtendedData>
      <LineString><coordinates>-111.561779368077,41.923520657613,0 -111.561781738275,41.923790848236,0 -111.562145902951,41.9240592681598,0 -111.56214827474,41.9243294587405,0 -111.562512444028,41.9245978774486,0 -111.562514817408,41.9248680679868,0 -111.562517190821,41.9251382585121,0 -111.562881366279,41.9254066759749,0 -111.56324554479,41.9256750922515,0 -111.563247921352,41.9259452827048,0 -111.563612104475,41.9262136977655,0 -111.56361448263,41.9264838881763,0 -111.563978670364,41.9267523020211,0 -111.56398105011,41.9270224923895,0 -111.564345242456,41.9272909050183,0 -111.564709437856,41.9275593164608,0 -111.565073636309,41.9278277267169,0 -111.565076020765,41.9280979169834,0 -111.565078405253,41.9283681072371,0 -111.565080789775,41.928638297478,0 -111.565444995958,41.9289067064586,0 -111.565447382071,41.9291768966569,0 -111.565449768217,41.9294470868424,0 -111.565813980573,41.9297154945772,0 -111.566178195982,41.9299839011254,0 -111.566542414444,41.930252306487,0 -111.566544805301,41.9305224965706,0 -111.56654719619,41.9307926866412,0 -111.566549587113,41.931062876699,0 -111.566551978068,41.931333066744,0 -111.566554369055,41.931603256776,0 -111.566556760076,41.9318734467952,0 -111.566559151129,41.9321436368015,0 -111.566561542215,41.932413826795,0 -111.566563933334,41.9326840167755,0 -111.566566324486,41.9329542067432,0 -111.56620686971,41.9332261816347,0 -111.5662092594,41.9334963715935,0 -111.566211649122,41.9337665615394,0 -111.566214038878,41.9340367514724,0 -111.566575889419,41.9340349664854,0 -111.56694013277,41.9343033702446,0 -111.566942525645,41.9345735601182,0 -111.566944918552,41.934843749979,0 -111.567309168077,41.935112152492,0 -111.567673420655,41.935380553818,0 -111.567675816716,41.9356507436065,0 -111.567678212809,41.9359209333821,0 -111.567680608935,41.9361911231448,0 -111.568044869248,41.9364595231948,0 -111.568409132615,41.9367279220578,0 -111.568773399037,41.9369963197338,0 -111.569137668513,41.9372647162227,0 -111.569140070913,41.9375349058536,0 -111.569142473345,41.9378050954715,0 -111.569144875809,41.9380752850766,0 -111.568785403561,41.9383472679082,0 -111.568787804564,41.9386174575044,0 -111.5687902056,41.9388876470878,0 -111.569154485998,41.9391560433684,0 -111.569518769451,41.9394244384618,0 -111.569883055958,41.939692832368,0 -111.570247345521,41.939961225087,0 -111.570611638139,41.9402296166188,0 -111.57061404701,41.9404998060404,0 -111.570616455914,41.9407699954491,0 -111.570980754707,41.9410383857339,0 -111.571345056556,41.9413067748314,0 -111.571347468614,41.9415769641676,0 -111.571711775079,41.9418453520479,0 -111.572076084599,41.9421137387408,0 -111.572440397174,41.9423821242462,0 -111.572442813948,41.94265231348,0 -111.572807131139,41.9429206977681,0 -111.573171451386,41.9431890808686,0 -111.573535774688,41.9434574627817,0 -111.573897678029,41.943455654393,0 -111.573900101046,41.9437258435071,0 -111.574264430459,41.943994223045,0 -111.574628762928,41.9442626013952,0 -111.5746311891,41.9445327904366,0 -111.574995526186,41.9448011675691,0 -111.574997953952,41.9450713565677,0 -111.575000381751,41.9453415455534,0 -111.575364725015,41.9456099214383,0 -111.575726640413,41.9456081072097,0 -111.576088555777,41.9456062918404,0 -111.576450471108,41.9456044753303,0 -111.576812386406,41.9456026576795,0 -111.577176738704,41.9458710277453,0 -111.577541094057,41.9461393966232,0 -111.577905452467,41.9464077643131,0 -111.578267372215,41.9464059420479,0</coordinates></LineString>
  </Placemark>
  <Placemark id="logannet3.24">
	<Style><LineStyle><color>ff0000ff</color></LineStyle><PolyStyle><fill>0</fill></PolyStyle></Style>
	<ExtendedData><SchemaData schemaUrl="#logannet3">
		<SimpleData name="LINKNO">177</SimpleData>
		<SimpleData name="DSLINKNO">184</SimpleData>
		<SimpleData name="USLINKNO1">170</SimpleData>
		<SimpleData name="USLINKNO2">44</SimpleData>
		<SimpleData name="DSNODEID">-1</SimpleData>
		<SimpleData name="strmOrder">3</SimpleData>
		<SimpleData name="Length">199.7</SimpleData>
		<SimpleData name="Magnitude">12</SimpleData>
		<SimpleData name="DSContArea">75004200.0</SimpleData>
		<SimpleData name="strmDrop">1.92</SimpleData>
		<SimpleData name="Slope">0.009602756986</SimpleData>
		<SimpleData name="StraightL">192.1</SimpleData>
		<SimpleData name="USContArea">74990704.0</SimpleData>
		<SimpleData name="WSNO">177</SimpleData>
		<SimpleData name="DOUTEND">40698.1</SimpleData>
		<SimpleData name="DOUTSTART">40897.8</SimpleData>
		<SimpleData name="DOUTMID">40798.0</SimpleData>
	</SchemaData></ExtendedData>
      <LineString><coordinates>-111.578267372215,41.9464059420479,0 -111.578631735175,41.946674307392,0 -111.578993656385,41.9466724828281,0 -111.579358023895,41.9469408458262,0 -111.579722394462,41.9472092076362,0 -111.580086768085,41.9474775682581,0</coordinates></LineString>
  </Placemark>
  <Placemark id="logannet3.25">
	<Style><LineStyle><color>ff0000ff</color></LineStyle><PolyStyle><fill>0</fill></PolyStyle></Style>
	<ExtendedData><SchemaData schemaUrl="#logannet3">
		<SimpleData name="LINKNO">170</SimpleData>
		<SimpleData name="DSLINKNO">177</SimpleData>
		<SimpleData name="USLINKNO1">163</SimpleData>
		<SimpleData name="USLINKNO2">37</SimpleData>
		<SimpleData name="DSNODEID">-1</SimpleData>
		<SimpleData name="strmOrder">3</SimpleData>
		<SimpleData name="Length">577.3</SimpleData>
		<SimpleData name="Magnitude">11</SimpleData>
		<SimpleData name="DSContArea">69665400.0</SimpleData>
		<SimpleData name="strmDrop">18.23</SimpleData>
		<SimpleData name="Slope">0.031574909353</SimpleData>
		<SimpleData name="StraightL">523.9</SimpleData>
		<SimpleData name="USContArea">69248704.0</SimpleData>
		<SimpleData name="WSNO">170</SimpleData>
		<SimpleData name="DOUTEND">40897.8</SimpleData>
		<SimpleData name="DOUTSTART">41475.1</SimpleData>
		<SimpleData name="DOUTMID">41186.5</SimpleData>
	</SchemaData></ExtendedData>
      <LineString><coordinates>-111.580086768085,41.9474775682581,0 -111.580451144764,41.9477459276919,0 -111.580453595817,41.9480161162915,0 -111.580456046904,41.9482863048781,0 -111.580458498024,41.948556493452,0 -111.580460949178,41.9488266820129,0 -111.580463400366,41.9490968705609,0 -111.580465851587,41.9493670590961,0 -111.580468302842,41.9496372476184,0 -111.58047075413,41.9499074361278,0 -111.580473205452,41.9501776246244,0 -111.580475656807,41.950447813108,0 -111.580478108196,41.9507180015788,0 -111.580480559618,41.9509881900368,0 -111.580483011074,41.9512583784818,0 -111.580485462564,41.951528566914,0 -111.580849864164,41.9517969247378,0 -111.581211814208,41.9517950930015,0 -111.58157622036,41.9520634484788,0</coordinates></LineString>
  </Placemark>
  <Placemark id="logannet3.26">
	<Style><LineStyle><color>ff0000ff</color></LineStyle><PolyStyle><fill>0</fill></PolyStyle></Style>
	<ExtendedData><SchemaData schemaUrl="#logannet3">
		<SimpleData name="LINKNO">163</SimpleData>
		<SimpleData name="DSLINKNO">170</SimpleData>
		<SimpleData name="USLINKNO1">149</SimpleData>
		<SimpleData name="USLINKNO2">43</SimpleData>
		<SimpleData name="DSNODEID">-1</SimpleData>
		<SimpleData name="strmOrder">3</SimpleData>
		<SimpleData name="Length">1196.1</SimpleData>
		<SimpleData name="Magnitude">10</SimpleData>
		<SimpleData name="DSContArea">66350700.0</SimpleData>
		<SimpleData name="strmDrop">44.28</SimpleData>
		<SimpleData name="Slope">0.037022123981</SimpleData>
		<SimpleData name="StraightL">1092.0</SimpleData>
		<SimpleData name="USContArea">65384100.0</SimpleData>
		<SimpleData name="WSNO">163</SimpleData>
		<SimpleData name="DOUTEND">41475.1</SimpleData>
		<SimpleData name="DOUTSTART">42671.2</SimpleData>
		<SimpleData name="DOUTMID">42073.2</SimpleData>
	</SchemaData></ExtendedData>
      <LineString><coordinates>-111.58157622036,41.9520634484788,0 -111.581938171865,41.9520616144432,0 -111.582302582569,41.9523299675738,0 -111.582666996329,41.952598319516,0 -111.583031413147,41.9528666702697,0 -111.583395833021,41.9531350198349,0 -111.583760255952,41.9534033682115,0 -111.584124681941,41.9536717153995,0 -111.584489110986,41.9539400613989,0 -111.584491579626,41.9542102495119,0 -111.584494048299,41.9544804376121,0 -111.584858483526,41.9547487823624,0 -111.585222921811,41.9550171259239,0 -111.585587363153,41.9552854682967,0 -111.585951807552,41.9555538094807,0 -111.585954282509,41.955823997447,0 -111.586316255008,41.955822149476,0 -111.586678227474,41.9558203003638,0 -111.587042679483,41.9560886380117,0 -111.587407134549,41.9563569744706,0 -111.587771592672,41.9566253097407,0 -111.588136053853,41.9568936438217,0 -111.588500518092,41.9571619767138,0 -111.588864985388,41.9574303084168,0 -111.588867472813,41.9577004961533,0 -111.588869960273,41.957970683877,0 -111.589234433752,41.9582390143302,0 -111.589236922808,41.9585092020106,0 -111.589601400909,41.9587775312443,0 -111.589603891562,41.9590477188814,0 -111.589606382249,41.9593179065056,0 -111.589608872971,41.9595880941169,0 -111.589611363726,41.9598582817154,0</coordinates></LineString>
  </Placemark>
  <Placemark id="logannet3.27">
	<Style><LineStyle><color>ff0000ff</color></LineStyle><PolyStyle><fill>0</fill></PolyStyle></Style>
	<ExtendedData><SchemaData schemaUrl="#logannet3">
		<SimpleData name="LINKNO">149</SimpleData>
		<SimpleData name="DSLINKNO">163</SimpleData>
		<SimpleData name="USLINKNO1">100</SimpleData>
		<SimpleData name="USLINKNO2">142</SimpleData>
		<SimpleData name="DSNODEID">-1</SimpleData>
		<SimpleData name="strmOrder">3</SimpleData>
		<SimpleData name="Length">1635.8</SimpleData>
		<SimpleData name="Magnitude">9</SimpleData>
		<SimpleData name="DSContArea">56098800.0</SimpleData>
		<SimpleData name="strmDrop">59.71</SimpleData>
		<SimpleData name="Slope">0.036502277035</SimpleData>
		<SimpleData name="StraightL">1399.4</SimpleData>
		<SimpleData name="USContArea">53605800.0</SimpleData>
		<SimpleData name="WSNO">149</SimpleData>
		<SimpleData name="DOUTEND">42671.2</SimpleData>
		<SimpleData name="DOUTSTART">44307.0</SimpleData>
		<SimpleData name="DOUTMID">43489.1</SimpleData>
	</SchemaData></ExtendedData>
      <LineString><coordinates>-111.589611363726,41.9598582817154,0 -111.589975851137,41.9601266096384,0 -111.58997834349,41.9603967971935,0 -111.590342835522,41.9606651238969,0 -111.590345329472,41.9609353114087,0 -111.590347823456,41.9612054989077,0 -111.590350317475,41.9614756863938,0 -111.589990805766,41.9617477347761,0 -111.589993298323,41.962017922254,0 -111.590357799735,41.9622862487748,0 -111.59036029389,41.9625564362094,0 -111.590362788079,41.9628266236311,0 -111.590365282302,41.9630968110399,0 -111.590729791462,41.9633651362802,0 -111.590732287283,41.9636353236457,0 -111.590734783138,41.9639055109983,0 -111.590737279028,41.964175698338,0 -111.590739774951,41.9644458856649,0 -111.590742270909,41.9647160729789,0 -111.591106790945,41.9649843968776,0 -111.591109288501,41.9652545841482,0 -111.59111178609,41.965524771406,0 -111.591114283714,41.9657949586509,0 -111.5914788115,41.9660632812687,0 -111.591843342345,41.966331602697,0 -111.592207876249,41.9665999229357,0 -111.592572413213,41.9668682419848,0 -111.592936953235,41.9671365598442,0 -111.592939458712,41.9674067469238,0 -111.593304003357,41.9676750635631,0 -111.593666042457,41.9676731919939,0 -111.594030591657,41.9679415062842,0 -111.594033101825,41.9682116932723,0 -111.594035612029,41.9684818802475,0 -111.594400167416,41.9687501932869,0 -111.594764725862,41.9690185051365,0 -111.595124257612,41.9687464420161,0 -111.595488819049,41.9690147515471,0 -111.595853383545,41.9692830598881,0 -111.596215431582,41.9692811802216,0 -111.596577479584,41.9692792994134,0 -111.596942050131,41.9695476042457,0 -111.597306623737,41.969815907888,0 -111.597671200402,41.9700842103403,0 -111.598035780127,41.9703525116024,0 -111.598400362912,41.9706208116745,0</coordinates></LineString>
  </Placemark>
  <Placemark id="logannet3.28">
	<Style><LineStyle><color>ff0000ff</color></LineStyle><PolyStyle><fill>0</fill></PolyStyle></Style>
	<ExtendedData><SchemaData schemaUrl="#logannet3">
		<SimpleData name="LINKNO">142</SimpleData>
		<SimpleData name="DSLINKNO">149</SimpleData>
		<SimpleData name="USLINKNO1">128</SimpleData>
		<SimpleData name="USLINKNO2">9</SimpleData>
		<SimpleData name="DSNODEID">-1</SimpleData>
		<SimpleData name="strmOrder">2</SimpleData>
		<SimpleData name="Length">874.3</SimpleData>
		<SimpleData name="Magnitude">7</SimpleData>
		<SimpleData name="DSContArea">45308700.0</SimpleData>
		<SimpleData name="strmDrop">36.22</SimpleData>
		<SimpleData name="Slope">0.041429096768</SimpleData>
		<SimpleData name="StraightL">807.8</SimpleData>
		<SimpleData name="USContArea">44431200.0</SimpleData>
		<SimpleData name="WSNO">142</SimpleData>
		<SimpleData name="DOUTEND">44307.0</SimpleData>
		<SimpleData name="DOUTSTART">45181.3</SimpleData>
		<SimpleData name="DOUTMID">44744.1</SimpleData>
	</SchemaData></ExtendedData>
      <LineString><coordinates>-111.598400362912,41.9706208116745,0 -111.598402891783,41.9708909983212,0 -111.598767479192,41.9711592971724,0 -111.598770009661,41.9714294837755,0 -111.598772540166,41.9716996703658,0 -111.599137133764,41.9719679679655,0 -111.599139665867,41.9722381545122,0 -111.599142198006,41.972508341046,0 -111.599506797793,41.972776637394,0 -111.599509331531,41.9730468238842,0 -111.599511865303,41.9733170103616,0 -111.599876471279,41.9735853054579,0 -111.599879006651,41.9738554918916,0 -111.599881542058,41.9741256783125,0 -111.599884077499,41.9743958647205,0 -111.60024869123,41.9746641585343,0 -111.600251228271,41.9749343448987,0 -111.600253765347,41.9752045312502,0 -111.600618385268,41.9754728238121,0 -111.600620923944,41.97574301012,0 -111.600623462654,41.976013196415,0 -111.600988088766,41.976281487725,0 -111.601352717938,41.9765497778444,0 -111.60171735017,41.9768180667733,0 -111.601719893611,41.9770882529632,0 -111.602084530469,41.9773565406707,0</coordinates></LineString>
  </Placemark>
  <Placemark id="logannet3.29">
	<Style><LineStyle><color>ff0000ff</color></LineStyle><PolyStyle><fill>0</fill></PolyStyle></Style>
	<ExtendedData><SchemaData schemaUrl="#logannet3">
		<SimpleData name="LINKNO">135</SimpleData>
		<SimpleData name="DSLINKNO">191</SimpleData>
		<SimpleData name="USLINKNO1">64</SimpleData>
		<SimpleData name="USLINKNO2">8</SimpleData>
		<SimpleData name="DSNODEID">-1</SimpleData>
		<SimpleData name="strmOrder">2</SimpleData>
		<SimpleData name="Length">739.7</SimpleData>
		<SimpleData name="Magnitude">2</SimpleData>
		<SimpleData name="DSContArea">14895900.0</SimpleData>
		<SimpleData name="strmDrop">20.64</SimpleData>
		<SimpleData name="Slope">0.027904496754</SimpleData>
		<SimpleData name="StraightL">690.0</SimpleData>
		<SimpleData name="USContArea">14409900.0</SimpleData>
		<SimpleData name="WSNO">135</SimpleData>
		<SimpleData name="DOUTEND">44762.1</SimpleData>
		<SimpleData name="DOUTSTART">45501.8</SimpleData>
		<SimpleData name="DOUTMID">45132.0</SimpleData>
	</SchemaData></ExtendedData>
      <LineString><coordinates>-111.530733540462,41.9755469757159,0 -111.530735783765,41.9758171652807,0 -111.530738027099,41.9760873548327,0 -111.530740270463,41.9763575443719,0 -111.530742513858,41.9766277338981,0 -111.530744757284,41.9768979234115,0 -111.530747000741,41.9771681129121,0 -111.530749244229,41.9774383023998,0 -111.530751487747,41.9777084918746,0 -111.530753731296,41.9779786813366,0 -111.530393871973,41.9782505443126,0 -111.53003400959,41.9785224061652,0 -111.530398356164,41.9787909232038,0 -111.530400598305,41.9790611126301,0 -111.530402840477,41.9793313020435,0 -111.53040508268,41.9796014914441,0 -111.530407324913,41.9798716808318,0 -111.530409567177,41.9801418702067,0 -111.530773924619,41.9804103859157,0 -111.530776168475,41.980680575249,0 -111.530778412362,41.9809507645695,0 -111.530780656279,41.9812209538772,0 -111.530782900228,41.981491143172,0 -111.530785144207,41.981761332454,0</coordinates></LineString>
  </Placemark>
  <Placemark id="logannet3.30">
	<Style><LineStyle><color>ff0000ff</color></LineStyle><PolyStyle><fill>0</fill></PolyStyle></Style>
	<ExtendedData><SchemaData schemaUrl="#logannet3">
		<SimpleData name="LINKNO">128</SimpleData>
		<SimpleData name="DSLINKNO">142</SimpleData>
		<SimpleData name="USLINKNO1">92</SimpleData>
		<SimpleData name="USLINKNO2">57</SimpleData>
		<SimpleData name="DSNODEID">-1</SimpleData>
		<SimpleData name="strmOrder">2</SimpleData>
		<SimpleData name="Length">657.0</SimpleData>
		<SimpleData name="Magnitude">6</SimpleData>
		<SimpleData name="DSContArea">41323500.0</SimpleData>
		<SimpleData name="strmDrop">12.71</SimpleData>
		<SimpleData name="Slope">0.019341808913</SimpleData>
		<SimpleData name="StraightL">589.4</SimpleData>
		<SimpleData name="USContArea">40334400.0</SimpleData>
		<SimpleData name="WSNO">128</SimpleData>
		<SimpleData name="DOUTEND">45181.3</SimpleData>
		<SimpleData name="DOUTSTART">45838.2</SimpleData>
		<SimpleData name="DOUTMID">45509.7</SimpleData>
	</SchemaData></ExtendedData>
      <LineString><coordinates>-111.602084530469,41.9773565406707,0 -111.60208707551,41.9776267268169,0 -111.601727524141,41.9778988114554,0 -111.601367969711,41.9781708949748,0 -111.601370511795,41.9784410811181,0 -111.601010952809,41.9787131635233,0 -111.601013493432,41.9789833496587,0 -111.600653929889,41.9792554309497,0 -111.600656469051,41.9795256170772,0 -111.600659008248,41.9797958031917,0 -111.600299438653,41.9800678833734,0 -111.599939865996,41.9803399624358,0 -111.599942402237,41.9806101485474,0 -111.599944938512,41.9808803346461,0 -111.599947474821,41.9811505207319,0 -111.599950011166,41.9814207068049,0 -111.599952547545,41.9816908928649,0 -111.599955083959,41.9819610789121,0 -111.600319741514,41.9822293718658,0 -111.600322279528,41.9824995578694,0</coordinates></LineString>
  </Placemark>
  <Placemark id="logannet3.31">
	<Style><LineStyle><color>ff0000ff</color></LineStyle><PolyStyle><fill>0</fill></PolyStyle></Style>
	<ExtendedData><SchemaData schemaUrl="#logannet3">
		<SimpleData name="LINKNO">3</SimpleData>
		<SimpleData name="DSLINKNO">156</SimpleData>
		<SimpleData name="USLINKNO1">-1</SimpleData>
		<SimpleData name="USLINKNO2">-1</SimpleData>
		<SimpleData name="DSNODEID">-1</SimpleData>
		<SimpleData name="strmOrder">1</SimpleData>
		<SimpleData name="Length">3024.3</SimpleData>
		<SimpleData name="Magnitude">1</SimpleData>
		<SimpleData name="DSContArea">4900500.0</SimpleData>
		<SimpleData name="strmDrop">295.75</SimpleData>
		<SimpleData name="Slope">0.097791449009</SimpleData>
		<SimpleData name="StraightL">2576.5</SimpleData>
		<SimpleData name="USContArea">1445400.0</SimpleData>
		<SimpleData name="WSNO">3</SimpleData>
		<SimpleData name="DOUTEND">42568.8</SimpleData>
		<SimpleData name="DOUTSTART">45593.1</SimpleData>
		<SimpleData name="DOUTMID">44080.9</SimpleData>
	</SchemaData></ExtendedData>
      <LineString><coordinates>-111.634203870145,41.9298985172547,0 -111.634565692789,41.9298965181661,0 -111.634927515396,41.9298945179374,0 -111.635289337967,41.9298925165687,0 -111.635651160501,41.9298905140599,0 -111.636012982999,41.929888510411,0 -111.636374805459,41.9298865056221,0 -111.636736627883,41.9298844996931,0 -111.63709845027,41.929882492624,0 -111.637457582567,41.9296102978221,0 -111.637816711812,41.9293381019051,0 -111.638178531035,41.9293360914538,0 -111.638537655663,41.9290638933006,0 -111.638899473286,41.9290618805882,0 -111.639258593297,41.928789680199,0 -111.639617710255,41.9285174786948,0 -111.639979524714,41.9285154626003,0 -111.640341339136,41.9285134453658,0 -111.640700449914,41.9282412405047,0 -111.641062262735,41.9282392210092,0 -111.641421368897,41.9279670139124,0 -111.641783180118,41.9279649921559,0 -111.642142281663,41.9276927828234,0 -111.642501380155,41.9274205723761,0 -111.642498669063,41.9271503859332,0 -111.642495958009,41.9268801994774,0 -111.642493246992,41.9266100130087,0 -111.642490536012,41.9263398265271,0 -111.642487825069,41.9260696400326,0 -111.642846913062,41.9257974285015,0 -111.643205998002,41.9255252158558,0 -111.64356507989,41.9252530020955,0 -111.643926875624,41.9252509736904,0 -111.644288671322,41.9252489441453,0 -111.64464774703,41.924976727029,0 -111.645006819686,41.9247045087982,0 -111.645365889289,41.9244322894529,0 -111.64572495584,41.9241600689932,0 -111.646084019338,41.9238878474192,0 -111.646443079784,41.9236156247307,0 -111.646802137178,41.923343400928,0 -111.64716119152,41.923071176011,0 -111.647522974672,41.9230691363609,0 -111.647884757787,41.9230670955711,0 -111.648246540865,41.9230650536414,0 -111.648605587464,41.9227928242485,0 -111.648964631011,41.9225205937415,0 -111.649323671505,41.9222483621203,0 -111.649682708948,41.921976129385,0 -111.650044485734,41.9219740818336,0 -111.650409006441,41.9222422194083,0 -111.650768039193,41.9219699833117,0 -111.651129815866,41.9219679323412,0 -111.651491592502,41.9219658802309,0 -111.6518533691,41.9219638269809,0 -111.652212394109,41.9216915864091,0 -111.652571416066,41.9214193447234,0 -111.652933189499,41.921417288093,0 -111.653294962895,41.9214152303228,0 -111.653656736252,41.9214131714129,0 -111.654018509572,41.9214111113633,0 -111.654383043524,41.9216792362526,0 -111.654744818294,41.9216771739041,0 -111.655106593027,41.921675110416,0 -111.655471133006,41.9219432317954,0 -111.655832909189,41.9219411660083,0 -111.656197453709,41.922209285037,0 -111.656562001281,41.922477402874,0 -111.656923780402,41.9224753336287,0 -111.657285559485,41.9224732632437,0 -111.657644564013,41.9222010058544,0 -111.657641789534,41.921930819977,0 -111.657639015093,41.9216606340867,0 -111.657998013594,41.921388375597,0 -111.658357009042,41.9211161159939,0 -111.658716001438,41.9208438552772,0 -111.659074990783,41.920571593447,0 -111.659433977076,41.9202993305034,0 -111.659792960317,41.9200270664463,0 -111.660151940507,41.9197548012759,0 -111.660510917644,41.9194825349922,0 -111.660869891731,41.9192102675951,0 -111.661231652084,41.9192081849084,0 -111.661590621555,41.918935915278,0</coordinates></LineString>
  </Placemark>
  <Placemark id="logannet3.32">
	<Style><LineStyle><color>ff0000ff</color></LineStyle><PolyStyle><fill>0</fill></PolyStyle></Style>
	<ExtendedData><SchemaData schemaUrl="#logannet3">
		<SimpleData name="LINKNO">92</SimpleData>
		<SimpleData name="DSLINKNO">128</SimpleData>
		<SimpleData name="USLINKNO1">85</SimpleData>
		<SimpleData name="USLINKNO2">50</SimpleData>
		<SimpleData name="DSNODEID">-1</SimpleData>
		<SimpleData name="strmOrder">2</SimpleData>
		<SimpleData name="Length">2443.7</SimpleData>
		<SimpleData name="Magnitude">5</SimpleData>
		<SimpleData name="DSContArea">37532700.0</SimpleData>
		<SimpleData name="strmDrop">48.88</SimpleData>
		<SimpleData name="Slope">0.020004607466</SimpleData>
		<SimpleData name="StraightL">2240.2</SimpleData>
		<SimpleData name="USContArea">33718500.0</SimpleData>
		<SimpleData name="WSNO">92</SimpleData>
		<SimpleData name="DOUTEND">45838.2</SimpleData>
		<SimpleData name="DOUTSTART">48281.9</SimpleData>
		<SimpleData name="DOUTMID">47060.1</SimpleData>
	</SchemaData></ExtendedData>
      <LineString><coordinates>-111.600322279528,41.9824995578694,0 -111.600324817577,41.98276974386,0 -111.600327355661,41.9830399298378,0 -111.600329893779,41.9833101158027,0 -111.599970303171,41.9835821949245,0 -111.599972839828,41.9838523808814,0 -111.59997537652,41.9841225668255,0 -111.599977913247,41.9843927527567,0 -111.599618315089,41.9846648307738,0 -111.599620850354,41.9849350166971,0 -111.599623385653,41.9852052026074,0 -111.599263781441,41.9854772795149,0 -111.599266315279,41.9857474654173,0 -111.599268849152,41.9860176513068,0 -111.59927138306,41.9862878371835,0 -111.598911771297,41.9865599129861,0 -111.598914303743,41.9868300988548,0 -111.598916836223,41.9871002847106,0 -111.598919368739,41.9873704705534,0 -111.598921901289,41.9876406563834,0 -111.598924433874,41.9879108422005,0 -111.598926966493,41.9881810280048,0 -111.598929499147,41.9884512137961,0 -111.598932031836,41.9887213995746,0 -111.598934564559,41.9889915853402,0 -111.598937097318,41.9892617710928,0 -111.59893963011,41.9895319568326,0 -111.598942162938,41.9898021425595,0 -111.5989446958,41.9900723282736,0 -111.59930939584,41.9903406237865,0 -111.599311930303,41.990610809457,0 -111.599314464801,41.9908809951145,0 -111.599679171035,41.991149289375,0 -111.600043880333,41.9914175824445,0 -111.600408592693,41.9916858743229,0 -111.600411131924,41.9919560598754,0 -111.60041367119,41.9922262454151,0 -111.60041621049,41.9924964309418,0 -111.600418749826,41.9927666164557,0 -111.600421289196,41.9930368019566,0 -111.600423828601,41.9933069874448,0 -111.60042636804,41.99357717292,0 -111.600066720567,41.9938492522299,0 -111.600069258545,41.9941194376971,0 -111.600071796557,41.9943896231515,0 -111.600074334604,41.994659808593,0 -111.599714679577,41.9949318867979,0 -111.599355021486,41.9952039638829,0 -111.598995360331,41.995476039848,0 -111.598997893922,41.9957462252914,0 -111.599000427548,41.9960164107219,0 -111.599002961208,41.9962865961395,0 -111.599005494903,41.9965567815443,0 -111.599008028633,41.9968269669361,0 -111.599010562397,41.9970971523151,0 -111.599013096196,41.9973673376812,0 -111.59901563003,41.9976375230344,0 -111.599018163899,41.9979077083747,0 -111.599020697802,41.9981778937022,0 -111.59902323174,41.9984480790167,0 -111.599025765713,41.9987182643184,0 -111.598666083528,41.9989903392224,0 -111.598668616038,41.9992605245161,0 -111.598308929293,41.9995325983049,0 -111.597949239483,41.9998046709735,0 -111.597951769033,42.0000748562641,0 -111.597954298617,42.0003450415418,0 -111.597594602748,42.0006171131,0 -111.597234903815,42.000889183538,0 -111.597237430439,42.0011593688125,0 -111.596877726944,42.001431438135,0 -111.596880252105,42.0017016234016,0 -111.5968827773,42.0019718086553,0 -111.596885302531,42.0022419938961,0 -111.596887827796,42.002512179124,0</coordinates></LineString>
  </Placemark>
  <Placemark id="logannet3.33">
	<Style><LineStyle><color>ff0000ff</color></LineStyle><PolyStyle><fill>0</fill></PolyStyle></Style>
	<ExtendedData><SchemaData schemaUrl="#logannet3">
		<SimpleData name="LINKNO">8</SimpleData>
		<SimpleData name="DSLINKNO">135</SimpleData>
		<SimpleData name="USLINKNO1">-1</SimpleData>
		<SimpleData name="USLINKNO2">-1</SimpleData>
		<SimpleData name="DSNODEID">-1</SimpleData>
		<SimpleData name="strmOrder">1</SimpleData>
		<SimpleData name="Length">7060.5</SimpleData>
		<SimpleData name="Magnitude">1</SimpleData>
		<SimpleData name="DSContArea">12279600.0</SimpleData>
		<SimpleData name="strmDrop">348.96</SimpleData>
		<SimpleData name="Slope">0.049424299370</SimpleData>
		<SimpleData name="StraightL">6165.2</SimpleData>
		<SimpleData name="USContArea">2011500.0</SimpleData>
		<SimpleData name="WSNO">8</SimpleData>
		<SimpleData name="DOUTEND">45501.8</SimpleData>
		<SimpleData name="DOUTSTART">52562.3</SimpleData>
		<SimpleData name="DOUTMID">49032.1</SimpleData>
	</SchemaData></ExtendedData>
      <LineString><coordinates>-111.530785144207,41.981761332454,0 -111.530787388217,41.982031521723,0 -111.530789632257,41.9823017109793,0 -111.530791876329,41.9825719002226,0 -111.531156249323,41.982840414516,0 -111.53152062538,41.9831089276227,0 -111.531885004498,41.9833774395427,0 -111.532249386678,41.9836459502759,0 -111.532251637027,41.9839161393918,0 -111.53261602383,41.9841846489096,0 -111.532980413696,41.9844531572406,0 -111.532982667199,41.9847233462863,0 -111.532984920733,41.984993535319,0 -111.532987174298,41.985263724339,0 -111.533351571911,41.985532231397,0 -111.533353827068,41.9858024203754,0 -111.533356082257,41.9860726093409,0 -111.533720486056,41.9863411151546,0 -111.533722742837,41.9866113040785,0 -111.53372499965,41.9868814929896,0 -111.533727256493,41.9871516818878,0 -111.533729513367,41.9874218707731,0 -111.533731770272,41.9876920596456,0 -111.533734027208,41.9879622485052,0 -111.534098443442,41.9882307529596,0 -111.534100701972,41.9885009417777,0 -111.533740798202,41.9887728150069,0 -111.533743055262,41.9890430038151,0 -111.533745312352,41.9893131926104,0 -111.534109736397,41.9895816969212,0 -111.534111995081,41.9898518856749,0 -111.534476423751,41.9901203887698,0 -111.534478684029,41.9903905774819,0 -111.534843117324,41.9906590793609,0 -111.534845379195,41.9909292680314,0 -111.534847641096,41.9911994566891,0 -111.534849903028,41.9914696453338,0 -111.534852164992,41.9917398339658,0 -111.5352166076,41.9920083345425,0 -111.535581053272,41.992276833932,0 -111.535583318391,41.9925470224935,0 -111.535947768689,41.9928155206669,0 -111.535950035402,41.9930857091868,0 -111.535952302146,41.9933558976938,0 -111.536316758632,41.9936243946222,0 -111.53631902697,41.9938945830876,0 -111.536683488083,41.9941630787998,0 -111.536685758014,41.9944332672235,0 -111.537050223753,41.9947017617195,0 -111.537052495279,41.9949719501015,0 -111.537414692555,41.994970255028,0 -111.53777916442,41.9952387471489,0 -111.53814363935,41.9955072380823,0 -111.538508117342,41.9957757278281,0 -111.538872598399,41.9960442163863,0 -111.53887487774,41.9963144046241,0 -111.539239363423,41.9965828919657,0 -111.53960385217,41.9968513781197,0 -111.539968343981,41.9971198630859,0 -111.539970628043,41.9973900512241,0 -111.540335124481,41.9976585349736,0 -111.540337410137,41.9979287230701,0 -111.540701911203,41.9981972056029,0 -111.541066415333,41.9984656869478,0 -111.541430922526,41.9987341671049,0 -111.541433212904,41.9990043551016,0 -111.541435503313,41.9992745430855,0 -111.541800016698,41.9995430219967,0 -111.541802308702,41.9998132099388,0 -111.541804600737,42.0000833978679,0 -111.542169120314,42.0003518755332,0 -111.542171413944,42.0006220634206,0 -111.542173707606,42.000892251295,0 -111.542538233374,42.0011607277143,0 -111.542540528631,42.0014309155469,0 -111.542542823919,42.0017011033667,0 -111.542545119239,42.0019712911735,0 -111.54254741459,42.0022414789676,0 -111.542911949678,42.0025099540828,0 -111.542914246624,42.002780141835,0 -111.54327878634,42.0030486157331,0 -111.543281084882,42.0033188034433,0 -111.543645629227,42.0035872761242,0 -111.543647929364,42.0038574637926,0 -111.543650229533,42.0041276514481,0 -111.543652529733,42.0043978390908,0 -111.543654829965,42.0046680267206,0 -111.544019383631,42.0049364980971,0 -111.544021685458,42.005206685685,0 -111.544386243753,42.0054751558442,0 -111.544388547176,42.0057453433901,0 -111.544753110101,42.0060138123319,0 -111.54475541512,42.0062839998359,0 -111.54475772017,42.0065541873271,0 -111.544760025252,42.0068243748055,0 -111.545124595935,42.0070928424716,0 -111.545126902612,42.007363029908,0 -111.545129209322,42.0076332173315,0 -111.545131516063,42.0079034047422,0 -111.545133822836,42.00817359214,0 -111.544773856407,42.0084454994052,0 -111.544413886913,42.0087174055468,0 -111.544053914353,42.0089893105645,0 -111.544056216653,42.0092594979594,0 -111.544058518985,42.0095296853415,0 -111.544060821348,42.0097998727107,0 -111.544063123743,42.010070060067,0 -111.54406542617,42.0103402474104,0 -111.544067728628,42.010610434741,0 -111.543707743994,42.0108823386548,0 -111.543347756294,42.0111542414447,0 -111.542987765527,42.0114261431108,0 -111.542625475243,42.0114278563091,0 -111.542265479846,42.011699755724,0 -111.542267774796,42.011969943071,0 -111.541907774832,42.0122418413651,0 -111.542272364791,42.0125103177264,0 -111.542274659836,42.0127805050348,0 -111.542639254427,42.0130489801785,0 -111.542641551068,42.0133191674451,0 -111.543006150289,42.0135876413713,0 -111.543008448526,42.013857828596,0 -111.543373052379,42.0141263013046,0 -111.543737659299,42.0143947728245,0 -111.544102269285,42.0146632431558,0 -111.544466882338,42.0149317122983,0 -111.544831498457,42.0152001802521,0 -111.54483380455,42.0154703673187,0 -111.544836110674,42.0157405543725,0 -111.54520073299,42.0160090210794,0 -111.545203040711,42.0162792080912,0 -111.545205348463,42.0165493950901,0 -111.545569976976,42.01681786055,0 -111.545934608556,42.017086324821,0 -111.546296930755,42.0170846009914,0 -111.546661566904,42.0173530629136,0 -111.546663880917,42.0176232497962,0 -111.547028521698,42.0178917105003,0 -111.547393165546,42.0181601700155,0 -111.547755493753,42.0181584415464,0 -111.54812014217,42.0184268987125,0 -111.548482471846,42.0184251679399,0 -111.548844801491,42.0184234360236,0 -111.549209455979,42.0186918896808,0 -111.549574113534,42.0189603421487,0 -111.549938774157,42.0192287934274,0 -111.550303437846,42.0194972435169,0 -111.55030576745,42.0197674301334,0 -111.550670435773,42.0200358790044,0 -111.551035107163,42.0203043266861,0 -111.55103743993,42.0205745132312,0 -111.551402115953,42.0208429596943,0 -111.551766795044,42.0211114049679,0 -111.551769130974,42.0213815914417,0 -111.551771466937,42.0216517779026,0 -111.551773802931,42.0219219643506,0 -111.552138489787,42.022190408347,0 -111.55214082738,42.0224605947528,0 -111.552505518869,42.0227290375304,0 -111.55250785806,42.0229992238942,0 -111.552872554183,42.0232676654529,0 -111.553237253375,42.023536105822,0 -111.553601955635,42.0238045450016,0 -111.553966660962,42.0240729829915,0 -111.554331369358,42.0243414197917,0 -111.554333716411,42.0246116059959,0 -111.554336063496,42.0248817921873,0 -111.554700778092,42.0251502277391,0 -111.554703126776,42.0254204138882,0 -111.554705475491,42.0256906000244,0 -111.555070196289,42.0259590343277,0 -111.555434920154,42.0262274674412,0 -111.555799647088,42.0264958993648,0 -111.55616437709,42.0267643300985,0 -111.556529110161,42.0270327596423,0 -111.556531466741,42.0273029456187,0 -111.556896204447,42.0275713739431,0 -111.557260945222,42.0278398010776,0 -111.557625689065,42.028108227022,0 -111.55798807313,42.0281064659177,0 -111.558352821544,42.0283748895114,0 -111.558717573027,42.028643311915,0 -111.559082327578,42.0289117331285,0 -111.559084695125,42.0291819188987,0 -111.559087062705,42.029452104656,0 -111.559449454312,42.0294503388925,0 -111.559451823459,42.0297205246203,0 -111.559816587282,42.0299889433943,0 -111.559818958027,42.0302591290798,0 -111.559821328805,42.0305293147523,0 -111.560186098831,42.030797732277,0 -111.560188471209,42.0310679179072,0 -111.560190843619,42.0313381035245,0 -111.560193216062,42.0316082891289,0 -111.560557993858,42.0318767053747,0 -111.560922774724,42.0321451204301,0 -111.561287558659,42.0324135342951,0</coordinates></LineString>
  </Placemark>
  <Placemark id="logannet3.34">
	<Style><LineStyle><color>ff0000ff</color></LineStyle><PolyStyle><fill>0</fill></PolyStyle></Style>
	<ExtendedData><SchemaData schemaUrl="#logannet3">
		<SimpleData name="LINKNO">43</SimpleData>
		<SimpleData name="DSLINKNO">163</SimpleData>
		<SimpleData name="USLINKNO1">-1</SimpleData>
		<SimpleData name="USLINKNO2">-1</SimpleData>
		<SimpleData name="DSNODEID">-1</SimpleData>
		<SimpleData name="strmOrder">1</SimpleData>
		<SimpleData name="Length">4625.9</SimpleData>
		<SimpleData name="Magnitude">1</SimpleData>
		<SimpleData name="DSContArea">9284400.0</SimpleData>
		<SimpleData name="strmDrop">278.99</SimpleData>
		<SimpleData name="Slope">0.060310225570</SimpleData>
		<SimpleData name="StraightL">3862.6</SimpleData>
		<SimpleData name="USContArea">4482000.0</SimpleData>
		<SimpleData name="WSNO">43</SimpleData>
		<SimpleData name="DOUTEND">42671.2</SimpleData>
		<SimpleData name="DOUTSTART">47297.0</SimpleData>
		<SimpleData name="DOUTMID">44984.1</SimpleData>
	</SchemaData></ExtendedData>
      <LineString><coordinates>-111.589611363726,41.9598582817154,0 -111.589613854516,41.9601284693009,0 -111.589251857861,41.9601303278222,0 -111.589254347155,41.9604005154124,0 -111.589256836484,41.9606707029897,0 -111.588897324571,41.9609427479866,0 -111.588537809599,41.9612147918643,0 -111.588540295972,41.961484979438,0 -111.588542782378,41.9617551669987,0 -111.588183261358,41.9620272097664,0 -111.588185746304,41.9622973973189,0 -111.588188231284,41.9625675848585,0 -111.587828704215,41.962839626516,0 -111.587831187733,41.9631098140473,0 -111.587833671286,41.9633800015657,0 -111.587836154872,41.9636501890713,0 -111.587476620259,41.9639222296232,0 -111.587479102384,41.9641924171205,0 -111.587843605836,41.9644607515107,0 -111.587846089559,41.9647309389647,0 -111.587848573315,41.9650011264059,0 -111.588213082953,41.9652694595462,0 -111.588577595649,41.9655377914971,0 -111.588580082567,41.9658079788647,0 -111.588582569519,41.9660781662194,0 -111.588947088401,41.9663464969202,0 -111.58894957695,41.9666166842316,0 -111.588952065534,41.9668868715302,0 -111.588954554151,41.9671570588159,0 -111.588957042803,41.9674272460886,0 -111.588597491944,41.967699290077,0 -111.588599979134,41.9679694773415,0 -111.588602466358,41.9682396645931,0 -111.588604953616,41.9685098518319,0 -111.588245395211,41.9687818947145,0 -111.588247881008,41.969052081945,0 -111.587888318048,41.9693241237127,0 -111.587890802383,41.9695943109349,0 -111.587893286752,41.9698644981442,0 -111.587533717741,41.9701365388014,0 -111.58717414567,41.970408578339,0 -111.58681457054,41.9706806167569,0 -111.58645499235,41.970952654055,0 -111.5860954111,41.9712246902334,0 -111.585735826791,41.971496725292,0 -111.585373765524,41.9714985719896,0 -111.585014176591,41.971770604804,0 -111.584654584598,41.9720426364986,0 -111.58429252017,41.9720444798057,0 -111.583930455707,41.972046321971,0 -111.583570857527,41.9723183502968,0 -111.583208791467,41.972320190196,0 -111.582849188663,41.9725922162773,0 -111.582487121006,41.9725940539102,0 -111.582125053315,41.9725958904013,0 -111.581765444323,41.9728679131137,0 -111.581403375035,41.9728697473384,0 -111.58104376142,41.9731417678061,0 -111.58104621716,41.9734119551779,0 -111.580686598988,41.9736839745298,0 -111.580689053265,41.9739541618932,0 -111.580691507577,41.9742243492436,0 -111.580693961921,41.9744945365812,0 -111.5806964163,41.9747647239059,0 -111.580336789081,41.9750367421551,0 -111.579977158803,41.975308759284,0 -111.579979610221,41.9755789466045,0 -111.579982061674,41.9758491339122,0 -111.57998451316,41.976119321207,0 -111.579986964679,41.9763895084889,0 -111.579989416232,41.9766596957579,0 -111.579991867818,41.9769298830141,0 -111.579994319439,41.9772000702574,0 -111.579996771092,41.9774702574878,0 -111.57999922278,41.9777404447053,0 -111.5800016745,41.97801063191,0 -111.580004126255,41.9782808191018,0 -111.580368679601,41.9785491762611,0 -111.580371132953,41.9788193634099,0 -111.580735690924,41.9790877193496,0 -111.581100251956,41.9793560741,0 -111.581464816049,41.9796244276608,0 -111.581467274127,41.9798946147063,0 -111.581831842846,41.9801629670475,0 -111.581834302522,41.9804331540499,0 -111.582198875866,41.9807015051714,0 -111.58220133714,41.9809716921308,0 -111.581841681752,41.98124371498,0 -111.581844141563,41.9815139019309,0 -111.581846601407,41.9817840888689,0 -111.581486939964,41.9820561106065,0 -111.581489398346,41.9823262975361,0 -111.58149185676,41.9825964844527,0 -111.581494315209,41.9828666713566,0 -111.581496773691,41.9831368582475,0 -111.581861361182,41.9834052102267,0 -111.581863821262,41.9836753970746,0 -111.581866281376,41.9839455839096,0 -111.581868741524,41.9842157707317,0 -111.581871201706,41.984485957541,0 -111.581873661921,41.9847561443373,0 -111.581513984009,41.9850281661234,0 -111.581154303035,41.9853001867888,0 -111.581156760289,41.9855703735811,0 -111.580797074756,41.9858423931303,0 -111.580437386161,41.9861144115588,0 -111.580077694504,41.9863864288666,0 -111.579717999784,41.9866584450537,0 -111.579358302003,41.98693046012,0 -111.578998601159,41.9872024740655,0 -111.578638897253,41.9874744868901,0 -111.578279190284,41.9877464985939,0 -111.577919480253,41.9880185091767,0 -111.577557324881,41.9880203318029,0 -111.577197610224,41.9882923401396,0 -111.576837892503,41.9885643473553,0 -111.576475733969,41.9885661665886,0 -111.576116011621,41.9888381715579,0 -111.575756286211,41.9891101754062,0 -111.575758720967,41.9893803622761,0 -111.575398990996,41.9896523650074,0 -111.575039257963,41.9899243666177,0 -111.574679521867,41.9901963671067,0 -111.574681952162,41.9904665539764,0 -111.574684382491,41.9907367408332,0 -111.574686812853,41.9910069276771,0 -111.574689243248,41.9912771145081,0 -111.574329498096,41.9915491138928,0 -111.574331927026,41.9918193007151,0 -111.57433435599,41.9920894875246,0 -111.573974604779,41.9923614857963,0 -111.573977032277,41.9926316725971,0</coordinates></LineString>
  </Placemark>
  <Placemark id="logannet3.35">
	<Style><LineStyle><color>ff0000ff</color></LineStyle><PolyStyle><fill>0</fill></PolyStyle></Style>
	<ExtendedData><SchemaData schemaUrl="#logannet3">
		<SimpleData name="LINKNO">57</SimpleData>
		<SimpleData name="DSLINKNO">128</SimpleData>
		<SimpleData name="USLINKNO1">-1</SimpleData>
		<SimpleData name="USLINKNO2">-1</SimpleData>
		<SimpleData name="DSNODEID">-1</SimpleData>
		<SimpleData name="strmOrder">1</SimpleData>
		<SimpleData name="Length">1281.0</SimpleData>
		<SimpleData name="Magnitude">1</SimpleData>
		<SimpleData name="DSContArea">2780100.0</SimpleData>
		<SimpleData name="strmDrop">120.61</SimpleData>
		<SimpleData name="Slope">0.094157002199</SimpleData>
		<SimpleData name="StraightL">1182.2</SimpleData>
		<SimpleData name="USContArea">2163600.0</SimpleData>
		<SimpleData name="WSNO">57</SimpleData>
		<SimpleData name="DOUTEND">45838.2</SimpleData>
		<SimpleData name="DOUTSTART">47119.2</SimpleData>
		<SimpleData name="DOUTMID">46478.7</SimpleData>
	</SchemaData></ExtendedData>
      <LineString><coordinates>-111.600322279528,41.9824995578694,0 -111.600686941711,41.9827678496016,0 -111.600689481325,41.9830380355615,0 -111.601054148135,41.9833063260723,0 -111.601418818007,41.9835746153922,0 -111.601780946628,41.9835727176536,0 -111.602145621057,41.9838410046225,0 -111.602510298548,41.9841092904005,0 -111.602874979101,41.9843775749877,0 -111.603237112176,41.9843756726264,0 -111.603599245216,41.9843737691229,0 -111.603961378221,41.9843718644771,0 -111.604323511191,41.9843699586891,0 -111.604685644126,41.9843680517588,0 -111.605047777026,41.9843661436863,0 -111.605412469616,41.9846344201212,0 -111.605777165267,41.984902695365,0 -111.606141863981,41.9851709694176,0 -111.606506565756,41.985439242279,0 -111.606509130214,41.985709427823,0 -111.606873836618,41.9859776994623,0 -111.607238546083,41.9862459699102,0 -111.607603258611,41.9865142391669,0 -111.607967974201,41.9867825072322,0 -111.608330120563,41.9867805887168,0 -111.608694840711,41.9870488544304,0 -111.609059563921,41.9873171189525,0 -111.60942171324,41.9873151969739,0 -111.609786441008,41.9875834591441,0 -111.610151171838,41.9878517201227,0 -111.610515905731,41.9881199799098,0 -111.610878059502,41.9881180533073,0 -111.611242797953,41.9883863107423,0 -111.611604953185,41.9883843818368,0 -111.611969696194,41.9886526369196,0</coordinates></LineString>
  </Placemark>
  <Placemark id="logannet3.36">
	<Style><LineStyle><color>ff0000ff</color></LineStyle><PolyStyle><fill>0</fill></PolyStyle></Style>
	<ExtendedData><SchemaData schemaUrl="#logannet3">
		<SimpleData name="LINKNO">64</SimpleData>
		<SimpleData name="DSLINKNO">135</SimpleData>
		<SimpleData name="USLINKNO1">-1</SimpleData>
		<SimpleData name="USLINKNO2">-1</SimpleData>
		<SimpleData name="DSNODEID">-1</SimpleData>
		<SimpleData name="strmOrder">1</SimpleData>
		<SimpleData name="Length">906.4</SimpleData>
		<SimpleData name="Magnitude">1</SimpleData>
		<SimpleData name="DSContArea">2129400.0</SimpleData>
		<SimpleData name="strmDrop">38.84</SimpleData>
		<SimpleData name="Slope">0.042851927740</SimpleData>
		<SimpleData name="StraightL">840.5</SimpleData>
		<SimpleData name="USContArea">1664100.0</SimpleData>
		<SimpleData name="WSNO">64</SimpleData>
		<SimpleData name="DOUTEND">45501.8</SimpleData>
		<SimpleData name="DOUTSTART">46408.2</SimpleData>
		<SimpleData name="DOUTMID">45955.0</SimpleData>
	</SchemaData></ExtendedData>
      <LineString><coordinates>-111.530785144207,41.981761332454,0 -111.531149512517,41.9820298468332,0 -111.531151758088,41.9823000360737,0 -111.531516131022,41.9825685492376,0 -111.531880507016,41.982837061215,0 -111.532244886073,41.9831055720056,0 -111.532609268191,41.9833740816094,0 -111.532973653371,41.9836425900265,0 -111.533338041613,41.9839110972568,0 -111.533702432917,41.9841796033003,0 -111.534064569218,41.9841779191459,0 -111.534426705487,41.9841762338493,0 -111.534788841726,41.9841745474104,0 -111.535153240591,41.9844430487925,0 -111.535515378299,41.9844413600531,0 -111.535877515976,41.9844396701714,0 -111.536241920903,41.9847081680501,0 -111.536606328893,41.9849766647417,0 -111.536968469538,41.9849749714013,0 -111.537330610153,41.9849732769185,0 -111.537692750736,41.9849715812934,0 -111.538057166287,41.9852400733231,0 -111.538421584901,41.9855085641656,0 -111.538786006576,41.985777053821,0 -111.539150431314,41.9860455422891,0</coordinates></LineString>
  </Placemark>
  <Placemark id="logannet3.37">
	<Style><LineStyle><color>ff0000ff</color></LineStyle><PolyStyle><fill>0</fill></PolyStyle></Style>
	<ExtendedData><SchemaData schemaUrl="#logannet3">
		<SimpleData name="LINKNO">121</SimpleData>
		<SimpleData name="DSLINKNO">205</SimpleData>
		<SimpleData name="USLINKNO1">114</SimpleData>
		<SimpleData name="USLINKNO2">51</SimpleData>
		<SimpleData name="DSNODEID">-1</SimpleData>
		<SimpleData name="strmOrder">2</SimpleData>
		<SimpleData name="Length">839.1</SimpleData>
		<SimpleData name="Magnitude">4</SimpleData>
		<SimpleData name="DSContArea">26625600.0</SimpleData>
		<SimpleData name="strmDrop">29.27</SimpleData>
		<SimpleData name="Slope">0.034879024290</SimpleData>
		<SimpleData name="StraightL">752.4</SimpleData>
		<SimpleData name="USContArea">25696800.0</SimpleData>
		<SimpleData name="WSNO">121</SimpleData>
		<SimpleData name="DOUTEND">43003.3</SimpleData>
		<SimpleData name="DOUTSTART">43842.4</SimpleData>
		<SimpleData name="DOUTMID">43422.9</SimpleData>
	</SchemaData></ExtendedData>
      <LineString><coordinates>-111.533877257572,41.961752186407,0 -111.533515248268,41.9617538692449,0 -111.533150986523,41.9614853608185,0 -111.532786727836,41.9612168512063,0 -111.532422472208,41.9609483404081,0 -111.532058219637,41.960679828424,0 -111.531693970126,41.9604113152542,0 -111.531331968283,41.9604129911648,0 -111.530969966409,41.960414665934,0 -111.530607964505,41.9604163395619,0 -111.530243722547,41.960147821735,0 -111.529879483646,41.9598793027223,0 -111.529519721643,41.9601511632526,0 -111.529157721145,41.9601528322994,0 -111.52879348674,41.9598843098156,0 -111.52843148771,41.9598859765641,0 -111.528067257862,41.9596174517376,0 -111.5277052603,41.9596191161878,0 -111.527343262708,41.9596207794966,0 -111.526979038915,41.9593522511707,0 -111.526614818179,41.9590837216593,0 -111.526252823554,41.9590853815129,0 -111.525890828897,41.9590870402252,0 -111.525528834211,41.9590886977963,0</coordinates></LineString>
  </Placemark>
  <Placemark id="logannet3.38">
	<Style><LineStyle><color>ff0000ff</color></LineStyle><PolyStyle><fill>0</fill></PolyStyle></Style>
	<ExtendedData><SchemaData schemaUrl="#logannet3">
		<SimpleData name="LINKNO">114</SimpleData>
		<SimpleData name="DSLINKNO">121</SimpleData>
		<SimpleData name="USLINKNO1">107</SimpleData>
		<SimpleData name="USLINKNO2">30</SimpleData>
		<SimpleData name="DSNODEID">-1</SimpleData>
		<SimpleData name="strmOrder">2</SimpleData>
		<SimpleData name="Length">1636.7</SimpleData>
		<SimpleData name="Magnitude">3</SimpleData>
		<SimpleData name="DSContArea">22395600.0</SimpleData>
		<SimpleData name="strmDrop">68.34</SimpleData>
		<SimpleData name="Slope">0.041756240435</SimpleData>
		<SimpleData name="StraightL">1502.7</SimpleData>
		<SimpleData name="USContArea">20767500.0</SimpleData>
		<SimpleData name="WSNO">114</SimpleData>
		<SimpleData name="DOUTEND">43842.4</SimpleData>
		<SimpleData name="DOUTSTART">45479.1</SimpleData>
		<SimpleData name="DOUTMID">44660.8</SimpleData>
	</SchemaData></ExtendedData>
      <LineString><coordinates>-111.525528834211,41.9590886977963,0 -111.525166839494,41.959090354226,0 -111.524802627811,41.9588218189016,0 -111.524440634562,41.9588234730332,0 -111.524078641283,41.9588251260235,0 -111.523716647973,41.9588267778725,0 -111.523356865453,41.9590986192554,0 -111.522994870554,41.9591002688374,0 -111.522635083416,41.9593721079715,0 -111.522273086927,41.9593737552865,0 -111.521911090409,41.9593754014601,0 -111.52154909386,41.9593770464924,0 -111.521187097281,41.9593786903835,0 -111.520825100671,41.9593803331332,0 -111.520463104032,41.9593819747416,0 -111.520101107362,41.9593836152087,0 -111.519736915104,41.9591150637173,0 -111.519374919903,41.9591167018863,0 -111.519012924672,41.9591183389141,0 -111.518650929412,41.9591199748006,0 -111.518286744708,41.958851418654,0 -111.517924750916,41.9588530522425,0 -111.517560570769,41.9585844937543,0 -111.517198578447,41.9585861250448,0 -111.516834402857,41.9583175642151,0 -111.516472412004,41.9583191932078,0 -111.51611042112,41.9583208210592,0 -111.515748430207,41.9583224477693,0 -111.515386439264,41.9583240733382,0 -111.515024448292,41.9583256977658,0 -111.514662457289,41.9583273210521,0 -111.514300466257,41.9583289431972,0 -111.513938475195,41.958330564201,0 -111.513576484103,41.9583321840635,0 -111.513214492981,41.9583338027848,0 -111.512850335441,41.9580652292047,0 -111.512488345789,41.9580668456282,0 -111.512126356108,41.9580684609105,0 -111.511764366397,41.9580700750514,0 -111.511402376656,41.9580716880512,0 -111.511042545629,41.9583434911458,0 -111.510680554301,41.9583451018782,0 -111.510316407256,41.9580765202028,0 -111.509954417397,41.9580781286375,0 -111.509592427509,41.958079735931,0 -111.509230437591,41.9580813420832,0 -111.508868447643,41.9580829470941,0 -111.508506457666,41.9580845509638,0 -111.508146614172,41.9583563450494,0 -111.507784622608,41.9583579466516,0 -111.507422631014,41.9583595471126,0</coordinates></LineString>
  </Placemark>
  <Placemark id="logannet3.39">
	<Style><LineStyle><color>ff0000ff</color></LineStyle><PolyStyle><fill>0</fill></PolyStyle></Style>
	<ExtendedData><SchemaData schemaUrl="#logannet3">
		<SimpleData name="LINKNO">107</SimpleData>
		<SimpleData name="DSLINKNO">114</SimpleData>
		<SimpleData name="USLINKNO1">86</SimpleData>
		<SimpleData name="USLINKNO2">72</SimpleData>
		<SimpleData name="DSNODEID">-1</SimpleData>
		<SimpleData name="strmOrder">2</SimpleData>
		<SimpleData name="Length">4669.2</SimpleData>
		<SimpleData name="Magnitude">2</SimpleData>
		<SimpleData name="DSContArea">15583500.0</SimpleData>
		<SimpleData name="strmDrop">110.85</SimpleData>
		<SimpleData name="Slope">0.023740293398</SimpleData>
		<SimpleData name="StraightL">3594.5</SimpleData>
		<SimpleData name="USContArea">7855200.0</SimpleData>
		<SimpleData name="WSNO">107</SimpleData>
		<SimpleData name="DOUTEND">45479.1</SimpleData>
		<SimpleData name="DOUTSTART">50148.3</SimpleData>
		<SimpleData name="DOUTMID">47813.7</SimpleData>
	</SchemaData></ExtendedData>
      <LineString><coordinates>-111.507422631014,41.9583595471126,0 -111.507060639391,41.9583611464323,0 -111.506698647738,41.9583627446107,0 -111.506336656056,41.9583643416479,0 -111.505974664345,41.9583659375438,0 -111.505612672604,41.9583675322984,0 -111.505248546554,41.958098934434,0 -111.504884423561,41.9578303353856,0 -111.504520303627,41.957561735153,0 -111.50415618675,41.9572931337364,0 -111.503794200979,41.9572947227248,0 -111.50343008866,41.9570261189679,0 -111.503065979398,41.9567575140271,0 -111.502701873195,41.9564889079024,0 -111.50269974982,41.95621871623,0 -111.502337770048,41.9562203005937,0 -111.502335648232,41.9559501088935,0 -111.501971549701,41.9556815003732,0 -111.501607454228,41.955412890669,0 -111.501243361813,41.955144279781,0 -111.500879272455,41.9548756677093,0 -111.500877156898,41.9546054758853,0 -111.500875041371,41.9543352840484,0 -111.500513072155,41.9543368626021,0 -111.500510958185,41.9540666707375,0 -111.500146878057,41.9537980562429,0 -111.500144765674,41.9535278643377,0 -111.499780690161,41.9532592486318,0 -111.499416617705,41.9529906317422,0 -111.499414508465,41.9527204397688,0 -111.499774357857,41.9524486727562,0 -111.499772247147,41.9521784807719,0 -111.49940818092,41.9519098637716,0 -111.499406071797,41.9516396717469,0 -111.499044117751,41.9516412455878,0 -111.498682163676,41.9516428182876,0 -111.498320209573,41.9516443898465,0 -111.497958255441,41.9516459602644,0 -111.49759630128,41.9516475295413,0 -111.49723434709,41.9516490976771,0 -111.496872392872,41.951650664672,0 -111.496510438624,41.9516522305258,0 -111.496148484348,41.9516537952386,0 -111.495784436233,41.951385166625,0 -111.495420391175,41.9511165368281,0 -111.495056349174,41.950847905848,0 -111.494694399369,41.9508494659526,0 -111.494334537174,41.9511212171863,0 -111.493972585783,41.9511227750237,0 -111.493612718975,41.9513945240065,0 -111.49325284911,41.9516662718648,0 -111.492890894577,41.9516678263086,0 -111.492531020097,41.9519395719159,0 -111.492169063979,41.9519411240922,0 -111.491809184885,41.9522128674486,0 -111.491447227181,41.9522144173575,0 -111.491085269448,41.9522159661253,0 -111.490723311687,41.9522175137521,0 -111.490361353898,41.9522190602379,0 -111.48999939608,41.9522206055826,0 -111.489637438234,41.9522221497863,0 -111.489273414005,41.9519535004259,0 -111.488909392833,41.9516848498826,0 -111.488545374717,41.9514161981563,0 -111.488543311504,41.9511460056657,0 -111.488179298003,41.9508773527292,0 -111.488177236375,41.9506071601984,0 -111.487813227486,41.9503385060518,0 -111.487811167443,41.9500683134807,0 -111.487447163168,41.949799658124,0 -111.48744510471,41.9495294655128,0 -111.487081105048,41.949260808946,0 -111.487079048174,41.9489906162947,0 -111.486715053125,41.9487219585179,0 -111.486712997836,41.9484517658264,0 -111.4863490074,41.9481831068396,0 -111.485985020021,41.9479144466702,0 -111.485621035697,41.9476457853183,0 -111.485257054431,41.9473771227838,0 -111.48489307622,41.9471084590668,0 -111.484529101066,41.9468397941673,0 -111.484165128968,41.9465711280854,0 -111.483801159926,41.946302460821,0 -111.483799117114,41.9460322678987,0 -111.483435152684,41.9457635994247,0 -111.483433111457,41.9454934064623,0 -111.483431070257,41.945223213487,0 -111.483429029085,41.9449530204989,0 -111.483426987941,41.944682827498,0 -111.483424946825,41.9444126344842,0 -111.483422905737,41.9441424414576,0 -111.483420864677,41.9438722484181,0 -111.483418823645,41.9436020553658,0 -111.483416782641,41.9433318623007,0 -111.483414741665,41.9430616692227,0 -111.483412700717,41.9427914761318,0 -111.483410659797,41.9425212830282,0 -111.483408618904,41.9422510899116,0 -111.48340657804,41.9419808967823,0 -111.483042638447,41.9417122267453,0 -111.483040599167,41.9414420335759,0 -111.483038559914,41.9411718403937,0 -111.483036520689,41.9409016471986,0 -111.483034481492,41.9406314539907,0 -111.483032442323,41.94036126077,0 -111.483030403181,41.9400910675364,0 -111.483028364068,41.9398208742899,0 -111.483026324983,41.9395506810307,0 -111.483024285925,41.9392804877585,0 -111.482660363388,41.9390118162948,0 -111.482658325914,41.9387416229826,0 -111.482656288467,41.9384714296577,0 -111.482654251049,41.9382012363198,0 -111.482652213659,41.9379310429692,0 -111.482650176296,41.9376608496057,0 -111.482648138961,41.9373906562293,0 -111.482646101655,41.9371204628402,0 -111.482644064376,41.9368502694382,0 -111.482642027125,41.9365800760233,0 -111.482639989902,41.9363098825956,0 -111.482637952706,41.9360396891551,0 -111.482635915539,41.9357694957017,0 -111.4826338784,41.9354993022355,0 -111.482631841288,41.9352291087564,0 -111.482629804204,41.9349589152645,0 -111.482989626219,41.934687200168,0 -111.482987587664,41.9344170066648,0 -111.482985549137,41.9341468131487,0 -111.483345365099,41.9338750969307,0 -111.483343325101,41.9336049034033,0 -111.483341285131,41.933334709863,0 -111.483339245188,41.9330645163099,0 -111.483337205273,41.932794322744,0 -111.483335165387,41.9325241291652,0 -111.483333125528,41.9322539355736,0 -111.483331085697,41.9319837419691,0 -111.483329045894,41.9317135483518,0 -111.483327006119,41.9314433547217,0</coordinates></LineString>
  </Placemark>
  <Placemark id="logannet3.40">
	<Style><LineStyle><color>ff0000ff</color></LineStyle><PolyStyle><fill>0</fill></PolyStyle></Style>
	<ExtendedData><SchemaData schemaUrl="#logannet3">
		<SimpleData name="LINKNO">100</SimpleData>
		<SimpleData name="DSLINKNO">149</SimpleData>
		<SimpleData name="USLINKNO1">23</SimpleData>
		<SimpleData name="USLINKNO2">16</SimpleData>
		<SimpleData name="DSNODEID">-1</SimpleData>
		<SimpleData name="strmOrder">2</SimpleData>
		<SimpleData name="Length">2564.6</SimpleData>
		<SimpleData name="Magnitude">2</SimpleData>
		<SimpleData name="DSContArea">8296200.0</SimpleData>
		<SimpleData name="strmDrop">259.47</SimpleData>
		<SimpleData name="Slope">0.101175014814</SimpleData>
		<SimpleData name="StraightL">2490.0</SimpleData>
		<SimpleData name="USContArea">4736700.0</SimpleData>
		<SimpleData name="WSNO">100</SimpleData>
		<SimpleData name="DOUTEND">44307.0</SimpleData>
		<SimpleData name="DOUTSTART">46871.6</SimpleData>
		<SimpleData name="DOUTMID">45589.3</SimpleData>
	</SchemaData></ExtendedData>
      <LineString><coordinates>-111.598400362912,41.9706208116745,0 -111.598762418356,41.9706189239275,0 -111.599124473765,41.9706170350388,0 -111.599486529139,41.9706151450083,0 -111.599848584479,41.9706132538362,0 -111.600210639784,41.9706113615224,0 -111.600572695055,41.9706094680669,0 -111.60093475029,41.9706075734696,0 -111.601296805491,41.9706056777307,0 -111.601658860657,41.97060378085,0 -111.602020915788,41.9706018828277,0 -111.602382970884,41.9705999836637,0 -111.602745025946,41.9705980833579,0 -111.603107080972,41.9705961819105,0 -111.603469135964,41.9705942793213,0 -111.603831190921,41.9705923755905,0 -111.604193245843,41.9705904707179,0 -111.604555300729,41.9705885647037,0 -111.604917355581,41.9705866575477,0 -111.605276852495,41.9703145629302,0 -111.605638905747,41.9703126535089,0 -111.606000958964,41.9703107429458,0 -111.606363012146,41.9703088312411,0 -111.606725065293,41.9703069183947,0 -111.607087118405,41.9703050044065,0 -111.607449171481,41.9703030892767,0 -111.607811224523,41.9703011730053,0 -111.608173277529,41.9702992555921,0 -111.6085353305,41.9702973370372,0 -111.608897383436,41.9702954173407,0 -111.609259436336,41.9702934965025,0 -111.609621489202,41.9702915745226,0 -111.609983542032,41.970289651401,0 -111.610345594826,41.9702877271377,0 -111.610707647586,41.9702858017327,0 -111.61106970031,41.970283875186,0 -111.611431752999,41.9702819474977,0 -111.611793805652,41.9702800186677,0 -111.61215585827,41.970278088696,0 -111.612517910852,41.9702761575826,0 -111.612879963399,41.9702742253276,0 -111.613242015911,41.9702722919308,0 -111.613604068387,41.9702703573924,0 -111.613966120827,41.9702684217123,0 -111.614328173232,41.9702664848905,0 -111.614690225602,41.970264546927,0 -111.615054877143,41.9705327936522,0 -111.615419531744,41.9708010391863,0 -111.615781587066,41.9707990977612,0 -111.616146246221,41.9710673409441,0 -111.616508303002,41.9710653972173,0 -111.616870359747,41.9710634523488,0 -111.617232416456,41.9710615063385,0 -111.61759447313,41.9710595591866,0 -111.617956529768,41.9710576108929,0 -111.61831858637,41.9710556614576,0 -111.618680642937,41.9710537108805,0 -111.619042699467,41.9710517591617,0 -111.619404755962,41.9710498063013,0 -111.619766812421,41.9710478522991,0 -111.620128868844,41.9710458971552,0 -111.620490925232,41.9710439408695,0 -111.620852981583,41.9710419834422,0 -111.621215037898,41.9710400248732,0 -111.621577094178,41.9710380651625,0 -111.621939150421,41.97103610431,0 -111.622301206629,41.9710341423159,0 -111.6226632628,41.9710321791801,0 -111.623025318935,41.9710302149025,0 -111.623387375035,41.9710282494832,0 -111.623749431098,41.9710262829223,0 -111.624111487125,41.9710243152196,0 -111.624470904062,41.9707521610495,0 -111.624832958487,41.9707501910819,0 -111.625195012876,41.9707482199727,0 -111.625557067229,41.9707462477218,0 -111.625919121546,41.9707442743292,0 -111.626281175826,41.9707422997949,0 -111.626640581873,41.9704701388918,0 -111.627002634551,41.9704681620928,0 -111.627364687193,41.970466184152,0 -111.627726739798,41.9704642050696,0 -111.628088792368,41.9704622248455,0 -111.6284508449,41.9704602434798,0</coordinates></LineString>
  </Placemark>
  <Placemark id="logannet3.41">
	<Style><LineStyle><color>ff0000ff</color></LineStyle><PolyStyle><fill>0</fill></PolyStyle></Style>
	<ExtendedData><SchemaData schemaUrl="#logannet3">
		<SimpleData name="LINKNO">93</SimpleData>
		<SimpleData name="DSLINKNO">226</SimpleData>
		<SimpleData name="USLINKNO1">-1</SimpleData>
		<SimpleData name="USLINKNO2">-1</SimpleData>
		<SimpleData name="DSNODEID">-1</SimpleData>
		<SimpleData name="strmOrder">1</SimpleData>
		<SimpleData name="Length">162.4</SimpleData>
		<SimpleData name="Magnitude">1</SimpleData>
		<SimpleData name="DSContArea">2257200.0</SimpleData>
		<SimpleData name="strmDrop">2.65</SimpleData>
		<SimpleData name="Slope">0.016292685135</SimpleData>
		<SimpleData name="StraightL">153.0</SimpleData>
		<SimpleData name="USContArea">2236500.0</SimpleData>
		<SimpleData name="WSNO">93</SimpleData>
		<SimpleData name="DOUTEND">37156.5</SimpleData>
		<SimpleData name="DOUTSTART">37319.0</SimpleData>
		<SimpleData name="DOUTMID">37237.8</SimpleData>
	</SchemaData></ExtendedData>
      <LineString><coordinates>-111.563209900249,41.921622233908,0 -111.563212276324,41.9218924245543,0 -111.563214652431,41.9221626151878,0 -111.563217028572,41.9224328058083,0 -111.563219404744,41.922702996416,0 -111.563583569161,41.922971411832,0</coordinates></LineString>
  </Placemark>
  <Placemark id="logannet3.42">
	<Style><LineStyle><color>ff0000ff</color></LineStyle><PolyStyle><fill>0</fill></PolyStyle></Style>
	<ExtendedData><SchemaData schemaUrl="#logannet3">
		<SimpleData name="LINKNO">86</SimpleData>
		<SimpleData name="DSLINKNO">107</SimpleData>
		<SimpleData name="USLINKNO1">-1</SimpleData>
		<SimpleData name="USLINKNO2">-1</SimpleData>
		<SimpleData name="DSNODEID">-1</SimpleData>
		<SimpleData name="strmOrder">1</SimpleData>
		<SimpleData name="Length">2440.7</SimpleData>
		<SimpleData name="Magnitude">1</SimpleData>
		<SimpleData name="DSContArea">5491800.0</SimpleData>
		<SimpleData name="strmDrop">146.39</SimpleData>
		<SimpleData name="Slope">0.059978729118</SimpleData>
		<SimpleData name="StraightL">1597.1</SimpleData>
		<SimpleData name="USContArea">1250100.0</SimpleData>
		<SimpleData name="WSNO">86</SimpleData>
		<SimpleData name="DOUTEND">50148.3</SimpleData>
		<SimpleData name="DOUTSTART">52588.9</SimpleData>
		<SimpleData name="DOUTMID">51368.6</SimpleData>
	</SchemaData></ExtendedData>
      <LineString><coordinates>-111.483327006119,41.9314433547217,0 -111.483324966372,41.9311731610787,0 -111.483322926653,41.9309029674229,0 -111.483320886962,41.9306327737542,0 -111.483680681882,41.93036105643,0 -111.483678640719,41.93009086275,0 -111.483676599585,41.9298206690572,0 -111.483674558479,41.9295504753515,0 -111.483672517401,41.929280281633,0 -111.483308649401,41.9290116114726,0 -111.483306609905,41.928741417714,0 -111.482942746514,41.9284727463448,0 -111.482940708601,41.9282025525462,0 -111.482938670716,41.9279323587348,0 -111.482936632858,41.9276621649105,0 -111.482934595029,41.9273919710734,0 -111.482932557227,41.9271217772235,0 -111.482930519453,41.9268515833607,0 -111.482928481707,41.9265813894851,0 -111.482926443989,41.9263111955967,0 -111.482924406299,41.9260410016954,0 -111.482922368637,41.9257708077812,0 -111.483282138134,41.9254990916099,0 -111.483641904578,41.9252273743145,0 -111.484001667969,41.924955655895,0 -111.484361428308,41.9246839363515,0 -111.484721185593,41.9244122156839,0 -111.485080939826,41.9241404938923,0 -111.485078893201,41.9238702999745,0 -111.485438642883,41.9235985770606,0 -111.485436594788,41.9233283831315,0 -111.485796339919,41.9230566590952,0 -111.486156081998,41.9227849339351,0 -111.486515821024,41.9225132076511,0 -111.486877611085,41.9225116741659,0 -111.487237345504,41.9222399456327,0 -111.487597076871,41.9219682159758,0 -111.487958863796,41.9219666791001,0 -111.488320650692,41.9219651410845,0 -111.488682437561,41.9219636019291,0 -111.489044224401,41.9219620616339,0 -111.489406011212,41.9219605201988,0 -111.489767797996,41.921958977624,0 -111.490129584751,41.9219574339092,0 -111.490491371478,41.9219558890547,0 -111.490853158177,41.9219543430603,0 -111.491214944847,41.9219527959261,0 -111.491576731489,41.921951247652,0 -111.491940593529,41.9222198919702,0 -111.492304458621,41.9224885351066,0 -111.49266624823,41.9224869833838,0 -111.493028037811,41.9224854305211,0 -111.493389827363,41.9224838765186,0 -111.493751616886,41.9224823213763,0 -111.494113406381,41.9224807650941,0 -111.494475195848,41.922479207672,0 -111.494836985286,41.9224776491101,0 -111.495200863915,41.9227462829829,0 -111.495562654822,41.9227447221266,0 -111.495926538,41.9230133536627,0 -111.496288330376,41.9230117905119,0 -111.496650122724,41.9230102262213,0 -111.49701401195,41.923278854266,0 -111.497375805766,41.9232772876809,0 -111.497739699543,41.9235459133886,0 -111.498103596372,41.9238145379141,0 -111.498467496253,41.9240831612573,0 -111.498829294534,41.9240815900682,0 -111.499191092785,41.9240800177392,0 -111.499554998714,41.9243486375906,0 -111.499916798434,41.9243470629669,0 -111.500280708914,41.9246156804811,0</coordinates></LineString>
  </Placemark>
  <Placemark id="logannet3.43">
	<Style><LineStyle><color>ff0000ff</color></LineStyle><PolyStyle><fill>0</fill></PolyStyle></Style>
	<ExtendedData><SchemaData schemaUrl="#logannet3">
		<SimpleData name="LINKNO">79</SimpleData>
		<SimpleData name="DSLINKNO">212</SimpleData>
		<SimpleData name="USLINKNO1">-1</SimpleData>
		<SimpleData name="USLINKNO2">-1</SimpleData>
		<SimpleData name="DSNODEID">-1</SimpleData>
		<SimpleData name="strmOrder">1</SimpleData>
		<SimpleData name="Length">3346.2</SimpleData>
		<SimpleData name="Magnitude">1</SimpleData>
		<SimpleData name="DSContArea">5695200.0</SimpleData>
		<SimpleData name="strmDrop">336.76</SimpleData>
		<SimpleData name="Slope">0.100641107740</SimpleData>
		<SimpleData name="StraightL">2671.5</SimpleData>
		<SimpleData name="USContArea">2004300.0</SimpleData>
		<SimpleData name="WSNO">79</SimpleData>
		<SimpleData name="DOUTEND">37476.2</SimpleData>
		<SimpleData name="DOUTSTART">40822.4</SimpleData>
		<SimpleData name="DOUTMID">39149.3</SimpleData>
	</SchemaData></ExtendedData>
      <LineString><coordinates>-111.561419945322,41.9237926177658,0 -111.561060519515,41.9240645767993,0 -111.560698724971,41.924066344066,0 -111.560336930395,41.9240681101928,0 -111.559977498418,41.9243400658604,0 -111.559618063389,41.9246120204084,0 -111.559258625306,41.9248839738369,0 -111.558899184172,41.9251559261458,0 -111.558539739984,41.9254278773352,0 -111.558180292744,41.9256998274049,0 -111.55782084245,41.9259717763549,0 -111.557459036932,41.9259735334786,0 -111.557099582027,41.9262454801856,0 -111.55674012407,41.9265174257728,0 -111.556378315402,41.9265191795097,0 -111.556018852833,41.9267911228536,0 -111.555657042574,41.9267928743271,0 -111.555297575393,41.9270648154277,0 -111.554935763544,41.9270665646377,0 -111.554573951662,41.9270683127076,0 -111.554214478311,41.9273402504413,0 -111.553852664839,41.9273419962477,0 -111.553490851335,41.9273437409141,0 -111.553131371814,41.9276156752807,0 -111.55276955672,41.9276174176835,0 -111.552410072587,41.9278893498064,0 -111.552048255902,41.9278910899455,0 -111.551688767158,41.9281630198247,0 -111.551326948883,41.9281647577002,0 -111.550965130576,41.9281664944356,0 -111.550605635662,41.9284384209472,0 -111.550246137694,41.9287103463386,0 -111.549884316238,41.9287120796866,0 -111.549522494751,41.9287138118945,0 -111.549160673232,41.9287155429623,0 -111.54879885168,41.92871727289,0 -111.548437030098,41.9287190016777,0 -111.548077521285,41.92899092033,0 -111.547715698112,41.9289926468538,0 -111.547356184688,41.9292645632619,0 -111.546996668211,41.9295364785496,0 -111.54663714868,41.9298083927168,0 -111.546639455502,41.930078583735,0 -111.546279931422,41.9303504967851,0 -111.545920404289,41.9306224087145,0 -111.545560874102,41.9308943195234,0 -111.545201340862,41.9311662292117,0 -111.544841804568,41.9314381377793,0 -111.54448226522,41.9317100452263,0 -111.544122722819,41.9319819515525,0 -111.543760882505,41.931983665713,0 -111.543401335491,41.9322555697944,0 -111.543041785424,41.9325274727551,0 -111.542679941962,41.9325291835273,0 -111.542320387282,41.9328010842429,0 -111.54195854223,41.9328027927508,0 -111.541598982938,41.9330746912214,0 -111.541239420593,41.9333465885711,0 -111.540877572393,41.9333482936904,0 -111.540518005435,41.9336201887949,0 -111.540156155646,41.9336218916497,0 -111.539796584075,41.933893784509,0 -111.539434732697,41.9338954850993,0 -111.539072881287,41.9338971845493,0 -111.538711029846,41.9338988828591,0 -111.538349178373,41.9339005800285,0 -111.537985056255,41.933632084833,0 -111.537623206248,41.933633779706,0 -111.537259088679,41.9333652821691,0 -111.536894974165,41.9330967834473,0 -111.536530862705,41.9328282835404,0 -111.536166754299,41.9325597824486,0 -111.535802648946,41.9322912801718,0 -111.535440806388,41.9322929681236,0 -111.535076705585,41.9320244635058,0 -111.534714864492,41.9320261491613,0 -111.534353023367,41.9320278336766,0 -111.533991182212,41.9320295170516,0 -111.533629341026,41.9320311992864,0 -111.533267499809,41.9320328803811,0 -111.532903409541,41.9317643687981,0 -111.532539322326,41.9314958560305,0 -111.532537074894,41.9312256644517,0 -111.53217299229,41.9309571504707,0 -111.531808912741,41.9306886353051,0 -111.531444836244,41.930420118955,0 -111.531442593515,41.9301499272773,0 -111.53107852163,41.9298814097139,0 -111.530714452799,41.929612890966,0 -111.530350387021,41.9293443710336,0 -111.529986324296,41.9290758499168,0</coordinates></LineString>
  </Placemark>
  <Placemark id="logannet3.44">
	<Style><LineStyle><color>ff0000ff</color></LineStyle><PolyStyle><fill>0</fill></PolyStyle></Style>
	<ExtendedData><SchemaData schemaUrl="#logannet3">
		<SimpleData name="LINKNO">72</SimpleData>
		<SimpleData name="DSLINKNO">107</SimpleData>
		<SimpleData name="USLINKNO1">-1</SimpleData>
		<SimpleData name="USLINKNO2">-1</SimpleData>
		<SimpleData name="DSNODEID">-1</SimpleData>
		<SimpleData name="strmOrder">1</SimpleData>
		<SimpleData name="Length">1049.1</SimpleData>
		<SimpleData name="Magnitude">1</SimpleData>
		<SimpleData name="DSContArea">2361600.0</SimpleData>
		<SimpleData name="strmDrop">52.29</SimpleData>
		<SimpleData name="Slope">0.049841259363</SimpleData>
		<SimpleData name="StraightL">902.0</SimpleData>
		<SimpleData name="USContArea">1567800.0</SimpleData>
		<SimpleData name="WSNO">72</SimpleData>
		<SimpleData name="DOUTEND">50148.3</SimpleData>
		<SimpleData name="DOUTSTART">51197.4</SimpleData>
		<SimpleData name="DOUTMID">50672.8</SimpleData>
	</SchemaData></ExtendedData>
      <LineString><coordinates>-111.483327006119,41.9314433547217,0 -111.483686805536,41.9311716373929,0 -111.484048644671,41.9311701125669,0 -111.484408439479,41.930898392988,0 -111.484768231233,41.9306266722848,0 -111.485128019933,41.9303549504574,0 -111.48548780558,41.9300832275058,0 -111.485847588173,41.9298115034301,0 -111.486207367713,41.9295397782302,0 -111.486569197491,41.9295382455094,0 -111.486931027241,41.9295367116486,0 -111.487292856963,41.9295351766476,0 -111.487654686657,41.9295336405064,0 -111.488016516323,41.9295321032251,0 -111.488380406915,41.9298007583218,0 -111.488742238051,41.9297992187457,0 -111.489104069159,41.9297976780295,0 -111.489465900239,41.9297961361732,0 -111.48982773129,41.9297945931767,0 -111.490189562313,41.9297930490401,0 -111.490551393308,41.9297915037633,0 -111.490915295944,41.9300601507498,0 -111.491279201634,41.9303287965542,0 -111.491641035598,41.9303272478278,0 -111.49200494584,41.9305958912952,0 -111.492366781273,41.9305943402738,0 -111.492728616678,41.9305927881123,0 -111.493090452054,41.9305912348106,0 -111.493452287402,41.9305896803688,0 -111.493816206692,41.9308583180347,0 -111.494178043509,41.9308567612978,0</coordinates></LineString>
  </Placemark>
  <Placemark id="logannet3.45">
	<Style><LineStyle><color>ff0000ff</color></LineStyle><PolyStyle><fill>0</fill></PolyStyle></Style>
	<ExtendedData><SchemaData schemaUrl="#logannet3">
		<SimpleData name="LINKNO">65</SimpleData>
		<SimpleData name="DSLINKNO">156</SimpleData>
		<SimpleData name="USLINKNO1">-1</SimpleData>
		<SimpleData name="USLINKNO2">-1</SimpleData>
		<SimpleData name="DSNODEID">-1</SimpleData>
		<SimpleData name="strmOrder">1</SimpleData>
		<SimpleData name="Length">1356.4</SimpleData>
		<SimpleData name="Magnitude">1</SimpleData>
		<SimpleData name="DSContArea">3809700.0</SimpleData>
		<SimpleData name="strmDrop">118.25</SimpleData>
		<SimpleData name="Slope">0.087181528522</SimpleData>
		<SimpleData name="StraightL">1181.9</SimpleData>
		<SimpleData name="USContArea">2156400.0</SimpleData>
		<SimpleData name="WSNO">65</SimpleData>
		<SimpleData name="DOUTEND">42568.8</SimpleData>
		<SimpleData name="DOUTSTART">43925.2</SimpleData>
		<SimpleData name="DOUTMID">43247.0</SimpleData>
	</SchemaData></ExtendedData>
      <LineString><coordinates>-111.634203870145,41.9298985172547,0 -111.634568370665,41.9301667048971,0 -111.634932874239,41.9304348913488,0 -111.635297380867,41.9307030766099,0 -111.635300061906,41.9309732632645,0 -111.63566457315,41.931241447303,0 -111.636029087448,41.9315096301508,0 -111.636393604799,41.9317778118078,0 -111.636396290566,41.9320479983541,0 -111.636760812534,41.9323161787885,0 -111.636763499902,41.9325863652901,0 -111.637128026487,41.9328545445018,0 -111.637492556126,41.9331227225226,0 -111.637854396761,41.9331207129462,0 -111.638216237358,41.9331187022296,0 -111.638578077919,41.9331166903729,0 -111.638939918443,41.9331146773759,0 -111.63930175893,41.9331126632388,0 -111.63966359938,41.9331106479615,0 -111.640025439793,41.933108631544,0 -111.640389982916,41.9333768002597,0 -111.640751824782,41.9333747815428,0 -111.641113666611,41.9333727616857,0 -111.641475508402,41.9333707406884,0 -111.641837350157,41.933368718551,0 -111.642199191875,41.9333666952733,0 -111.642558321648,41.9330944846964,0 -111.642920161764,41.9330924591575,0 -111.643282001844,41.9330904324783,0 -111.643643841886,41.933088404659,0 -111.644005681891,41.9330863756995,0 -111.644367521859,41.9330843455998,0 -111.64472936179,41.9330823143599,0 -111.645091201683,41.9330802819799,0 -111.645455765662,41.9333484344657,0 -111.645820332695,41.9336165857601,0 -111.646182175531,41.9336145499211,0 -111.646546747107,41.9338826988647,0 -111.646911321737,41.9341508466167,0 -111.647273167515,41.9341488073187,0</coordinates></LineString>
  </Placemark>
  <Placemark id="logannet3.46">
	<Style><LineStyle><color>ff0000ff</color></LineStyle><PolyStyle><fill>0</fill></PolyStyle></Style>
	<ExtendedData><SchemaData schemaUrl="#logannet3">
		<SimpleData name="LINKNO">58</SimpleData>
		<SimpleData name="DSLINKNO">184</SimpleData>
		<SimpleData name="USLINKNO1">-1</SimpleData>
		<SimpleData name="USLINKNO2">-1</SimpleData>
		<SimpleData name="DSNODEID">-1</SimpleData>
		<SimpleData name="strmOrder">1</SimpleData>
		<SimpleData name="Length">6227.4</SimpleData>
		<SimpleData name="Magnitude">1</SimpleData>
		<SimpleData name="DSContArea">8047800.0</SimpleData>
		<SimpleData name="strmDrop">491.54</SimpleData>
		<SimpleData name="Slope">0.078931191101</SimpleData>
		<SimpleData name="StraightL">4921.5</SimpleData>
		<SimpleData name="USContArea">1936800.0</SimpleData>
		<SimpleData name="WSNO">58</SimpleData>
		<SimpleData name="DOUTEND">40698.1</SimpleData>
		<SimpleData name="DOUTSTART">46925.5</SimpleData>
		<SimpleData name="DOUTMID">43811.8</SimpleData>
	</SchemaData></ExtendedData>
      <LineString><coordinates>-111.578267372215,41.9464059420479,0 -111.57862929193,41.946404118642,0 -111.578991211611,41.9464022940953,0 -111.579350684991,41.9461302796794,0 -111.579348238756,41.945860090938,0 -111.579345792555,41.9455899021837,0 -111.579343346388,41.9453197134166,0 -111.579702812228,41.9450476978945,0 -111.580062275013,41.9447756812532,0 -111.580421734742,41.9445036634928,0 -111.580781191416,41.9442316446134,0 -111.581143098672,41.9442298133602,0 -111.581505005896,41.9442279809664,0 -111.581866913086,41.9442261474319,0 -111.582228820242,41.9442243127567,0 -111.582590727364,41.9442224769409,0 -111.582952634453,41.9442206399844,0 -111.583314541508,41.9442188018872,0 -111.583676448529,41.9442169626493,0 -111.584038355517,41.9442151222709,0 -111.584397795081,41.9439430921621,0 -111.584759700474,41.9439412495197,0 -111.585121605832,41.9439394057366,0 -111.585481039218,41.9436673722625,0 -111.585840469548,41.9433953376697,0 -111.58620237175,41.9433934904994,0 -111.586561797463,41.9431214536647,0 -111.586921220121,41.9428494157113,0 -111.587280639723,41.9425773766393,0 -111.587642537206,41.9425755249588,0 -111.588001952191,41.9423034836451,0 -111.588361364122,41.9420314412128,0 -111.588720772996,41.941759397662,0 -111.58908266576,41.9417575414717,0 -111.589442070018,41.9414854956793,0 -111.589803961186,41.9414836372254,0 -111.590163360827,41.9412115891916,0 -111.590160869369,41.9409414007394,0 -111.590520264462,41.9406693515919,0 -111.590517771544,41.9403991631316,0 -111.590877162088,41.9401271128704,0 -111.591236549577,41.939855061491,0 -111.591595934012,41.9395830089933,0 -111.591955315391,41.9393109553774,0 -111.591952816535,41.9390407669228,0 -111.592312193366,41.9387687121934,0 -111.592671567143,41.9384966563459,0 -111.592669065334,41.9382264678879,0 -111.593028434563,41.937954410927,0 -111.593387800738,41.937682352848,0 -111.593747163857,41.937410293651,0 -111.594106523923,41.937138233336,0 -111.594468390207,41.9371363603372,0 -111.594827745657,41.9368642977816,0 -111.595187098051,41.9365922341079,0 -111.595548961179,41.9365903577235,0 -111.595910824271,41.9365884801987,0 -111.596272687329,41.9365866015335,0 -111.596632031985,41.936314533374,0 -111.596993893447,41.9363126524459,0 -111.597355754875,41.9363107703774,0 -111.597717616268,41.9363088871686,0 -111.598079477626,41.9363070028194,0 -111.59844133895,41.9363051173299,0 -111.59880320024,41.9363032307,0 -111.599165061494,41.9363013429298,0 -111.5995294533,41.9365696422312,0 -111.599891316013,41.9365677521625,0 -111.600253178691,41.9365658609535,0 -111.600617576536,41.9368341567496,0 -111.600979440672,41.936832263242,0 -111.601343843064,41.937100556691,0 -111.601705708658,41.9370986608849,0 -111.602067574217,41.9370967639384,0 -111.602431982648,41.9373650538819,0 -111.602793849665,41.9373631546368,0 -111.603158262643,41.937631442233,0 -111.603520131117,41.9376295406892,0 -111.603881999556,41.9376276380049,0 -111.604243867961,41.9376257341803,0 -111.604608288471,41.9378940171125,0 -111.604970158332,41.9378921109891,0 -111.60533458339,41.9381603915737,0 -111.605696454709,41.9381584831516,0 -111.606058325993,41.9381565735891,0 -111.606420197242,41.9381546628861,0 -111.606782068455,41.9381527510428,0 -111.607143939634,41.938150838059,0 -111.607505810778,41.9381489239349,0 -111.607867681887,41.9381470086703,0 -111.60822955296,41.9381450922654,0 -111.608591423999,41.93814317472,0 -111.608950724499,41.9378710683662,0 -111.609312593939,41.9378691485581,0 -111.60931516597,41.938139336208,0 -111.609679610496,41.9384076028603,0 -111.610044058077,41.9386758683231,0 -111.610405931994,41.9386739450395,0 -111.610770384121,41.9389422081542,0 -111.611132259495,41.9389402825716,0 -111.611494134833,41.9389383558485,0 -111.611856010136,41.938936427985,0 -111.612217885404,41.938934498981,0 -111.612579760636,41.9389325688366,0 -111.612941635833,41.9389306375518,0 -111.613306099967,41.9391988925252,0 -111.613667976621,41.9391969589413,0 -111.614029853239,41.939195024217,0 -111.614391729821,41.9391930883521,0 -111.614753606368,41.9391911513469,0 -111.615118079525,41.9394594004958,0 -111.615479957528,41.9394574611914,0 -111.615844435231,41.9397257079916,0 -111.616206314691,41.939723766388,0 -111.616568194115,41.939721823644,0 -111.616932677856,41.9399900669367,0 -111.617294558736,41.9399881218934,0 -111.617659047025,41.9402563628374,0 -111.618023538368,41.9405246025913,0 -111.618385422196,41.9405226540898,0 -111.618747305988,41.9405207044478,0 -111.619111803369,41.9407889406939,0 -111.619476303806,41.9410571757498,0 -111.619840807297,41.9413254096155,0 -111.620202695529,41.9413234553563,0 -111.620567203567,41.9415916868728,0 -111.620931714661,41.941859917199,0 -111.620934336103,41.942130104071,0 -111.621298851815,41.9423983331756,0 -111.621301474856,41.9426685200033,0 -111.621665995187,41.9429367478862,0 -111.622030518574,41.9432049745786,0 -111.622395045015,41.9434732000806,0 -111.622759574512,41.9437414243921,0 -111.623124107065,41.9440096475131,0 -111.623126737961,41.9442798341711,0 -111.623491275132,41.9445480560701,0 -111.623853181336,41.9445460901835,0 -111.624212451989,41.9442739365666,0 -111.624576993636,41.9445421549882,0 -111.624938899732,41.9445401856796,0 -111.625303445926,41.9448084017513,0 -111.625665353477,41.9448064301428,0 -111.626027260992,41.9448044573936,0 -111.626029904218,41.9450746438645,0 -111.626032547481,41.9453448303225,0 -111.626397102842,41.945613042822,0 -111.626399747705,41.9458832292356,0 -111.626764307686,41.9461514405128,0 -111.627128870722,41.9464196505992,0 -111.62749078726,41.9464176731756,0 -111.627852703761,41.9464156946113,0 -111.628217272836,41.9466839011881,0 -111.628581844968,41.9469521065738,0 -111.62858449918,41.9472222928112,0 -111.628946420156,41.9472203107687,0 -111.629308341095,41.9472183275854,0 -111.629670261999,41.9472163432614,0 -111.630032182865,41.9472143577967,0 -111.630394103696,41.9472123711912,0 -111.63075602449,41.9472103834449,0 -111.631117945247,41.9472083945579,0 -111.631479865968,41.9472064045301,0 -111.631841786653,41.9472044133616,0 -111.632203707301,41.9472024210524,0 -111.632565627912,41.9472004276023,0 -111.63292487594,41.9469282469991,0 -111.63328679495,41.9469262512864,0 -111.633648713924,41.9469242544329,0 -111.634013309992,41.9471924423948,0 -111.63437523042,41.947190443241,0 -111.634737150812,41.9471884429465,0 -111.635099071167,41.9471864415112,0 -111.635460991485,41.9471844389352,0 -111.635822911766,41.9471824352185,0 -111.636184832011,41.947180430361,0 -111.636546752219,41.9471784243627,0 -111.63690867239,41.9471764172237,0 -111.637270592525,41.947174408944,0 -111.637632512622,41.9471723995235,0</coordinates></LineString>
  </Placemark>
  <Placemark id="logannet3.47">
	<Style><LineStyle><color>ff0000ff</color></LineStyle><PolyStyle><fill>0</fill></PolyStyle></Style>
	<ExtendedData><SchemaData schemaUrl="#logannet3">
		<SimpleData name="LINKNO">51</SimpleData>
		<SimpleData name="DSLINKNO">121</SimpleData>
		<SimpleData name="USLINKNO1">-1</SimpleData>
		<SimpleData name="USLINKNO2">-1</SimpleData>
		<SimpleData name="DSNODEID">-1</SimpleData>
		<SimpleData name="strmOrder">1</SimpleData>
		<SimpleData name="Length">831.8</SimpleData>
		<SimpleData name="Magnitude">1</SimpleData>
		<SimpleData name="DSContArea">3300300.0</SimpleData>
		<SimpleData name="strmDrop">29.68</SimpleData>
		<SimpleData name="Slope">0.035680543552</SimpleData>
		<SimpleData name="StraightL">725.6</SimpleData>
		<SimpleData name="USContArea">2569500.0</SimpleData>
		<SimpleData name="WSNO">51</SimpleData>
		<SimpleData name="DOUTEND">43842.4</SimpleData>
		<SimpleData name="DOUTSTART">44674.3</SimpleData>
		<SimpleData name="DOUTMID">44258.4</SimpleData>
	</SchemaData></ExtendedData>
      <LineString><coordinates>-111.525528834211,41.9590886977963,0 -111.525164621029,41.9588201636287,0 -111.524800410906,41.9585516282758,0 -111.524436203841,41.9582830917376,0 -111.524071999833,41.9580145540141,0 -111.524069786077,41.9577443633187,0 -111.524067572351,41.9574741726103,0 -111.52370337452,41.9572056336448,0 -111.523339179747,41.956937093494,0 -111.52333696917,41.956666902716,0 -111.523334758623,41.9563967119251,0 -111.523332548106,41.9561265211214,0 -111.523692314142,41.9558546797681,0 -111.523690102157,41.9555844889542,0 -111.523687890203,41.9553142981275,0 -111.523685678279,41.9550441072879,0 -111.523683466385,41.9547739164354,0 -111.523681254521,41.9545037255701,0 -111.524041010007,41.9542318831075,0 -111.524038796676,41.953961692232,0 -111.524398547607,41.9536898486492,0 -111.524396332807,41.9534196577636,0 -111.524394118038,41.9531494668652,0 -111.524391903299,41.9528792759539,0 -111.52438968859,41.9526090850297,0</coordinates></LineString>
  </Placemark>
  <Placemark id="logannet3.48">
	<Style><LineStyle><color>ff0000ff</color></LineStyle><PolyStyle><fill>0</fill></PolyStyle></Style>
	<ExtendedData><SchemaData schemaUrl="#logannet3">
		<SimpleData name="LINKNO">44</SimpleData>
		<SimpleData name="DSLINKNO">177</SimpleData>
		<SimpleData name="USLINKNO1">-1</SimpleData>
		<SimpleData name="USLINKNO2">-1</SimpleData>
		<SimpleData name="DSNODEID">-1</SimpleData>
		<SimpleData name="strmOrder">1</SimpleData>
		<SimpleData name="Length">2033.1</SimpleData>
		<SimpleData name="Magnitude">1</SimpleData>
		<SimpleData name="DSContArea">5295600.0</SimpleData>
		<SimpleData name="strmDrop">211.12</SimpleData>
		<SimpleData name="Slope">0.103844329079</SimpleData>
		<SimpleData name="StraightL">1730.9</SimpleData>
		<SimpleData name="USContArea">2179800.0</SimpleData>
		<SimpleData name="WSNO">44</SimpleData>
		<SimpleData name="DOUTEND">40897.8</SimpleData>
		<SimpleData name="DOUTSTART">42930.9</SimpleData>
		<SimpleData name="DOUTMID">41914.4</SimpleData>
	</SchemaData></ExtendedData>
      <LineString><coordinates>-111.580086768085,41.9474775682581,0 -111.580448693744,41.9474757390795,0 -111.58081061937,41.94747390876,0 -111.58117009092,41.947201888709,0 -111.58153201495,41.9472000561252,0 -111.581891481882,41.9469280338315,0 -111.582250945758,41.9466560104187,0 -111.582612866632,41.9466541744472,0 -111.582974787472,41.9466523373349,0 -111.583336708278,41.9466504990819,0 -111.58369862905,41.9466486596881,0 -111.584063015988,41.9469170076317,0 -111.584424938221,41.946915165939,0 -111.58478686042,41.9469133231055,0 -111.585148782585,41.9469114791313,0 -111.585510704717,41.9469096340163,0 -111.585875100687,41.947177976139,0 -111.586239499714,41.9474463170731,0 -111.5866014248,41.947444468501,0 -111.586965828377,41.9477128070884,0 -111.58733023501,41.9479811444873,0 -111.587694644699,41.9482494806977,0 -111.588056574233,41.94824762751,0 -111.588420988473,41.9485159613734,0 -111.588782919467,41.9485141058866,0 -111.589144850428,41.948512249259,0 -111.589509270712,41.9487805796171,0 -111.589873694052,41.9490489087864,0 -111.590235627966,41.9490470487012,0 -111.590600055857,41.9493153755234,0 -111.590964486804,41.9495837011568,0 -111.590966982411,41.9498538891617,0 -111.591331417977,41.9501222135758,0 -111.591695856599,41.9503905368009,0 -111.591698355365,41.950660724732,0 -111.591700854165,41.9509309126503,0 -111.591703352999,41.9512011005557,0 -111.592067799366,41.9514694225005,0 -111.592070299797,41.9517396103625,0 -111.592434750783,41.9520079310878,0 -111.592799204826,41.9522762506242,0 -111.593161156806,41.9522743812008,0 -111.5935256154,41.9525426983895,0 -111.59389007705,41.952811014389,0 -111.594252031984,41.9528091415074,0 -111.594613986884,41.9528072674849,0 -111.59497845458,41.9530755799779,0 -111.595340410939,41.9530737036556,0 -111.595702367264,41.9530718261924,0 -111.596064323555,41.9530699475882,0 -111.59642879879,41.9533382554158,0 -111.59679075654,41.9533363745118,0 -111.597152714256,41.9533344924668,0 -111.597517195535,41.9536027967876,0 -111.59787915471,41.9536009124428,0 -111.598241113851,41.953599026957,0 -111.598605601175,41.9538673277708,0 -111.598970091557,41.9541356273951,0</coordinates></LineString>
  </Placemark>
  <Placemark id="logannet3.49">
	<Style><LineStyle><color>ff0000ff</color></LineStyle><PolyStyle><fill>0</fill></PolyStyle></Style>
	<ExtendedData><SchemaData schemaUrl="#logannet3">
		<SimpleData name="LINKNO">37</SimpleData>
		<SimpleData name="DSLINKNO">170</SimpleData>
		<SimpleData name="USLINKNO1">-1</SimpleData>
		<SimpleData name="USLINKNO2">-1</SimpleData>
		<SimpleData name="DSNODEID">-1</SimpleData>
		<SimpleData name="strmOrder">1</SimpleData>
		<SimpleData name="Length">1538.5</SimpleData>
		<SimpleData name="Magnitude">1</SimpleData>
		<SimpleData name="DSContArea">2763900.0</SimpleData>
		<SimpleData name="strmDrop">143.62</SimpleData>
		<SimpleData name="Slope">0.093351891477</SimpleData>
		<SimpleData name="StraightL">1356.7</SimpleData>
		<SimpleData name="USContArea">2205000.0</SimpleData>
		<SimpleData name="WSNO">37</SimpleData>
		<SimpleData name="DOUTEND">41475.1</SimpleData>
		<SimpleData name="DOUTSTART">43013.6</SimpleData>
		<SimpleData name="DOUTMID">42244.4</SimpleData>
	</SchemaData></ExtendedData>
      <LineString><coordinates>-111.58157622036,41.9520634484788,0 -111.581578676536,41.9523336368205,0 -111.581943087307,41.9526019910793,0 -111.581945545078,41.952872179378,0 -111.581948002883,41.9531423676638,0 -111.581588501574,41.9534143900588,0 -111.581228997209,41.9536864113344,0 -111.580869489786,41.9539584314905,0 -111.580509979306,41.9542304505273,0 -111.580150465769,41.9545024684446,0 -111.579790949175,41.9547744852425,0 -111.579431429524,41.9550465009208,0 -111.579071906815,41.9553185154796,0 -111.578712381049,41.9555905289187,0 -111.578352852225,41.9558625412383,0 -111.578355295113,41.9561327295548,0 -111.577995761737,41.9564047407591,0 -111.577998203163,41.956674929067,0 -111.577638665234,41.9569469391558,0 -111.577641105199,41.9572171274552,0 -111.577643545196,41.9574873157417,0 -111.577645985227,41.9577575040153,0 -111.577648425292,41.958027692276,0 -111.577288878323,41.9582997012622,0 -111.576929328297,41.9585717091286,0 -111.576931765404,41.958841897385,0 -111.576572210824,41.9591139041358,0 -111.576574646469,41.9593840923836,0 -111.576577082147,41.9596542806185,0 -111.576217521518,41.959926286258,0 -111.576219955733,41.9601964744843,0 -111.576222389982,41.9604666626977,0 -111.576224824265,41.9607368508982,0 -111.576589261037,41.9610052216,0 -111.576591696915,41.9612754097576,0 -111.576594132826,41.9615455979024,0 -111.576596568771,41.9618157860343,0 -111.576599004749,41.9620859741533,0 -111.57660144076,41.9623561622595,0 -111.576965888403,41.9626245316227,0 -111.576968326011,41.962894719686,0 -111.576970763652,41.9631649077364,0 -111.57661118514,41.9634369145553,0 -111.576613621318,41.9637071025971,0</coordinates></LineString>
  </Placemark>
  <Placemark id="logannet3.50">
	<Style><LineStyle><color>ff0000ff</color></LineStyle><PolyStyle><fill>0</fill></PolyStyle></Style>
	<ExtendedData><SchemaData schemaUrl="#logannet3">
		<SimpleData name="LINKNO">30</SimpleData>
		<SimpleData name="DSLINKNO">114</SimpleData>
		<SimpleData name="USLINKNO1">-1</SimpleData>
		<SimpleData name="USLINKNO2">-1</SimpleData>
		<SimpleData name="DSNODEID">-1</SimpleData>
		<SimpleData name="strmOrder">1</SimpleData>
		<SimpleData name="Length">1254.0</SimpleData>
		<SimpleData name="Magnitude">1</SimpleData>
		<SimpleData name="DSContArea">5170500.0</SimpleData>
		<SimpleData name="strmDrop">58.70</SimpleData>
		<SimpleData name="Slope">0.046807989826</SimpleData>
		<SimpleData name="StraightL">1008.5</SimpleData>
		<SimpleData name="USContArea">2082600.0</SimpleData>
		<SimpleData name="WSNO">30</SimpleData>
		<SimpleData name="DOUTEND">45479.1</SimpleData>
		<SimpleData name="DOUTSTART">46733.1</SimpleData>
		<SimpleData name="DOUTMID">46106.1</SimpleData>
	</SchemaData></ExtendedData>
      <LineString><coordinates>-111.507422631014,41.9583595471126,0 -111.507424774498,41.9586297384872,0 -111.507426918011,41.9588999298489,0 -111.507429061553,41.9591701211977,0 -111.507069207386,41.9594419119137,0 -111.50670935016,41.9597137015057,0 -111.506349489876,41.9599854899735,0 -111.505989626534,41.9602572773173,0 -111.505629760134,41.9605290635369,0 -111.505269890675,41.9608008486324,0 -111.504907885115,41.9608024412395,0 -111.504545879525,41.9608040327052,0 -111.504186003891,41.9610758144237,0 -111.503823996714,41.9610774036217,0 -111.503464116463,41.9613491830895,0 -111.503099982271,41.9610805785935,0 -111.502740098904,41.9613523558085,0 -111.502378090081,41.9613539404558,0 -111.502018202097,41.9616257154199,0 -111.501658311055,41.9618974892596,0 -111.501660430452,41.962167680707,0 -111.501300534851,41.9624394534242,0 -111.501302652777,41.9627096448608,0 -111.501304770732,41.9629798362845,0 -111.501306888716,41.9632500276953,0 -111.501309006729,41.9635202190933,0 -111.501311124771,41.9637904104785,0 -111.501313242842,41.9640606018508,0 -111.501315360942,41.9643307932102,0 -111.501317479071,41.9646009845568,0 -111.501319597229,41.9648711758906,0 -111.501321715416,41.9651413672115,0 -111.501323833632,41.9654115585196,0 -111.501325951877,41.9656817498148,0 -111.500966035212,41.965953521432,0 -111.500968151985,41.9662237127165,0 -111.501330188454,41.9662221323667,0</coordinates></LineString>
  </Placemark>
  <Placemark id="logannet3.51">
	<Style><LineStyle><color>ff0000ff</color></LineStyle><PolyStyle><fill>0</fill></PolyStyle></Style>
	<ExtendedData><SchemaData schemaUrl="#logannet3">
		<SimpleData name="LINKNO">23</SimpleData>
		<SimpleData name="DSLINKNO">100</SimpleData>
		<SimpleData name="USLINKNO1">-1</SimpleData>
		<SimpleData name="USLINKNO2">-1</SimpleData>
		<SimpleData name="DSNODEID">-1</SimpleData>
		<SimpleData name="strmOrder">1</SimpleData>
		<SimpleData name="Length">222.4</SimpleData>
		<SimpleData name="Magnitude">1</SimpleData>
		<SimpleData name="DSContArea">2130300.0</SimpleData>
		<SimpleData name="strmDrop">28.53</SimpleData>
		<SimpleData name="Slope">0.128274959267</SimpleData>
		<SimpleData name="StraightL">212.1</SimpleData>
		<SimpleData name="USContArea">2060100.0</SimpleData>
		<SimpleData name="WSNO">23</SimpleData>
		<SimpleData name="DOUTEND">46871.6</SimpleData>
		<SimpleData name="DOUTSTART">47094.0</SimpleData>
		<SimpleData name="DOUTMID">46982.8</SimpleData>
	</SchemaData></ExtendedData>
      <LineString><coordinates>-111.6284508449,41.9704602434798,0 -111.628812897397,41.9704582609723,0 -111.629174949857,41.9704562773232,0 -111.62953700228,41.9704542925324,0 -111.629899054667,41.9704523065999,0 -111.63025844356,41.9701801344724,0 -111.630620494344,41.9701781462753,0 -111.630982545092,41.9701761569366,0</coordinates></LineString>
  </Placemark>
  <Placemark id="logannet3.52">
	<Style><LineStyle><color>ff0000ff</color></LineStyle><PolyStyle><fill>0</fill></PolyStyle></Style>
	<ExtendedData><SchemaData schemaUrl="#logannet3">
		<SimpleData name="LINKNO">16</SimpleData>
		<SimpleData name="DSLINKNO">100</SimpleData>
		<SimpleData name="USLINKNO1">-1</SimpleData>
		<SimpleData name="USLINKNO2">-1</SimpleData>
		<SimpleData name="DSNODEID">-1</SimpleData>
		<SimpleData name="strmOrder">1</SimpleData>
		<SimpleData name="Length">944.6</SimpleData>
		<SimpleData name="Magnitude">1</SimpleData>
		<SimpleData name="DSContArea">2587500.0</SimpleData>
		<SimpleData name="strmDrop">86.16</SimpleData>
		<SimpleData name="Slope">0.091219716806</SimpleData>
		<SimpleData name="StraightL">888.4</SimpleData>
		<SimpleData name="USContArea">1932300.0</SimpleData>
		<SimpleData name="WSNO">16</SimpleData>
		<SimpleData name="DOUTEND">46871.6</SimpleData>
		<SimpleData name="DOUTSTART">47816.1</SimpleData>
		<SimpleData name="DOUTMID">47343.8</SimpleData>
	</SchemaData></ExtendedData>
      <LineString><coordinates>-111.6284508449,41.9704602434798,0 -111.628815554772,41.9707284460876,0 -111.629177608762,41.9707264624198,0 -111.629539662715,41.9707244776103,0 -111.629901716632,41.9707224916591,0 -111.630266434044,41.9709906895937,0 -111.630628489418,41.9709887013404,0 -111.630993211382,41.9712568969226,0 -111.631357936407,41.9715250913127,0 -111.631719994731,41.9715230995968,0 -111.632084724308,41.9717912916342,0 -111.632446784089,41.971789297616,0 -111.632808843833,41.9717873024562,0 -111.63317090354,41.9717853061546,0 -111.633532963211,41.9717833087112,0 -111.633895022845,41.9717813101262,0 -111.634257082443,41.9717793103994,0 -111.634619142003,41.9717773095309,0 -111.634981201527,41.9717753075207,0 -111.635343261015,41.9717733043687,0 -111.635705320465,41.971771300075,0 -111.636067379879,41.9717692946396,0 -111.636429439256,41.9717672880624,0 -111.636791498596,41.9717652803436,0 -111.637153557899,41.971763271483,0 -111.637515617165,41.9717612614806,0 -111.637877676395,41.9717592503366,0 -111.638242432922,41.9720274226122,0 -111.638604493608,41.9720254091657,0 -111.638966554256,41.9720233945775,0</coordinates></LineString>
  </Placemark>
  <Placemark id="logannet3.53">
	<Style><LineStyle><color>ff0000ff</color></LineStyle><PolyStyle><fill>0</fill></PolyStyle></Style>
	<ExtendedData><SchemaData schemaUrl="#logannet3">
		<SimpleData name="LINKNO">9</SimpleData>
		<SimpleData name="DSLINKNO">142</SimpleData>
		<SimpleData name="USLINKNO1">-1</SimpleData>
		<SimpleData name="USLINKNO2">-1</SimpleData>
		<SimpleData name="DSNODEID">-1</SimpleData>
		<SimpleData name="strmOrder">1</SimpleData>
		<SimpleData name="Length">1444.3</SimpleData>
		<SimpleData name="Magnitude">1</SimpleData>
		<SimpleData name="DSContArea">3106800.0</SimpleData>
		<SimpleData name="strmDrop">221.71</SimpleData>
		<SimpleData name="Slope">0.153507638395</SimpleData>
		<SimpleData name="StraightL">1321.4</SimpleData>
		<SimpleData name="USContArea">2432700.0</SimpleData>
		<SimpleData name="WSNO">9</SimpleData>
		<SimpleData name="DOUTEND">45181.3</SimpleData>
		<SimpleData name="DOUTSTART">46625.5</SimpleData>
		<SimpleData name="DOUTMID">45903.4</SimpleData>
	</SchemaData></ExtendedData>
      <LineString><coordinates>-111.602084530469,41.9773565406707,0 -111.602446623818,41.9773546410593,0 -111.602808717131,41.9773527403059,0 -111.60317081041,41.9773508384106,0 -111.603535454816,41.9776191214478,0 -111.603897549555,41.9776172172506,0 -111.604259644259,41.9776153119114,0 -111.604624294716,41.977883591438,0 -111.604986390881,41.9778816837968,0 -111.605348487011,41.9778797750137,0 -111.605710583105,41.9778778650886,0 -111.606072679165,41.9778759540215,0 -111.606434775189,41.9778740418124,0 -111.606794306209,41.9776019425615,0 -111.607153834167,41.9773298421918,0 -111.607515927026,41.9773279265928,0 -111.607878019849,41.9773260098519,0 -111.608237541616,41.9770539061156,0 -111.608599632838,41.9770519871088,0 -111.608961724025,41.9770500669601,0 -111.609323815177,41.9770481456694,0 -111.609683329187,41.9767760374429,0 -111.610045418738,41.9767741138864,0 -111.610407508254,41.9767721891879,0 -111.610769597734,41.9767702633476,0 -111.611131687179,41.9767683363653,0 -111.611493776589,41.976766408241,0 -111.611855865963,41.9767644789749,0 -111.612217955302,41.9767625485667,0 -111.612580044606,41.9767606170166,0 -111.612944724754,41.977028869955,0 -111.613306815516,41.9770269361029,0 -111.613668906244,41.9770250011087,0 -111.614033592442,41.9772932505355,0 -111.614395684628,41.9772913132392,0 -111.614757776779,41.977289374801,0 -111.615122469028,41.9775576207159,0 -111.615484562638,41.9775556799755,0 -111.615846656212,41.9775537380931,0 -111.616208749751,41.9775517950687,0 -111.616570843254,41.9775498509024,0 -111.616932936722,41.9775479055941,0 -111.617297639504,41.9778161445162,0 -111.617659734431,41.9778141969056,0 -111.618021829322,41.977812248153,0</coordinates></LineString>
  </Placemark>
  <Placemark id="logannet3.54">
	<Style><LineStyle><color>ff0000ff</color></LineStyle><PolyStyle><fill>0</fill></PolyStyle></Style>
	<ExtendedData><SchemaData schemaUrl="#logannet3">
		<SimpleData name="LINKNO">2</SimpleData>
		<SimpleData name="DSLINKNO">198</SimpleData>
		<SimpleData name="USLINKNO1">-1</SimpleData>
		<SimpleData name="USLINKNO2">-1</SimpleData>
		<SimpleData name="DSNODEID">-1</SimpleData>
		<SimpleData name="strmOrder">1</SimpleData>
		<SimpleData name="Length">1898.5</SimpleData>
		<SimpleData name="Magnitude">1</SimpleData>
		<SimpleData name="DSContArea">3457800.0</SimpleData>
		<SimpleData name="strmDrop">134.33</SimpleData>
		<SimpleData name="Slope">0.070753952229</SimpleData>
		<SimpleData name="StraightL">1738.2</SimpleData>
		<SimpleData name="USContArea">2449800.0</SimpleData>
		<SimpleData name="WSNO">2</SimpleData>
		<SimpleData name="DOUTEND">44689.7</SimpleData>
		<SimpleData name="DOUTSTART">46588.2</SimpleData>
		<SimpleData name="DOUTMID">45639.0</SimpleData>
	</SchemaData></ExtendedData>
      <LineString><coordinates>-111.531091138454,41.975004922068,0 -111.531093383226,41.9752751116428,0 -111.531455469233,41.9752734360055,0 -111.531819803071,41.9755419487566,0 -111.532184139971,41.9758104603213,0 -111.532548479931,41.9760789706995,0 -111.532912822951,41.9763474798913,0 -111.533274914925,41.976345798481,0 -111.533637006867,41.9763441159287,0 -111.533999098779,41.9763424322344,0 -111.534363449359,41.9766109367662,0 -111.534727802999,41.9768794401113,0 -111.535089897879,41.9768777529593,0 -111.535451992727,41.9768760646654,0 -111.535814087545,41.9768743752294,0 -111.536178448744,41.9771428739142,0 -111.53654054503,41.9771411821783,0 -111.536902641285,41.9771394893004,0 -111.537264737509,41.9771377952805,0 -111.537626833702,41.9771361001186,0 -111.537988929864,41.9771344038147,0 -111.53835330162,41.9774028955229,0 -111.53871539925,41.977401196919,0 -111.539077496849,41.9773994971731,0 -111.539439594416,41.9773977962852,0 -111.539801691952,41.9773960942553,0 -111.540163789457,41.9773943910833,0 -111.54052817177,41.9776628758144,0 -111.540890270743,41.9776611703424,0 -111.541252369685,41.9776594637283,0 -111.541614468595,41.9776577559723,0 -111.541978858466,41.977926236042,0 -111.542340958844,41.9779245259858,0 -111.542703059191,41.9779228147875,0 -111.543067455121,41.9781912913539,0 -111.543431854113,41.9784597667331,0 -111.543796256166,41.9787282409251,0 -111.544158360978,41.9787265251102,0 -111.544522767591,41.9789949969567,0 -111.544887177265,41.9792634676159,0 -111.54525159,41.9795319370877,0 -111.545616005796,41.9798004053722,0 -111.545980424653,41.9800688724693,0 -111.546342536929,41.9800671497209,0 -111.546704649173,41.9800654258304,0 -111.547066761385,41.9800637007978,0 -111.547428873566,41.9800619746231,0 -111.547790985715,41.9800602473063,0 -111.548153097832,41.9800585188473,0 -111.548517528744,41.9803269778067,0 -111.548879642329,41.9803252470472,0 -111.549241755881,41.9803235151456,0 -111.549603869402,41.9803217821019,0 -111.549965982891,41.9803200479161,0 -111.55033042286,41.980588501054,0 -111.550692537816,41.9805867645676,0</coordinates></LineString>
  </Placemark>
  <Placemark id="logannet3.55">
	<Style><LineStyle><color>ff0000ff</color></LineStyle><PolyStyle><fill>0</fill></PolyStyle></Style>
	<ExtendedData><SchemaData schemaUrl="#logannet3">
		<SimpleData name="LINKNO">199</SimpleData>
		<SimpleData name="DSLINKNO">206</SimpleData>
		<SimpleData name="USLINKNO1">192</SimpleData>
		<SimpleData name="USLINKNO2">80</SimpleData>
		<SimpleData name="DSNODEID">-1</SimpleData>
		<SimpleData name="strmOrder">4</SimpleData>
		<SimpleData name="Length">242.1</SimpleData>
		<SimpleData name="Magnitude">39</SimpleData>
		<SimpleData name="DSContArea">284751904.0</SimpleData>
		<SimpleData name="strmDrop">3.82</SimpleData>
		<SimpleData name="Slope">0.015786377484</SimpleData>
		<SimpleData name="StraightL">201.2</SimpleData>
		<SimpleData name="USContArea">284668192.0</SimpleData>
		<SimpleData name="WSNO">199</SimpleData>
		<SimpleData name="DOUTEND">30455.6</SimpleData>
		<SimpleData name="DOUTSTART">30697.7</SimpleData>
		<SimpleData name="DOUTMID">30576.6</SimpleData>
	</SchemaData></ExtendedData>
      <LineString><coordinates>-111.567448857653,41.8691818823025,0 -111.567089761168,41.8694538607492,0 -111.56709214924,41.8697240536778,0 -111.566733048222,41.8699960310115,0 -111.566373944159,41.8702680072282,0 -111.566014837052,41.8705399823279,0 -111.566378714443,41.8708083930625,0</coordinates></LineString>
  </Placemark>
  <Placemark id="logannet3.56">
	<Style><LineStyle><color>ff0000ff</color></LineStyle><PolyStyle><fill>0</fill></PolyStyle></Style>
	<ExtendedData><SchemaData schemaUrl="#logannet3">
		<SimpleData name="LINKNO">192</SimpleData>
		<SimpleData name="DSLINKNO">199</SimpleData>
		<SimpleData name="USLINKNO1">185</SimpleData>
		<SimpleData name="USLINKNO2">143</SimpleData>
		<SimpleData name="DSNODEID">-1</SimpleData>
		<SimpleData name="strmOrder">4</SimpleData>
		<SimpleData name="Length">1116.4</SimpleData>
		<SimpleData name="Magnitude">38</SimpleData>
		<SimpleData name="DSContArea">281666688.0</SimpleData>
		<SimpleData name="strmDrop">13.64</SimpleData>
		<SimpleData name="Slope">0.012222272564</SimpleData>
		<SimpleData name="StraightL">986.8</SimpleData>
		<SimpleData name="USContArea">280648800.0</SimpleData>
		<SimpleData name="WSNO">192</SimpleData>
		<SimpleData name="DOUTEND">30697.7</SimpleData>
		<SimpleData name="DOUTSTART">31814.1</SimpleData>
		<SimpleData name="DOUTMID">31255.9</SimpleData>
	</SchemaData></ExtendedData>
      <LineString><coordinates>-111.566378714443,41.8708083930625,0 -111.566019604357,41.8710803681701,0 -111.566021988058,41.8713505610719,0 -111.565662873439,41.8716225350664,0 -111.565665255683,41.8718927279592,0 -111.56566763796,41.8721629208392,0 -111.565670020269,41.8724331137063,0 -111.565672402611,41.8727033065606,0 -111.565674784986,41.872973499402,0 -111.565677167393,41.8732436922305,0 -111.565318040791,41.8735156651313,0 -111.564958911144,41.873787636915,0 -111.564599778452,41.8740596075814,0 -111.564602156423,41.8743298004087,0 -111.564604534426,41.8745999932232,0 -111.564245395709,41.8748719627801,0 -111.563886253948,41.8751439312197,0 -111.563888629003,41.8754141240291,0 -111.563891004091,41.8756843168256,0 -111.563893379212,41.8759545096093,0 -111.563895754365,41.87622470238,0 -111.56425965547,41.8764931194201,0 -111.564262032211,41.8767633121484,0 -111.564264408984,41.8770335048639,0 -111.56426678579,41.8773036975664,0 -111.563907630618,41.8775756660408,0 -111.564271539499,41.877844082933,0 -111.563912381347,41.8781160514151,0 -111.563553220149,41.8783880187798,0 -111.563194055906,41.8786599850271,0 -111.562834888618,41.8789319501568,0 -111.562475718283,41.8792039141689,0</coordinates></LineString>
  </Placemark>
  <Placemark id="logannet3.57">
	<Style><LineStyle><color>ff0000ff</color></LineStyle><PolyStyle><fill>0</fill></PolyStyle></Style>
	<ExtendedData><SchemaData schemaUrl="#logannet3">
		<SimpleData name="LINKNO">185</SimpleData>
		<SimpleData name="DSLINKNO">192</SimpleData>
		<SimpleData name="USLINKNO1">178</SimpleData>
		<SimpleData name="USLINKNO2">150</SimpleData>
		<SimpleData name="DSNODEID">-1</SimpleData>
		<SimpleData name="strmOrder">4</SimpleData>
		<SimpleData name="Length">662.1</SimpleData>
		<SimpleData name="Magnitude">35</SimpleData>
		<SimpleData name="DSContArea">261357296.0</SimpleData>
		<SimpleData name="strmDrop">7.99</SimpleData>
		<SimpleData name="Slope">0.012065221310</SimpleData>
		<SimpleData name="StraightL">573.1</SimpleData>
		<SimpleData name="USContArea">260494208.0</SimpleData>
		<SimpleData name="WSNO">185</SimpleData>
		<SimpleData name="DOUTEND">31814.1</SimpleData>
		<SimpleData name="DOUTSTART">32476.2</SimpleData>
		<SimpleData name="DOUTMID">32145.1</SimpleData>
	</SchemaData></ExtendedData>
      <LineString><coordinates>-111.562475718283,41.8792039141689,0 -111.562478087735,41.8794741068522,0 -111.56248045722,41.8797442995225,0 -111.562482826736,41.88001449218,0 -111.562485196286,41.8802846848246,0 -111.562126016944,41.8805566477344,0 -111.562128385035,41.88082684037,0 -111.562130753159,41.8810970329927,0 -111.562133121315,41.8813672256025,0 -111.562135489503,41.8816374181995,0 -111.561776301154,41.8819093800069,0 -111.561778667884,41.8821795725948,0 -111.561781034646,41.8824497651699,0 -111.561783401441,41.882719957732,0 -111.561785768268,41.8829901502814,0 -111.561788135128,41.8832603428178,0 -111.56179050202,41.8835305353414,0 -111.56143130168,41.8838024960539,0 -111.561072098294,41.8840744556485,0 -111.561433667114,41.8840726885684,0 -111.561797602891,41.8843411128349,0</coordinates></LineString>
  </Placemark>
  <Placemark id="logannet3.58">
	<Style><LineStyle><color>ff0000ff</color></LineStyle><PolyStyle><fill>0</fill></PolyStyle></Style>
	<ExtendedData><SchemaData schemaUrl="#logannet3">
		<SimpleData name="LINKNO">178</SimpleData>
		<SimpleData name="DSLINKNO">185</SimpleData>
		<SimpleData name="USLINKNO1">171</SimpleData>
		<SimpleData name="USLINKNO2">24</SimpleData>
		<SimpleData name="DSNODEID">-1</SimpleData>
		<SimpleData name="strmOrder">4</SimpleData>
		<SimpleData name="Length">932.1</SimpleData>
		<SimpleData name="Magnitude">32</SimpleData>
		<SimpleData name="DSContArea">243605696.0</SimpleData>
		<SimpleData name="strmDrop">15.18</SimpleData>
		<SimpleData name="Slope">0.016290280586</SimpleData>
		<SimpleData name="StraightL">797.1</SimpleData>
		<SimpleData name="USContArea">242184608.0</SimpleData>
		<SimpleData name="WSNO">178</SimpleData>
		<SimpleData name="DOUTEND">32476.2</SimpleData>
		<SimpleData name="DOUTSTART">33408.3</SimpleData>
		<SimpleData name="DOUTMID">32942.3</SimpleData>
	</SchemaData></ExtendedData>
      <LineString><coordinates>-111.561797602891,41.8843411128349,0 -111.561799969913,41.884611305307,0 -111.562163910291,41.8848797283595,0 -111.562166278901,41.8851499207892,0 -111.562530223882,41.8854183426276,0 -111.56289417191,41.8856867632814,0 -111.562896543663,41.8859569556391,0 -111.563258122984,41.8859551827506,0 -111.563619702272,41.8859534087237,0 -111.563983657884,41.8862218258531,0 -111.56434523863,41.8862200495327,0 -111.564347616542,41.8864902417978,0 -111.564711578247,41.8867586565578,0 -111.564713957747,41.8870288487804,0 -111.56471633728,41.8872990409901,0 -111.564718716846,41.887569233187,0 -111.564721096444,41.887839425371,0 -111.564723476075,41.8881096175421,0 -111.564725855738,41.8883798097003,0 -111.564728235434,41.8886500018457,0 -111.564730615162,41.8889201939783,0 -111.564732994923,41.8891903860979,0 -111.564735374716,41.8894605782047,0 -111.564737754542,41.8897307702986,0 -111.564740134401,41.8900009623797,0 -111.565101736411,41.8899991835479,0 -111.565104117826,41.8902693755993,0 -111.565106499273,41.8905395676379,0 -111.565108880753,41.8908097596636,0 -111.565111262266,41.8910799516764,0</coordinates></LineString>
  </Placemark>
  <Placemark id="logannet3.59">
	<Style><LineStyle><color>ff0000ff</color></LineStyle><PolyStyle><fill>0</fill></PolyStyle></Style>
	<ExtendedData><SchemaData schemaUrl="#logannet3">
		<SimpleData name="LINKNO">171</SimpleData>
		<SimpleData name="DSLINKNO">178</SimpleData>
		<SimpleData name="USLINKNO1">164</SimpleData>
		<SimpleData name="USLINKNO2">17</SimpleData>
		<SimpleData name="DSNODEID">-1</SimpleData>
		<SimpleData name="strmOrder">4</SimpleData>
		<SimpleData name="Length">1721.5</SimpleData>
		<SimpleData name="Magnitude">31</SimpleData>
		<SimpleData name="DSContArea">233300704.0</SimpleData>
		<SimpleData name="strmDrop">35.80</SimpleData>
		<SimpleData name="Slope">0.020795393947</SimpleData>
		<SimpleData name="StraightL">1560.3</SimpleData>
		<SimpleData name="USContArea">229158896.0</SimpleData>
		<SimpleData name="WSNO">171</SimpleData>
		<SimpleData name="DOUTEND">33408.3</SimpleData>
		<SimpleData name="DOUTSTART">35129.9</SimpleData>
		<SimpleData name="DOUTMID">34269.1</SimpleData>
	</SchemaData></ExtendedData>
      <LineString><coordinates>-111.565111262266,41.8910799516764,0 -111.565113643811,41.8913501436763,0 -111.565116025389,41.8916203356634,0 -111.565118406999,41.8918905276376,0 -111.565120788642,41.892160719599,0 -111.565123170318,41.8924309115475,0 -111.565125552026,41.8927011034831,0 -111.565127933767,41.8929712954058,0 -111.56513031554,41.8932414873157,0 -111.564771075527,41.8935134582624,0 -111.564773455842,41.8937836501633,0 -111.564775836189,41.8940538420514,0 -111.564416590145,41.8943258118879,0 -111.564418969034,41.894596003767,0 -111.564421347954,41.8948661956331,0 -111.564423726908,41.8951363874865,0 -111.564426105894,41.8954065793269,0 -111.564428484913,41.8956767711545,0 -111.564430863964,41.8959469629692,0 -111.564433243048,41.8962171547711,0 -111.564435622164,41.8964873465601,0 -111.564438001313,41.8967575383362,0 -111.564802022158,41.8970259519705,0 -111.564804402897,41.8972961437041,0 -111.564806783667,41.8975663354249,0 -111.564809164471,41.8978365271328,0 -111.564811545307,41.8981067188278,0 -111.564813926175,41.8983769105099,0 -111.564454656267,41.8986488804087,0 -111.564457035676,41.8989190720819,0 -111.564821068976,41.8991874854792,0 -111.564823449975,41.8994576771099,0 -111.5644641741,41.8997296470242,0 -111.564104895175,41.9000016158202,0 -111.564107273223,41.9002718074458,0 -111.564109651304,41.9005419990585,0 -111.564112029416,41.9008121906583,0 -111.564114407562,41.9010823822453,0 -111.56411678574,41.9013525738194,0 -111.563757496307,41.9016245415165,0 -111.563759873026,41.9018947330816,0 -111.563762249777,41.9021649246339,0 -111.564126298777,41.9024333399872,0 -111.564128677118,41.9027035314969,0 -111.564492730725,41.9029719456353,0 -111.564856787381,41.9032403585882,0 -111.564859168869,41.9035105500258,0 -111.564861550389,41.9037807414506,0 -111.564863931942,41.9040509328625,0 -111.564866313528,41.9043211242616,0 -111.564868695146,41.9045913156478,0 -111.564509390923,41.904863285636,0 -111.56487345848,41.9051316983815,0</coordinates></LineString>
  </Placemark>
  <Placemark id="logannet3.60">
	<Style><LineStyle><color>ff0000ff</color></LineStyle><PolyStyle><fill>0</fill></PolyStyle></Style>
	<ExtendedData><SchemaData schemaUrl="#logannet3">
		<SimpleData name="LINKNO">164</SimpleData>
		<SimpleData name="DSLINKNO">171</SimpleData>
		<SimpleData name="USLINKNO1">157</SimpleData>
		<SimpleData name="USLINKNO2">156</SimpleData>
		<SimpleData name="DSNODEID">-1</SimpleData>
		<SimpleData name="strmOrder">4</SimpleData>
		<SimpleData name="Length">294.9</SimpleData>
		<SimpleData name="Magnitude">30</SimpleData>
		<SimpleData name="DSContArea">223881296.0</SimpleData>
		<SimpleData name="strmDrop">13.07</SimpleData>
		<SimpleData name="Slope">0.044343993215</SimpleData>
		<SimpleData name="StraightL">256.3</SimpleData>
		<SimpleData name="USContArea">223835392.0</SimpleData>
		<SimpleData name="WSNO">164</SimpleData>
		<SimpleData name="DOUTEND">35129.9</SimpleData>
		<SimpleData name="DOUTSTART">35424.7</SimpleData>
		<SimpleData name="DOUTMID">35277.3</SimpleData>
	</SchemaData></ExtendedData>
      <LineString><coordinates>-111.56487345848,41.9051316983815,0 -111.564511771081,41.9051334770132,0 -111.564152462316,41.9054054458869,0 -111.564154841015,41.9056756372551,0 -111.564157219746,41.9059458286104,0 -111.563797904947,41.9062177963734,0 -111.563800282219,41.9064879877197,0 -111.563802659523,41.9067581790532,0 -111.56380503686,41.9070283703738,0 -111.563807414229,41.9072985616816,0</coordinates></LineString>
  </Placemark>
  <Placemark id="logannet3.61">
	<Style><LineStyle><color>ff0000ff</color></LineStyle><PolyStyle><fill>0</fill></PolyStyle></Style>
	<ExtendedData><SchemaData schemaUrl="#logannet3">
		<SimpleData name="LINKNO">157</SimpleData>
		<SimpleData name="DSLINKNO">164</SimpleData>
		<SimpleData name="USLINKNO1">226</SimpleData>
		<SimpleData name="USLINKNO2">10</SimpleData>
		<SimpleData name="DSNODEID">-1</SimpleData>
		<SimpleData name="strmOrder">4</SimpleData>
		<SimpleData name="Length">734.6</SimpleData>
		<SimpleData name="Magnitude">28</SimpleData>
		<SimpleData name="DSContArea">209161792.0</SimpleData>
		<SimpleData name="strmDrop">10.80</SimpleData>
		<SimpleData name="Slope">0.014696794279</SimpleData>
		<SimpleData name="StraightL">662.7</SimpleData>
		<SimpleData name="USContArea">208171808.0</SimpleData>
		<SimpleData name="WSNO">157</SimpleData>
		<SimpleData name="DOUTEND">35424.7</SimpleData>
		<SimpleData name="DOUTSTART">36159.3</SimpleData>
		<SimpleData name="DOUTMID">35792.0</SimpleData>
	</SchemaData></ExtendedData>
      <LineString><coordinates>-111.563807414229,41.9072985616816,0 -111.56344809041,41.9075705283414,0 -111.56345046632,41.9078407196401,0 -111.563452842261,41.908110910926,0 -111.563455218236,41.908381102199,0 -111.563457594243,41.9086512934591,0 -111.563459970282,41.9089214847064,0 -111.563100635951,41.9091934502668,0 -111.56310301053,41.909463641505,0 -111.563105385142,41.9097338327304,0 -111.563107759786,41.910004023943,0 -111.563110134463,41.9102742151426,0 -111.562750791111,41.9105461795997,0 -111.562753164327,41.9108163707903,0 -111.562393816432,41.9110883341324,0 -111.562396188188,41.911358525314,0 -111.562398559977,41.9116287164827,0 -111.562400931798,41.9118989076386,0 -111.562403303652,41.9121690987815,0 -111.562405675538,41.9124392899117,0 -111.562769777754,41.9127077087644,0 -111.56277215123,41.9129778998521,0 -111.563136258054,41.9132463174895,0</coordinates></LineString>
  </Placemark>
  <Placemark id="logannet3.62">
	<Style><LineStyle><color>ff0000ff</color></LineStyle><PolyStyle><fill>0</fill></PolyStyle></Style>
	<ExtendedData><SchemaData schemaUrl="#logannet3">
		<SimpleData name="LINKNO">226</SimpleData>
		<SimpleData name="DSLINKNO">157</SimpleData>
		<SimpleData name="USLINKNO1">219</SimpleData>
		<SimpleData name="USLINKNO2">93</SimpleData>
		<SimpleData name="DSNODEID">-1</SimpleData>
		<SimpleData name="strmOrder">4</SimpleData>
		<SimpleData name="Length">997.3</SimpleData>
		<SimpleData name="Magnitude">27</SimpleData>
		<SimpleData name="DSContArea">204253200.0</SimpleData>
		<SimpleData name="strmDrop">23.65</SimpleData>
		<SimpleData name="Slope">0.023716382513</SimpleData>
		<SimpleData name="StraightL">930.0</SimpleData>
		<SimpleData name="USContArea">202468496.0</SimpleData>
		<SimpleData name="WSNO">226</SimpleData>
		<SimpleData name="DOUTEND">36159.3</SimpleData>
		<SimpleData name="DOUTSTART">37156.5</SimpleData>
		<SimpleData name="DOUTMID">36657.9</SimpleData>
	</SchemaData></ExtendedData>
      <LineString><coordinates>-111.563136258054,41.9132463174895,0 -111.563138633121,41.9135165085347,0 -111.56314100822,41.9137866995671,0 -111.563143383352,41.9140568905866,0 -111.563505121211,41.9140551159596,0 -111.563507497901,41.9143253069495,0 -111.563509874624,41.9145954979265,0 -111.563512251379,41.9148656888907,0 -111.563514628166,41.915135879842,0 -111.563517004986,41.9154060707805,0 -111.563519381839,41.915676261706,0 -111.563521758724,41.9159464526187,0 -111.563524135642,41.9162166435185,0 -111.563526512592,41.9164868344055,0 -111.563528889575,41.9167570252796,0 -111.56353126659,41.9170272161408,0 -111.563533643638,41.9172974069892,0 -111.563536020719,41.9175675978246,0 -111.563538397832,41.9178377886473,0 -111.563540774977,41.918107979457,0 -111.563543152155,41.9183781702539,0 -111.56318376557,41.9186501359492,0 -111.563186141288,41.9189203267371,0 -111.563188517037,41.9191905175121,0 -111.562829124414,41.919462482096,0 -111.563193268635,41.9197308990235,0 -111.563195644482,41.9200010897599,0 -111.563198020362,41.9202712804834,0 -111.563200396274,41.920541471194,0 -111.563202772219,41.9208116618918,0 -111.563205148196,41.9210818525768,0 -111.563207524206,41.9213520432488,0 -111.563209900249,41.921622233908,0</coordinates></LineString>
  </Placemark>
  <Placemark id="logannet3.63">
	<Style><LineStyle><color>ff0000ff</color></LineStyle><PolyStyle><fill>0</fill></PolyStyle></Style>
	<ExtendedData><SchemaData schemaUrl="#logannet3">
		<SimpleData name="LINKNO">156</SimpleData>
		<SimpleData name="DSLINKNO">164</SimpleData>
		<SimpleData name="USLINKNO1">3</SimpleData>
		<SimpleData name="USLINKNO2">65</SimpleData>
		<SimpleData name="DSNODEID">-1</SimpleData>
		<SimpleData name="strmOrder">2</SimpleData>
		<SimpleData name="Length">7144.1</SimpleData>
		<SimpleData name="Magnitude">2</SimpleData>
		<SimpleData name="DSContArea">14664600.0</SimpleData>
		<SimpleData name="strmDrop">444.13</SimpleData>
		<SimpleData name="Slope">0.062167889479</SimpleData>
		<SimpleData name="StraightL">6354.1</SimpleData>
		<SimpleData name="USContArea">8711100.0</SimpleData>
		<SimpleData name="WSNO">156</SimpleData>
		<SimpleData name="DOUTEND">35424.7</SimpleData>
		<SimpleData name="DOUTSTART">42568.8</SimpleData>
		<SimpleData name="DOUTMID">38996.7</SimpleData>
	</SchemaData></ExtendedData>
      <LineString><coordinates>-111.563807414229,41.9072985616816,0 -111.563809791631,41.9075687529764,0 -111.564171492819,41.9075669764723,0 -111.564533193974,41.907565198829,0 -111.564894895097,41.9075634200464,0 -111.565256596187,41.9075616401247,0 -111.565618297245,41.9075598590637,0 -111.56597999827,41.9075580768635,0 -111.566341699262,41.907556293524,0 -111.566703400222,41.9075545090454,0 -111.567065101149,41.9075527234275,0 -111.567429194727,41.9078211277846,0 -111.567793291356,41.9080895309558,0 -111.568157391034,41.9083579329412,0 -111.568521493763,41.9086263337408,0 -111.568885599542,41.9088947333545,0 -111.56924970837,41.9091631317823,0 -111.56961382025,41.9094315290242,0 -111.569977935179,41.9096999250801,0 -111.569980338801,41.9099701159731,0 -111.570344458339,41.9102385108131,0 -111.570708580927,41.9105069044672,0 -111.571072706566,41.9107752969351,0 -111.571075114896,41.9110454877258,0 -111.571077523259,41.9113156785036,0 -111.571079931654,41.9115858692686,0 -111.571444065018,41.9118542604609,0 -111.571446475005,41.9121244511831,0 -111.571810612978,41.9123928411594,0 -111.571813024556,41.912663031839,0 -111.571815436167,41.9129332225057,0 -111.572179580308,41.913201611236,0 -111.57218199351,41.91347180186,0 -111.57254614226,41.9137401893742,0 -111.57291029406,41.9140085757021,0 -111.572912710413,41.9142787662534,0 -111.573276866823,41.9145471513651,0 -111.573638606814,41.9145453447988,0 -111.574002767768,41.9148137275676,0 -111.574366931772,41.9150821091498,0 -111.574728674715,41.915080299131,0 -111.575092843263,41.9153486783702,0 -111.575454587665,41.9153468660552,0 -111.575816332033,41.9153450526007,0 -111.576180506617,41.9156134283402,0 -111.576542252445,41.9156116125895,0 -111.576906431573,41.9158799859857,0 -111.577268178859,41.9158781679389,0 -111.577629926113,41.9158763487525,0 -111.577991673333,41.9158745284266,0 -111.578355859988,41.916142897166,0 -111.578717608667,41.9161410745439,0 -111.579079357313,41.9161392507821,0 -111.579443550004,41.9164076160213,0 -111.579805300108,41.9164057899633,0 -111.580167050179,41.9164039627657,0 -111.580528800216,41.9164021344286,0 -111.58089055022,41.9164003049518,0 -111.58125230019,41.9163984743356,0 -111.581614050127,41.9163966425797,0 -111.58197580003,41.9163948096844,0 -111.582337549899,41.9163929756494,0 -111.582699299735,41.9163911404749,0 -111.583061049537,41.9163893041608,0 -111.583422799306,41.9163874667072,0 -111.583784549041,41.916385628114,0 -111.584146298742,41.9163837883813,0 -111.584510513881,41.9166521373947,0 -111.58487226504,41.9166502953655,0 -111.585234016166,41.9166484521968,0 -111.585595767258,41.9166466078884,0 -111.585957518316,41.9166447624405,0 -111.586321742474,41.916913105639,0 -111.586685969683,41.9171814476502,0 -111.587050199944,41.917449788474,0 -111.587411955444,41.9174479384156,0 -111.587776190248,41.9177162768951,0 -111.588140428104,41.9179846141872,0 -111.588502186553,41.917982760675,0 -111.588866428952,41.9182510956227,0 -111.589230674403,41.9185194293828,0 -111.589594922905,41.9187877619554,0 -111.589959174459,41.9190560933405,0 -111.590320938841,41.9190542340602,0 -111.590685194939,41.9193225631005,0 -111.591049454088,41.9195908909533,0 -111.591413716289,41.9198592176183,0 -111.591777981541,41.9201275430957,0 -111.591780478005,41.9203977324519,0 -111.592144747869,41.9206660567111,0 -111.592509020786,41.9209343797826,0 -111.592873296755,41.9212027016662,0 -111.593237575775,41.921471022362,0 -111.593599353583,41.9214691526662,0 -111.593963637148,41.9217374710168,0 -111.594325416414,41.9217355990238,0 -111.594687195645,41.9217337258911,0 -111.595051485245,41.9220020407389,0 -111.595413265934,41.922000165309,0 -111.595775046588,41.9219982887393,0 -111.596136827208,41.9219964110298,0 -111.596501124335,41.9222647212172,0 -111.596862906413,41.9222628412105,0 -111.597227208084,41.9225311490523,0 -111.597588991618,41.9225292667483,0 -111.597950775118,41.9225273833044,0 -111.598315082824,41.9227956876431,0 -111.598676867781,41.9227938019019,0 -111.599038652703,41.9227919150209,0 -111.599400437591,41.9227900270001,0 -111.599764752824,41.9230583266777,0 -111.600126539169,41.9230564363595,0 -111.600488325479,41.9230545449015,0 -111.600852646747,41.9233228410755,0 -111.601214434514,41.92332094732,0 -111.601578760326,41.923589241148,0 -111.60194054955,41.923587345095,0 -111.602302338738,41.9235854479022,0 -111.602664127892,41.9235835495695,0 -111.603028461231,41.9238518387359,0 -111.603392797622,41.9241201267138,0 -111.603757137066,41.924388413503,0 -111.604118930659,41.9243865105572,0 -111.604483274647,41.9246547950001,0 -111.604845069697,41.9246528897567,0 -111.605206864711,41.9246509833733,0 -111.605571214734,41.9249192643119,0 -111.605933011205,41.9249173556308,0 -111.606297365772,41.9251856342227,0 -111.606659163699,41.9251837232439,0 -111.60702352281,41.9254519994892,0 -111.607387884973,41.9257202745456,0 -111.607749685848,41.925718360111,0 -111.608111486687,41.9257164445365,0 -111.608473287492,41.9257145278221,0 -111.608835088261,41.9257126099678,0 -111.609199459442,41.9259808792034,0 -111.609561261667,41.9259789590512,0 -111.609923063857,41.925977037759,0 -111.610284866012,41.9259751153269,0 -111.610646668132,41.9259731917549,0 -111.611008470216,41.925971267043,0 -111.611370272265,41.9259693411912,0 -111.611729493148,41.9256972260964,0 -111.612093876257,41.9259654860677,0 -111.6124556782,41.9259635567961,0 -111.612820065854,41.9262318144202,0 -111.61318445656,41.926500070855,0 -111.613546261449,41.9264981381272,0 -111.613908066304,41.9264962042595,0 -111.614272463044,41.9267644571887,0 -111.614634269354,41.9267625210229,0 -111.614996075628,41.9267605837171,0 -111.615357881867,41.9267586452713,0 -111.61571968807,41.9267567056857,0 -111.616084093827,41.9270249527927,0 -111.616445901485,41.9270230109088,0 -111.616810311786,41.9272912556682,0 -111.61717472514,41.927559499238,0 -111.617539141547,41.9278277416183,0 -111.617900953642,41.9278257951196,0 -111.618265374592,41.928094035152,0 -111.618627188143,41.9280920863549,0 -111.618991613637,41.9283603240394,0 -111.619353428642,41.9283583729439,0 -111.619715243612,41.9283564207084,0 -111.620077058545,41.9283544673329,0 -111.620438873443,41.9283525128174,0 -111.620800688306,41.9283505571619,0 -111.621162503132,41.9283486003664,0 -111.621524317922,41.9283466424309,0 -111.621888756904,41.9286148708166,0 -111.622250573149,41.9286129105826,0 -111.622609762078,41.9283407617843,0 -111.622971576724,41.9283387992887,0 -111.623336021669,41.9286070230405,0 -111.62369783777,41.9286050582464,0 -111.624059653835,41.9286030923123,0 -111.624421469864,41.9286011252382,0 -111.624785922333,41.9288693443244,0 -111.625150377856,41.9291375622205,0 -111.62551219683,41.9291355916892,0 -111.625874015768,41.9291336200179,0 -111.626238477324,41.9294018344067,0 -111.626600297716,41.9293998604367,0 -111.626964763816,41.9296680724768,0 -111.627326585663,41.9296660962081,0 -111.627688407473,41.9296641187993,0 -111.628050229246,41.9296621402505,0 -111.628412050984,41.9296601605616,0 -111.628773872685,41.9296581797326,0 -111.62913569435,41.9296561977636,0 -111.629497515978,41.9296542146546,0 -111.62985933757,41.9296522304055,0 -111.630223818646,41.9299204319855,0 -111.630585641692,41.9299184454376,0 -111.630947464702,41.9299164577496,0 -111.631309287675,41.9299144689215,0 -111.631671110612,41.9299124789534,0 -111.632032933512,41.9299104878452,0 -111.632394756375,41.9299084955969,0 -111.632753908996,41.9296363153707,0 -111.63311573026,41.9296343208611,0 -111.633477551487,41.9296323252114,0 -111.633839372678,41.9296303284217,0 -111.634203870145,41.9298985172547,0</coordinates></LineString>
  </Placemark>
  <Placemark id="logannet3.64">
	<Style><LineStyle><color>ff0000ff</color></LineStyle><PolyStyle><fill>0</fill></PolyStyle></Style>
	<ExtendedData><SchemaData schemaUrl="#logannet3">
		<SimpleData name="LINKNO">150</SimpleData>
		<SimpleData name="DSLINKNO">185</SimpleData>
		<SimpleData name="USLINKNO1">129</SimpleData>
		<SimpleData name="USLINKNO2">45</SimpleData>
		<SimpleData name="DSNODEID">-1</SimpleData>
		<SimpleData name="strmOrder">2</SimpleData>
		<SimpleData name="Length">2168.5</SimpleData>
		<SimpleData name="Magnitude">3</SimpleData>
		<SimpleData name="DSContArea">16740000.0</SimpleData>
		<SimpleData name="strmDrop">139.59</SimpleData>
		<SimpleData name="Slope">0.064369933821</SimpleData>
		<SimpleData name="StraightL">1871.1</SimpleData>
		<SimpleData name="USContArea">15704100.0</SimpleData>
		<SimpleData name="WSNO">150</SimpleData>
		<SimpleData name="DOUTEND">32476.2</SimpleData>
		<SimpleData name="DOUTSTART">34644.7</SimpleData>
		<SimpleData name="DOUTMID">33560.5</SimpleData>
	</SchemaData></ExtendedData>
      <LineString><coordinates>-111.561797602891,41.8843411128349,0 -111.562161541714,41.8846095359169,0 -111.562525483584,41.8848779578144,0 -111.5628894285,41.8851463785274,0 -111.562891800189,41.8854165709108,0 -111.563255749707,41.8856849904096,0 -111.563617327472,41.8856832163994,0 -111.563978905204,41.8856814412508,0 -111.564342860751,41.8859498572548,0 -111.564704439941,41.8859480798128,0 -111.565066019099,41.8859463012324,0 -111.565427598225,41.8859445215137,0 -111.565789177317,41.8859427406567,0 -111.566150756378,41.8859409586612,0 -111.566512335405,41.8859391755275,0 -111.5668739144,41.8859373912553,0 -111.567235493362,41.8859356058448,0 -111.567594680735,41.8856636271563,0 -111.567956258108,41.8856618394859,0 -111.568317835449,41.8856600506772,0 -111.568679412757,41.8856582607302,0 -111.569040990032,41.8856564696448,0 -111.569402567274,41.885654677421,0 -111.56976174382,41.8853826920076,0 -111.570123319474,41.8853808975241,0 -111.570484895094,41.8853791019023,0 -111.570846470682,41.885377305142,0 -111.571210452993,41.8856456992271,0 -111.571572030038,41.8856439001733,0 -111.571931197247,41.8853719080315,0 -111.572290361409,41.8850999147724,0 -111.572651935309,41.8850981123376,0 -111.573013509175,41.8850963087644,0 -111.573375083009,41.8850945040529,0 -111.573734239456,41.8848225063126,0 -111.5740958117,41.8848206993415,0 -111.574457383911,41.8848188912321,0 -111.574818956089,41.8848170819843,0 -111.575180528233,41.8848152715983,0 -111.575542100345,41.8848134600739,0 -111.575903672423,41.8848116474113,0 -111.576265244468,41.8848098336103,0 -111.57662681648,41.884808018671,0 -111.576990819522,41.8850763943302,0 -111.57735239299,41.8850745770972,0 -111.577713966426,41.8850727587258,0 -111.578075539828,41.8850709392162,0 -111.578437113196,41.8850691185682,0 -111.578798686532,41.8850672967819,0 -111.579160259834,41.8850654738573,0 -111.579521833102,41.8850636497944,0 -111.579885849619,41.8853320161798,0 -111.579888292935,41.8856022077535,0 -111.580252314055,41.8858705729231,0 -111.58025475896,41.8861407644538,0 -111.580618784684,41.8864091284077,0 -111.580980365435,41.8864072997054,0 -111.581341946153,41.8864054698646,0 -111.581705977903,41.8866738303216,0 -111.582067560077,41.8866719981869,0 -111.582431596363,41.8869403563024,0 -111.582793179993,41.8869385218736,0 -111.583157220816,41.8872068776476,0 -111.583521264686,41.8874752322357,0 -111.583885311603,41.8877435856379,0</coordinates></LineString>
  </Placemark>
  <Placemark id="logannet3.65">
	<Style><LineStyle><color>ff0000ff</color></LineStyle><PolyStyle><fill>0</fill></PolyStyle></Style>
	<ExtendedData><SchemaData schemaUrl="#logannet3">
		<SimpleData name="LINKNO">143</SimpleData>
		<SimpleData name="DSLINKNO">192</SimpleData>
		<SimpleData name="USLINKNO1">122</SimpleData>
		<SimpleData name="USLINKNO2">52</SimpleData>
		<SimpleData name="DSNODEID">-1</SimpleData>
		<SimpleData name="strmOrder">2</SimpleData>
		<SimpleData name="Length">717.0</SimpleData>
		<SimpleData name="Magnitude">3</SimpleData>
		<SimpleData name="DSContArea">19273500.0</SimpleData>
		<SimpleData name="strmDrop">48.83</SimpleData>
		<SimpleData name="Slope">0.068105607261</SimpleData>
		<SimpleData name="StraightL">626.4</SimpleData>
		<SimpleData name="USContArea">18396000.0</SimpleData>
		<SimpleData name="WSNO">143</SimpleData>
		<SimpleData name="DOUTEND">31814.1</SimpleData>
		<SimpleData name="DOUTSTART">32531.0</SimpleData>
		<SimpleData name="DOUTMID">32172.6</SimpleData>
	</SchemaData></ExtendedData>
      <LineString><coordinates>-111.562475718283,41.8792039141689,0 -111.562111809078,41.8789354916509,0 -111.562109441213,41.8786652989252,0 -111.561745536609,41.8783968751933,0 -111.561381635049,41.8781284502772,0 -111.561017736535,41.8778600241767,0 -111.560653841066,41.8775915968921,0 -111.560292308732,41.8775933612966,0 -111.559930776366,41.877595124563,0 -111.559569243967,41.8775968866914,0 -111.559207711536,41.8775986476817,0 -111.558846179072,41.877600407534,0 -111.558484646577,41.8776021662483,0 -111.558123114049,41.8776039238246,0 -111.557761581489,41.8776056802628,0 -111.557400048897,41.877607435563,0 -111.557038516273,41.8776091897251,0 -111.556679328511,41.8778811357753,0 -111.5563177943,41.8778828876779,0 -111.555953918208,41.8776144453834,0 -111.555592385455,41.8776161949934,0 -111.555230852671,41.8776179434654,0</coordinates></LineString>
  </Placemark>
  <Placemark id="logannet3.66">
	<Style><LineStyle><color>ff0000ff</color></LineStyle><PolyStyle><fill>0</fill></PolyStyle></Style>
	<ExtendedData><SchemaData schemaUrl="#logannet3">
		<SimpleData name="LINKNO">129</SimpleData>
		<SimpleData name="DSLINKNO">150</SimpleData>
		<SimpleData name="USLINKNO1">31</SimpleData>
		<SimpleData name="USLINKNO2">38</SimpleData>
		<SimpleData name="DSNODEID">-1</SimpleData>
		<SimpleData name="strmOrder">2</SimpleData>
		<SimpleData name="Length">6082.6</SimpleData>
		<SimpleData name="Magnitude">2</SimpleData>
		<SimpleData name="DSContArea">12332700.0</SimpleData>
		<SimpleData name="strmDrop">413.34</SimpleData>
		<SimpleData name="Slope">0.067954168676</SimpleData>
		<SimpleData name="StraightL">5144.1</SimpleData>
		<SimpleData name="USContArea">6213600.0</SimpleData>
		<SimpleData name="WSNO">129</SimpleData>
		<SimpleData name="DOUTEND">34644.7</SimpleData>
		<SimpleData name="DOUTSTART">40727.2</SimpleData>
		<SimpleData name="DOUTMID">37686.0</SimpleData>
	</SchemaData></ExtendedData>
      <LineString><coordinates>-111.583885311603,41.8877435856379,0 -111.584246899668,41.8877417466037,0 -111.584610951122,41.8880100976641,0 -111.584972540644,41.8880082563356,0 -111.585334130132,41.8880064138687,0 -111.585695719586,41.8880045702634,0 -111.586057309007,41.8880027255196,0 -111.586418898394,41.8880008796374,0 -111.586780487747,41.8879990326168,0 -111.587142077066,41.8879971844577,0 -111.587506141994,41.8882655262414,0 -111.587867732769,41.888263675788,0 -111.58822932351,41.8882618241963,0 -111.588590914217,41.888259971466,0 -111.58895250489,41.8882581175974,0 -111.58931409553,41.8882562625903,0 -111.589678170952,41.8885245974083,0 -111.590039763047,41.8885227401068,0 -111.590401355108,41.8885208816669,0 -111.590762947134,41.8885190220885,0 -111.591124539127,41.8885171613717,0 -111.591486131085,41.8885152995164,0 -111.59184772301,41.8885134365227,0 -111.592211810416,41.8887817632185,0 -111.592573403795,41.8887798979303,0 -111.592934997141,41.8887780315037,0 -111.593296590452,41.8887761639386,0 -111.593655682119,41.8885041044775,0 -111.594017273838,41.8885022346532,0 -111.594378865523,41.8885003636904,0 -111.594740457174,41.8884984915891,0 -111.595099541121,41.8882264276496,0 -111.59546113118,41.8882245532891,0 -111.595822721204,41.8882226777902,0 -111.596181798989,41.8879506104932,0 -111.596540873726,41.8876785420802,0 -111.596899945417,41.8874064725514,0 -111.597259014061,41.8871344019067,0 -111.597618079659,41.8868623301462,0 -111.597977142209,41.8865902572699,0 -111.598338722852,41.8865883739085,0 -111.598697780798,41.8863162987958,0 -111.599056835698,41.8860442225674,0 -111.599415887551,41.8857721452234,0 -111.599777463486,41.8857702573619,0 -111.600136510734,41.8854981777817,0 -111.600133982117,41.8852279871885,0 -111.600495554936,41.885226097086,0 -111.600857127721,41.8852242058451,0 -111.601218700471,41.885222313466,0 -111.601577738511,41.8849502294137,0 -111.601939309668,41.8849483347758,0 -111.602300880791,41.8849464389996,0 -111.602664991124,41.8852147325664,0 -111.603029104504,41.8854830249462,0 -111.60339322093,41.885751316139,0 -111.603754796483,41.8857494157559,0 -111.604118917444,41.8860177046054,0 -111.604480494451,41.8860158019277,0 -111.604842071423,41.8860138981117,0 -111.605203648361,41.8860119931573,0 -111.605565225263,41.8860100870646,0 -111.60592680213,41.8860081798336,0 -111.606288378963,41.8860062714642,0 -111.606652511901,41.8862745521888,0 -111.607014090187,41.8862726415248,0 -111.607375668438,41.8862707297224,0 -111.607737246654,41.8862688167816,0 -111.608098824834,41.8862669027026,0 -111.60846040298,41.8862649874851,0 -111.608821981091,41.8862630711293,0 -111.609180992363,41.8859909635292,0 -111.60954256888,41.8859890449148,0 -111.609904145362,41.8859871251621,0 -111.610265721809,41.885985204271,0 -111.610627298221,41.8859832822416,0 -111.610988874597,41.8859813590739,0 -111.611350450938,41.8859794347679,0 -111.611712027244,41.8859775093235,0 -111.612073603515,41.8859755827408,0 -111.61243517975,41.8859736550198,0 -111.612799337986,41.8862419160852,0 -111.613160915674,41.8862399860693,0 -111.613522493327,41.886238054915,0 -111.613886657586,41.8865063124797,0 -111.614248236691,41.8865043790306,0 -111.614609815761,41.8865024444431,0 -111.614973986042,41.886770698507,0 -111.615335566564,41.8867687616246,0 -111.615694552757,41.8864966338506,0 -111.616058727502,41.8867648844446,0 -111.616422905293,41.8870331338508,0 -111.616784487196,41.8870311923966,0 -111.617146069064,41.8870292498041,0 -111.617507650897,41.8870273060732,0 -111.617871836198,41.8872955508215,0 -111.618233419482,41.8872936047955,0 -111.618595002731,41.8872916576311,0 -111.618956585944,41.8872897093284,0 -111.619318169122,41.8872877598873,0 -111.619679752263,41.8872858093078,0 -111.620041335369,41.8872838575899,0 -111.620402918439,41.8872819047337,0 -111.620764501474,41.887279950739,0 -111.621126084472,41.887277995606,0 -111.621487667435,41.8872760393346,0 -111.62185187066,41.8875442713272,0 -111.622213455074,41.8875423127606,0 -111.622575039453,41.8875403530557,0 -111.622939248699,41.8878085815464,0 -111.623303460991,41.8880768088488,0 -111.623667676331,41.8883450349629,0 -111.624029265136,41.8883430706489,0 -111.62439348501,41.8886112944177,0 -111.624755075267,41.8886093278083,0 -111.625119299675,41.8888775492318,0 -111.625480891383,41.888875580327,0 -111.625845120326,41.8891437994051,0 -111.626206713485,41.8891418282048,0 -111.626570946962,41.8894100449374,0 -111.626929899695,41.8891378823889,0 -111.627294136147,41.8894060968074,0 -111.627655730685,41.8894041210347,0 -111.628019971671,41.8896723331075,0 -111.62838156766,41.8896703550393,0 -111.628745813181,41.8899385647663,0 -111.629107410621,41.8899365844025,0 -111.629469008025,41.8899346029002,0 -111.629833259568,41.8902028091242,0 -111.630194858423,41.8902008253263,0 -111.630556457241,41.8901988403898,0 -111.630918056024,41.8901968543149,0 -111.63127965477,41.8901948671015,0 -111.631641253479,41.8901928787495,0 -111.632002852152,41.8901908892591,0 -111.632367115665,41.8904590873511,0 -111.632731382224,41.8907272842542,0 -111.633095651831,41.8909954799683,0 -111.633457254929,41.8909934858676,0 -111.633818857991,41.8909914906284,0 -111.634183133619,41.8912596828388,0 -111.634547412295,41.8915278738603,0 -111.634911694018,41.8917960636926,0 -111.635273301504,41.8917940638427,0 -111.635634908953,41.8917920628544,0 -111.635999196698,41.8920602491827,0 -111.63636348749,41.8923284343219,0 -111.636725097876,41.8923264298801,0 -111.637089393203,41.8925946126726,0 -111.63745100504,41.8925926059348,0 -111.63781261684,41.8925905980583,0 -111.638176918188,41.8928587773465,0 -111.638541222583,41.8931269554453,0 -111.638900144652,41.8928547558629,0 -111.639261757829,41.8928527434132,0 -111.639626066685,41.8931209180394,0 -111.639987681312,41.8931189032936,0 -111.640346597138,41.8928466992327,0 -111.640705509916,41.8925744940584,0 -111.641064419647,41.8923022877706,0 -111.641423326331,41.8920300803694,0 -111.641784934678,41.8920280600068,0 -111.642146542988,41.8920260385056,0 -111.642510859056,41.8922942039667,0 -111.642875178172,41.8925623682383,0 -111.643239500335,41.8928305313202,0 -111.643601113068,41.8928285052076,0 -111.643965439766,41.8930966659422,0 -111.643968153805,41.8933668539151,0 -111.64433248511,41.893635013428,0 -111.644696819464,41.8939031717511,0 -111.644699536662,41.8941733596471,0 -111.644702253897,41.8944435475302,0 -111.644704971169,41.8947137354005,0 -111.645069313254,41.8949818924377,0 -111.645072032124,41.8952520802629,0</coordinates></LineString>
  </Placemark>
  <Placemark id="logannet3.67">
	<Style><LineStyle><color>ff0000ff</color></LineStyle><PolyStyle><fill>0</fill></PolyStyle></Style>
	<ExtendedData><SchemaData schemaUrl="#logannet3">
		<SimpleData name="LINKNO">122</SimpleData>
		<SimpleData name="DSLINKNO">143</SimpleData>
		<SimpleData name="USLINKNO1">59</SimpleData>
		<SimpleData name="USLINKNO2">66</SimpleData>
		<SimpleData name="DSNODEID">-1</SimpleData>
		<SimpleData name="strmOrder">2</SimpleData>
		<SimpleData name="Length">3792.8</SimpleData>
		<SimpleData name="Magnitude">2</SimpleData>
		<SimpleData name="DSContArea">11385000.0</SimpleData>
		<SimpleData name="strmDrop">390.29</SimpleData>
		<SimpleData name="Slope">0.102902060435</SimpleData>
		<SimpleData name="StraightL">3386.1</SimpleData>
		<SimpleData name="USContArea">6862500.0</SimpleData>
		<SimpleData name="WSNO">122</SimpleData>
		<SimpleData name="DOUTEND">32531.0</SimpleData>
		<SimpleData name="DOUTSTART">36323.8</SimpleData>
		<SimpleData name="DOUTMID">34427.4</SimpleData>
	</SchemaData></ExtendedData>
      <LineString><coordinates>-111.555230852671,41.8776179434654,0 -111.554869319854,41.8776196907993,0 -111.554507787006,41.8776214369952,0 -111.554146254125,41.8776231820531,0 -111.553784721213,41.877624925973,0 -111.553425519458,41.8778968619291,0 -111.553063984959,41.8778986035892,0 -111.552702450429,41.8779003441114,0 -111.552340915866,41.8779020834955,0 -111.551979381271,41.8779038217415,0 -111.551620170253,41.8781757520929,0 -111.551258634072,41.8781774880792,0 -111.55089709786,41.8781792229275,0 -111.550535561615,41.8781809566376,0 -111.550174025339,41.8781826892098,0 -111.549810173037,41.8779142273188,0 -111.549450952692,41.8781861509399,0 -111.549089416321,41.8781878800978,0 -111.548725568491,41.8779194147438,0 -111.54836403358,41.8779211416093,0 -111.548002498636,41.8779228673368,0 -111.547640963661,41.8779245919263,0 -111.54728173399,41.8781965088167,0 -111.546920197429,41.8781982311463,0 -111.546558660837,41.8781999523378,0 -111.546197124213,41.8782016723912,0 -111.545835587558,41.8782033913067,0 -111.545474050871,41.878205109084,0 -111.545110217954,41.877936632187,0 -111.544748682727,41.8779383476721,0 -111.544387147468,41.877940062019,0 -111.544023320579,41.8776715816304,0 -111.543659496735,41.8774031000586,0 -111.543297964428,41.8774048109592,0 -111.542934145121,41.87713632705,0 -111.542572614274,41.8771380356584,0 -111.542213367319,41.8774099368327,0 -111.541851834887,41.8774116431811,0 -111.541490302424,41.8774133483915,0 -111.541128769929,41.8774150524639,0 -111.540767237403,41.8774167553982,0 -111.540405704846,41.8774184571945,0 -111.540044172258,41.8774201578528,0 -111.539682639639,41.877421857373,0 -111.539323378762,41.8776937495746,0 -111.538961844558,41.8776954468347,0 -111.538602579082,41.8779673367953,0 -111.538241043293,41.8779690317953,0 -111.537879507473,41.8779707256573,0 -111.537517971622,41.8779724183812,0 -111.537154173072,41.8777039160648,0 -111.536792638682,41.8777056064966,0 -111.536431104261,41.8777072957905,0 -111.536069569808,41.8777089839462,0 -111.535708035325,41.8777106709639,0 -111.535346500812,41.8777123568436,0 -111.534984966267,41.8777140415852,0 -111.534623431691,41.8777157251888,0 -111.534261897085,41.8777174076543,0 -111.533900362448,41.8777190889818,0 -111.533541075221,41.8779909632324,0 -111.533179538999,41.8779926422996,0 -111.532820247173,41.8782645143086,0 -111.532460952302,41.8785363851984,0 -111.532463195267,41.8788065792684,0 -111.532103895857,41.8790784490418,0 -111.531744593402,41.8793503176957,0 -111.531385287902,41.8796221852303,0 -111.531387526421,41.8798923792962,0 -111.531028216382,41.8801642457142,0 -111.530668903298,41.8804361110128,0 -111.530309587167,41.8807079751917,0 -111.529950267991,41.8809798382512,0 -111.529588714712,41.8809815061107,0 -111.529229390936,41.881253366928,0 -111.528867836073,41.8812550325268,0 -111.528506281179,41.8812566969874,0 -111.528144726255,41.8812583603098,0 -111.527783171301,41.881260022494,0 -111.527423838265,41.8815318777017,0 -111.527062281727,41.8815335376251,0 -111.526700725158,41.8815351964104,0 -111.526339168558,41.8815368540574,0 -111.525977611929,41.8815385105663,0 -111.525616055269,41.8815401659369,0 -111.525254498579,41.8815418201693,0 -111.524892941858,41.8815434732635,0 -111.524531385107,41.8815451252196,0 -111.524172036599,41.8818169703265,0 -111.523810478265,41.8818186200217,0 -111.5234489199,41.8818202685786,0 -111.523087361506,41.8818219159973,0 -111.5227236009,41.8815533679265,0 -111.522362043968,41.8815550130532,0 -111.522000487006,41.8815566570418,0 -111.521638930014,41.8815582998921,0 -111.521277372992,41.8815599416042,0 -111.520913621404,41.8812913877366,0 -111.520552065845,41.8812930271568,0 -111.520190510256,41.8812946654389,0 -111.519828954637,41.8812963025827,0 -111.519467398987,41.8812979385884,0 -111.519105843308,41.8812995734558,0 -111.518744287599,41.8813012071851,0 -111.51838273186,41.8813028397761,0 -111.518021176091,41.881304471229,0 -111.517659620292,41.8813061015436,0 -111.517298064464,41.8813077307201,0 -111.516936508605,41.8813093587583,0 -111.516574952717,41.8813109856583,0 -111.516213396799,41.8813126114202,0 -111.515851840851,41.8813142360438,0 -111.515492456564,41.8815860542014,0 -111.515130899034,41.881587676564,0 -111.514769341474,41.8815892977883,0</coordinates></LineString>
  </Placemark>
  <Placemark id="logannet3.68">
	<Style><LineStyle><color>ff0000ff</color></LineStyle><PolyStyle><fill>0</fill></PolyStyle></Style>
	<ExtendedData><SchemaData schemaUrl="#logannet3">
		<SimpleData name="LINKNO">115</SimpleData>
		<SimpleData name="DSLINKNO">136</SimpleData>
		<SimpleData name="USLINKNO1">-1</SimpleData>
		<SimpleData name="USLINKNO2">-1</SimpleData>
		<SimpleData name="DSNODEID">-1</SimpleData>
		<SimpleData name="strmOrder">1</SimpleData>
		<SimpleData name="Length">42.4</SimpleData>
		<SimpleData name="Magnitude">1</SimpleData>
		<SimpleData name="DSContArea">2669400.0</SimpleData>
		<SimpleData name="strmDrop">0.00</SimpleData>
		<SimpleData name="Slope">0.000000000000</SimpleData>
		<SimpleData name="StraightL">42.4</SimpleData>
		<SimpleData name="USContArea">2669400.0</SimpleData>
		<SimpleData name="WSNO">115</SimpleData>
		<SimpleData name="DOUTEND">26706.1</SimpleData>
		<SimpleData name="DOUTSTART">26748.5</SimpleData>
		<SimpleData name="DOUTMID">26727.3</SimpleData>
	</SchemaData></ExtendedData>
      <LineString><coordinates>-111.66027139309,41.8611200143324,0 -111.660635607045,41.8613881244474,0</coordinates></LineString>
  </Placemark>
  <Placemark id="logannet3.69">
	<Style><LineStyle><color>ff0000ff</color></LineStyle><PolyStyle><fill>0</fill></PolyStyle></Style>
	<ExtendedData><SchemaData schemaUrl="#logannet3">
		<SimpleData name="LINKNO">101</SimpleData>
		<SimpleData name="DSLINKNO">206</SimpleData>
		<SimpleData name="USLINKNO1">-1</SimpleData>
		<SimpleData name="USLINKNO2">-1</SimpleData>
		<SimpleData name="DSNODEID">-1</SimpleData>
		<SimpleData name="strmOrder">1</SimpleData>
		<SimpleData name="Length">3642.8</SimpleData>
		<SimpleData name="Magnitude">1</SimpleData>
		<SimpleData name="DSContArea">8511300.0</SimpleData>
		<SimpleData name="strmDrop">475.40</SimpleData>
		<SimpleData name="Slope">0.130503690644</SimpleData>
		<SimpleData name="StraightL">3254.0</SimpleData>
		<SimpleData name="USContArea">2925000.0</SimpleData>
		<SimpleData name="WSNO">101</SimpleData>
		<SimpleData name="DOUTEND">30455.6</SimpleData>
		<SimpleData name="DOUTSTART">34098.3</SimpleData>
		<SimpleData name="DOUTMID">32276.9</SimpleData>
	</SchemaData></ExtendedData>
      <LineString><coordinates>-111.567448857653,41.8691818823025,0 -111.567087373129,41.8691836678077,0 -111.566725888573,41.8691854521752,0 -111.566364403983,41.8691872354051,0 -111.566000535921,41.8689188244924,0 -111.565636670903,41.8686504123957,0 -111.565272808929,41.8683819991148,0 -111.564911328775,41.8683837777436,0 -111.564547471334,41.8681153621243,0 -111.564183616937,41.8678469453209,0 -111.563819765584,41.8675785273336,0 -111.563458289866,41.8675803013615,0 -111.563094443046,41.8673118810359,0 -111.562730599269,41.8670434595264,0 -111.562366758537,41.866775036833,0 -111.562002920848,41.8665066129558,0 -111.561641451056,41.866508381229,0 -111.561279981231,41.8665101483645,0 -111.560918511373,41.8665119143624,0 -111.560554681196,41.8662434858387,0 -111.560193212796,41.8662452495448,0 -111.560190854063,41.8659750561313,0 -111.560188495363,41.8657048627049,0 -111.559824672827,41.8654364317843,0 -111.559822315713,41.8651662383156,0 -111.559460853335,41.8651679996802,0 -111.559101744996,41.8654399534091,0 -111.558740281032,41.8654417125152,0 -111.558378817036,41.8654434704837,0 -111.558017353008,41.8654452273147,0 -111.557655888948,41.8654469830081,0 -111.557294424856,41.865448737564,0 -111.556932960731,41.8654504909823,0 -111.556571496574,41.8654522432631,0 -111.556210032386,41.8654539944063,0 -111.555848568165,41.865455744412,0 -111.555487103912,41.8654574932801,0 -111.555125639628,41.8654592410106,0 -111.554764175311,41.8654609876036,0 -111.554402710962,41.8654627330591,0 -111.554041246582,41.865464477377,0 -111.553679782169,41.8654662205574,0 -111.553318317725,41.8654679626002,0 -111.552956853248,41.8654697035054,0 -111.55259538874,41.8654714432731,0 -111.5522339242,41.8654731819033,0 -111.551872459628,41.8654749193958,0 -111.551510995025,41.8654766557509,0 -111.551149530389,41.8654783909684,0 -111.550788065722,41.8654801250483,0 -111.550426601023,41.8654818579906,0 -111.550065136293,41.8654835897955,0 -111.54970367153,41.8654853204627,0 -111.549342206736,41.8654870499924,0 -111.548980741911,41.8654887783846,0 -111.548616967113,41.8652203116607,0 -111.548255503746,41.8652220377615,0 -111.547894040347,41.8652237627247,0 -111.547530271573,41.8649552925103,0 -111.547168809633,41.8649570151822,0 -111.546807347662,41.8649587367166,0 -111.546445885659,41.8649604571134,0 -111.546082124399,41.8646919822548,0 -111.545720663854,41.8646937003604,0 -111.545359203279,41.8646954173284,0 -111.544995448043,41.8644269389797,0 -111.544633988926,41.8644286536565,0 -111.544272529778,41.8644303671958,0 -111.543908780566,41.864161885357,0 -111.543547322876,41.8641635966051,0 -111.543183578198,41.8638951124301,0 -111.542822121968,41.8638968213871,0 -111.542460665706,41.8638985292066,0 -111.542096927052,41.8636300415418,0 -111.54173547225,41.8636317470703,0 -111.541374017416,41.8636334514612,0 -111.541010284786,41.8633649603068,0 -111.540646555199,41.86309646797,0 -111.540282828655,41.8628279744508,0 -111.539919105154,41.8625594797493,0 -111.539555384697,41.8622909838654,0 -111.539193937284,41.8622926813514,0 -111.538832489841,41.8622943776999,0 -111.538471042366,41.8622960729111,0 -111.53810959486,41.8622977669848,0 -111.537748147324,41.862299459921,0 -111.537386699756,41.8623011517199,0 -111.537025252158,41.8623028423812,0 -111.536666063911,41.8625747265562,0 -111.536304614729,41.8625764149587,0 -111.535943165516,41.8625781022236,0 -111.535581716272,41.8625797883512,0 -111.535220266998,41.8625814733413,0 -111.534858817692,41.8625831571939,0 -111.53449961864,41.8628550346426,0 -111.534138167752,41.8628567162362,0 -111.533776716832,41.8628583966923,0 -111.533415265882,41.8628600760109,0 -111.533051570704,41.8625915593953,0 -111.532690121214,41.8625932364232,0 -111.532328671693,41.8625949123137,0 -111.531967222142,41.8625965870667,0 -111.531608010672,41.8628684555423,0 -111.531246559537,41.8628701280362,0 -111.530885108373,41.8628717993926,0 -111.530523657177,41.8628734696116,0 -111.530162205952,41.8628751386931,0 -111.529802985229,41.863147001563,0 -111.529441532421,41.8631486683852,0 -111.529080079582,41.86315033407,0</coordinates></LineString>
  </Placemark>
  <Placemark id="logannet3.70">
	<Style><LineStyle><color>ff0000ff</color></LineStyle><PolyStyle><fill>0</fill></PolyStyle></Style>
	<ExtendedData><SchemaData schemaUrl="#logannet3">
		<SimpleData name="LINKNO">80</SimpleData>
		<SimpleData name="DSLINKNO">199</SimpleData>
		<SimpleData name="USLINKNO1">-1</SimpleData>
		<SimpleData name="USLINKNO2">-1</SimpleData>
		<SimpleData name="DSNODEID">-1</SimpleData>
		<SimpleData name="strmOrder">1</SimpleData>
		<SimpleData name="Length">1316.1</SimpleData>
		<SimpleData name="Magnitude">1</SimpleData>
		<SimpleData name="DSContArea">2976300.0</SimpleData>
		<SimpleData name="strmDrop">114.72</SimpleData>
		<SimpleData name="Slope">0.087164915025</SimpleData>
		<SimpleData name="StraightL">1209.3</SimpleData>
		<SimpleData name="USContArea">2127600.0</SimpleData>
		<SimpleData name="WSNO">80</SimpleData>
		<SimpleData name="DOUTEND">30697.7</SimpleData>
		<SimpleData name="DOUTSTART">32013.8</SimpleData>
		<SimpleData name="DOUTMID">31355.7</SimpleData>
	</SchemaData></ExtendedData>
      <LineString><coordinates>-111.566378714443,41.8708083930625,0 -111.566742594878,41.8710768026129,0 -111.566744981623,41.8713469954811,0 -111.567106478357,41.8713452109791,0 -111.567467975058,41.8713434253392,0 -111.567829471726,41.8713416385616,0 -111.568193361228,41.8716100434342,0 -111.568557253775,41.8718784471224,0 -111.568921149367,41.8721468496262,0 -111.569285048002,41.8724152509456,0 -111.569646550596,41.8724134584116,0 -111.570008053156,41.8724116647397,0 -111.570369555684,41.8724098699299,0 -111.570731058178,41.8724080739824,0 -111.571094965816,41.8726764694984,0 -111.571458876499,41.8729448638297,0 -111.571822790226,41.8732132569765,0 -111.572186706998,41.8734816489386,0 -111.572550626815,41.873750039716,0 -111.572912136723,41.8737482368566,0 -111.573273646599,41.8737464328594,0 -111.573635156442,41.8737446277242,0 -111.573999083771,41.8740130138523,0 -111.574363014145,41.8742813987956,0 -111.574724526933,41.8742795902127,0 -111.575088461842,41.8745479728162,0 -111.575452399795,41.8748163542347,0 -111.575816340793,41.8750847344684,0 -111.576180284836,41.8753531135171,0 -111.576541803548,41.8753512991764,0 -111.576903322227,41.8753494836978,0 -111.577267272293,41.8756178592514,0 -111.577628792428,41.8756160414797,0 -111.577992747029,41.8758844146932,0 -111.578354268619,41.8758825946285,0 -111.578715790177,41.8758807734259,0 -111.579079750801,41.876149143144,0</coordinates></LineString>
  </Placemark>
  <Placemark id="logannet3.71">
	<Style><LineStyle><color>ff0000ff</color></LineStyle><PolyStyle><fill>0</fill></PolyStyle></Style>
	<ExtendedData><SchemaData schemaUrl="#logannet3">
		<SimpleData name="LINKNO">73</SimpleData>
		<SimpleData name="DSLINKNO">136</SimpleData>
		<SimpleData name="USLINKNO1">-1</SimpleData>
		<SimpleData name="USLINKNO2">-1</SimpleData>
		<SimpleData name="DSNODEID">-1</SimpleData>
		<SimpleData name="strmOrder">1</SimpleData>
		<SimpleData name="Length">2226.4</SimpleData>
		<SimpleData name="Magnitude">1</SimpleData>
		<SimpleData name="DSContArea">6288300.0</SimpleData>
		<SimpleData name="strmDrop">171.61</SimpleData>
		<SimpleData name="Slope">0.077080760450</SimpleData>
		<SimpleData name="StraightL">2057.8</SimpleData>
		<SimpleData name="USContArea">2455200.0</SimpleData>
		<SimpleData name="WSNO">73</SimpleData>
		<SimpleData name="DOUTEND">26706.1</SimpleData>
		<SimpleData name="DOUTSTART">28932.5</SimpleData>
		<SimpleData name="DOUTMID">27819.3</SimpleData>
	</SchemaData></ExtendedData>
      <LineString><coordinates>-111.66027139309,41.8611200143324,0 -111.66027417273,41.861390202938,0 -111.660276952409,41.8616603915306,0 -111.660279732125,41.8619305801104,0 -111.66028251188,41.8622007686773,0 -111.659923851235,41.8624730346628,0 -111.659926629544,41.8627432232234,0 -111.659929407892,41.8630134117711,0 -111.659932186277,41.8632836003059,0 -111.6599349647,41.8635537888278,0 -111.659937743162,41.8638239773368,0 -111.659940521661,41.8640941658329,0 -111.660304751287,41.8643622767474,0 -111.660668983956,41.8646303864723,0 -111.661033219668,41.8648984950077,0 -111.661397458424,41.8651666023535,0 -111.661761700222,41.8654347085097,0 -111.662125945064,41.8657028134763,0 -111.66212873296,41.8659730017644,0 -111.662131520893,41.8662431900395,0 -111.662134308865,41.8665133783018,0 -111.662137096875,41.8667835665512,0 -111.662139884923,41.8670537547876,0 -111.66214267301,41.8673239430112,0 -111.662145461134,41.8675941312218,0 -111.662148249297,41.8678643194195,0 -111.662151037497,41.8681345076044,0 -111.662153825736,41.8684046957763,0 -111.662156614013,41.8686748839353,0 -111.662520879058,41.868942987354,0 -111.662523668933,41.8692131754676,0 -111.662887938581,41.869481277664,0 -111.663252211273,41.8697493786704,0 -111.663255004307,41.8700195667059,0 -111.663619281603,41.8702876664899,0 -111.663622076235,41.8705578544799,0 -111.663624870906,41.870828042457,0 -111.663627665614,41.8710982304211,0 -111.663630460361,41.8713684183724,0 -111.663633255146,41.8716386063108,0 -111.66363604997,41.8719087942362,0 -111.663638844831,41.8721789821488,0 -111.663641639731,41.8724491700484,0 -111.663644434669,41.8727193579351,0 -111.663647229646,41.8729895458089,0 -111.66365002466,41.8732597336699,0 -111.663652819713,41.8735299215178,0 -111.664017118778,41.8737980197207,0 -111.66401991543,41.8740682075232,0 -111.664022712119,41.8743383953127,0 -111.664025508848,41.8746085830894,0 -111.664028305614,41.8748787708532,0 -111.663669590833,41.8751510483348,0 -111.663672386154,41.8754212360924,0 -111.663313666844,41.8756935124694,0 -111.663316460719,41.8759637002209,0 -111.663319254632,41.8762338879595,0 -111.663322048583,41.8765040756852,0 -111.663324842572,41.876774263398,0 -111.6633276366,41.8770444510979,0 -111.663691954469,41.8773125500345,0 -111.663694750095,41.8775827376888,0 -111.66369754576,41.8778529253303,0 -111.663700341463,41.8781231129589,0 -111.663703137205,41.8783933005745,0 -111.663705932984,41.8786634881772,0 -111.663708728802,41.8789336757671,0 -111.663711524658,41.879203863344,0 -111.663714320553,41.879474050908,0</coordinates></LineString>
  </Placemark>
  <Placemark id="logannet3.72">
	<Style><LineStyle><color>ff0000ff</color></LineStyle><PolyStyle><fill>0</fill></PolyStyle></Style>
	<ExtendedData><SchemaData schemaUrl="#logannet3">
		<SimpleData name="LINKNO">66</SimpleData>
		<SimpleData name="DSLINKNO">122</SimpleData>
		<SimpleData name="USLINKNO1">-1</SimpleData>
		<SimpleData name="USLINKNO2">-1</SimpleData>
		<SimpleData name="DSNODEID">-1</SimpleData>
		<SimpleData name="strmOrder">1</SimpleData>
		<SimpleData name="Length">404.6</SimpleData>
		<SimpleData name="Magnitude">1</SimpleData>
		<SimpleData name="DSContArea">2675700.0</SimpleData>
		<SimpleData name="strmDrop">27.52</SimpleData>
		<SimpleData name="Slope">0.068023020422</SimpleData>
		<SimpleData name="StraightL">351.1</SimpleData>
		<SimpleData name="USContArea">2460600.0</SimpleData>
		<SimpleData name="WSNO">66</SimpleData>
		<SimpleData name="DOUTEND">36323.8</SimpleData>
		<SimpleData name="DOUTSTART">36728.4</SimpleData>
		<SimpleData name="DOUTMID">36526.1</SimpleData>
	</SchemaData></ExtendedData>
      <LineString><coordinates>-111.514769341474,41.8815892977883,0 -111.514407783884,41.8815909178743,0 -111.514048391893,41.8818627315427,0 -111.513686832721,41.8818643493676,0 -111.513323110938,41.8815957713033,0 -111.5129593922,41.8813271920575,0 -111.512597835986,41.8813288064372,0 -111.512234121788,41.8810602248565,0 -111.511872567037,41.8810618369447,0 -111.511511012257,41.8810634478947,0 -111.511147304092,41.8807948628258,0 -111.510783598974,41.8805262765755,0</coordinates></LineString>
  </Placemark>
  <Placemark id="logannet3.73">
	<Style><LineStyle><color>ff0000ff</color></LineStyle><PolyStyle><fill>0</fill></PolyStyle></Style>
	<ExtendedData><SchemaData schemaUrl="#logannet3">
		<SimpleData name="LINKNO">59</SimpleData>
		<SimpleData name="DSLINKNO">122</SimpleData>
		<SimpleData name="USLINKNO1">-1</SimpleData>
		<SimpleData name="USLINKNO2">-1</SimpleData>
		<SimpleData name="DSNODEID">-1</SimpleData>
		<SimpleData name="strmOrder">1</SimpleData>
		<SimpleData name="Length">711.8</SimpleData>
		<SimpleData name="Magnitude">1</SimpleData>
		<SimpleData name="DSContArea">3231000.0</SimpleData>
		<SimpleData name="strmDrop">53.96</SimpleData>
		<SimpleData name="Slope">0.075806832226</SimpleData>
		<SimpleData name="StraightL">658.0</SimpleData>
		<SimpleData name="USContArea">2489400.0</SimpleData>
		<SimpleData name="WSNO">59</SimpleData>
		<SimpleData name="DOUTEND">36323.8</SimpleData>
		<SimpleData name="DOUTSTART">37035.7</SimpleData>
		<SimpleData name="DOUTMID">36679.7</SimpleData>
	</SchemaData></ExtendedData>
      <LineString><coordinates>-111.514769341474,41.8815892977883,0 -111.514409951035,41.8818611125795,0 -111.51405055755,41.8821329262503,0 -111.513691161019,41.8824047388005,0 -111.513331761442,41.88267655023,0 -111.513333924142,41.8829467449296,0 -111.513336086871,41.8832169396163,0 -111.513338249631,41.8834871342902,0 -111.512978842526,41.8837589446062,0 -111.512981003822,41.8840291392696,0 -111.512983165146,41.8842993339202,0 -111.512985326501,41.8845695285579,0 -111.512625911869,41.8848413377603,0 -111.512628071759,41.8851115323875,0 -111.512268652587,41.8853833404716,0 -111.512270811013,41.8856535350883,0 -111.512272969469,41.8859237296922,0 -111.511913544263,41.8861955366601,0 -111.511915701254,41.8864657312535,0 -111.511556271507,41.8867375371029,0 -111.511558427034,41.8870077316857,0</coordinates></LineString>
  </Placemark>
  <Placemark id="logannet3.74">
	<Style><LineStyle><color>ff0000ff</color></LineStyle><PolyStyle><fill>0</fill></PolyStyle></Style>
	<ExtendedData><SchemaData schemaUrl="#logannet3">
		<SimpleData name="LINKNO">52</SimpleData>
		<SimpleData name="DSLINKNO">143</SimpleData>
		<SimpleData name="USLINKNO1">-1</SimpleData>
		<SimpleData name="USLINKNO2">-1</SimpleData>
		<SimpleData name="DSNODEID">-1</SimpleData>
		<SimpleData name="strmOrder">1</SimpleData>
		<SimpleData name="Length">2654.9</SimpleData>
		<SimpleData name="Magnitude">1</SimpleData>
		<SimpleData name="DSContArea">7010100.0</SimpleData>
		<SimpleData name="strmDrop">546.62</SimpleData>
		<SimpleData name="Slope">0.205889618074</SimpleData>
		<SimpleData name="StraightL">2228.3</SimpleData>
		<SimpleData name="USContArea">4445100.0</SimpleData>
		<SimpleData name="WSNO">52</SimpleData>
		<SimpleData name="DOUTEND">32531.0</SimpleData>
		<SimpleData name="DOUTSTART">35186.0</SimpleData>
		<SimpleData name="DOUTMID">33858.5</SimpleData>
	</SchemaData></ExtendedData>
      <LineString><coordinates>-111.555230852671,41.8776179434654,0 -111.554871657135,41.8778898839078,0 -111.554512458554,41.8781618232323,0 -111.554153256927,41.8784337614387,0 -111.553794052255,41.8787056985271,0 -111.553796385096,41.8789758916335,0 -111.553437175887,41.8792478276074,0 -111.553439507269,41.8795180207045,0 -111.553441838682,41.8797882137887,0 -111.553444170127,41.8800584068601,0 -111.553446501604,41.8803285999186,0 -111.553087283386,41.8806005347886,0 -111.552728062123,41.8808724685404,0 -111.552368837813,41.8811444011739,0 -111.552009610457,41.8814163326892,0 -111.551650380056,41.8816882630862,0 -111.551288824078,41.8816899992852,0 -111.550929589075,41.8819619274421,0 -111.55056803151,41.8819636613811,0 -111.550208791907,41.8822355872976,0 -111.549847232756,41.8822373189765,0 -111.549485673573,41.8822390495172,0 -111.549126427814,41.8825109720715,0 -111.548764867045,41.882512700352,0 -111.548403306244,41.8825144274942,0 -111.548041745411,41.8825161534983,0 -111.547680184547,41.8825178783641,0 -111.547318623651,41.8825196020916,0 -111.546954758407,41.8822511314315,0 -111.546593198971,41.8822528528663,0 -111.546229338264,41.8819843798682,0 -111.545867780288,41.8819860990104,0 -111.545506222281,41.8819878170144,0 -111.545144664242,41.8819895338802,0 -111.544783106172,41.8819912496078,0 -111.544423841695,41.8822631575728,0 -111.544064574172,41.8825350644191,0 -111.543705303603,41.8828069701465,0 -111.543346029988,41.8830788747551,0 -111.542986753326,41.8833507782449,0 -111.542627473618,41.8836226806157,0 -111.542268190864,41.8838945818676,0 -111.542270475569,41.88416477525,0 -111.541911188276,41.8844366753861,0 -111.541913471521,41.8847068687589,0 -111.541915754796,41.8849770621188,0 -111.541556461473,41.8852489611423,0 -111.541558743288,41.8855191544926,0 -111.541561025134,41.88578934783,0 -111.54120172578,41.8860612457409,0 -111.541204006166,41.8863314390687,0 -111.541206286582,41.8866016323835,0 -111.540846981197,41.8868735291817,0 -111.540849260152,41.887143722487,0 -111.540489950228,41.8874156181692,0 -111.540492227723,41.8876858114647,0 -111.540132913259,41.8879577060309,0 -111.539773595749,41.8882295994778,0 -111.53977587029,41.8884997927668,0 -111.53941654824,41.8887716850976,0 -111.539057223143,41.889043576309,0 -111.53905949473,41.8893137695915,0 -111.538700165094,41.8895856596867,0 -111.538702435219,41.8898558529595,0 -111.538704705376,41.8901260462194,0 -111.538706975563,41.8903962394664,0 -111.538347638402,41.8906681284516,0 -111.538349907128,41.8909383216889,0 -111.537990565426,41.8912102095577,0 -111.537631220677,41.8914820963071,0 -111.537269608632,41.8914837886902,0 -111.536907996557,41.8914854799348,0 -111.53654638445,41.8914871700408,0 -111.536184772313,41.8914888590082,0 -111.535823160144,41.891490546837,0</coordinates></LineString>
  </Placemark>
  <Placemark id="logannet3.75">
	<Style><LineStyle><color>ff0000ff</color></LineStyle><PolyStyle><fill>0</fill></PolyStyle></Style>
	<ExtendedData><SchemaData schemaUrl="#logannet3">
		<SimpleData name="LINKNO">45</SimpleData>
		<SimpleData name="DSLINKNO">150</SimpleData>
		<SimpleData name="USLINKNO1">-1</SimpleData>
		<SimpleData name="USLINKNO2">-1</SimpleData>
		<SimpleData name="DSNODEID">-1</SimpleData>
		<SimpleData name="strmOrder">1</SimpleData>
		<SimpleData name="Length">1036.7</SimpleData>
		<SimpleData name="Magnitude">1</SimpleData>
		<SimpleData name="DSContArea">3357000.0</SimpleData>
		<SimpleData name="strmDrop">125.63</SimpleData>
		<SimpleData name="Slope">0.121184776435</SimpleData>
		<SimpleData name="StraightL">900.5</SimpleData>
		<SimpleData name="USContArea">2801700.0</SimpleData>
		<SimpleData name="WSNO">45</SimpleData>
		<SimpleData name="DOUTEND">34644.7</SimpleData>
		<SimpleData name="DOUTSTART">35681.4</SimpleData>
		<SimpleData name="DOUTMID">35163.1</SimpleData>
	</SchemaData></ExtendedData>
      <LineString><coordinates>-111.583885311603,41.8877435856379,0 -111.584249361566,41.8880119378542,0 -111.584613414576,41.8882802888845,0 -111.584615878065,41.8885504800919,0 -111.584979935679,41.888818829906,0 -111.585343996341,41.8890871785339,0 -111.58570806005,41.8893555259758,0 -111.585710528244,41.8896257170797,0 -111.585712996471,41.8898959081707,0 -111.585715464733,41.8901660992488,0 -111.586079536161,41.8904344454138,0 -111.586443610636,41.8907027903926,0 -111.586805215225,41.8907009431979,0 -111.58716681978,41.8906990948646,0 -111.587530900282,41.8909674363453,0 -111.587892506293,41.8909655857175,0 -111.58825411227,41.8909637339512,0 -111.588615718212,41.8909618810464,0 -111.588977324121,41.890960027003,0 -111.58934141363,41.8912283626733,0 -111.589703020995,41.8912265063354,0 -111.590064628325,41.8912246488588,0 -111.590426235622,41.8912227902438,0 -111.590787842885,41.8912209304901,0 -111.591149450113,41.8912190695979,0 -111.591511057308,41.8912172075672,0 -111.591875158801,41.8914855351146,0 -111.592236767451,41.8914836707892,0 -111.592598376067,41.8914818053252,0 -111.592962483587,41.8917501293738,0 -111.593324093658,41.8917482616151,0</coordinates></LineString>
  </Placemark>
  <Placemark id="logannet3.76">
	<Style><LineStyle><color>ff0000ff</color></LineStyle><PolyStyle><fill>0</fill></PolyStyle></Style>
	<ExtendedData><SchemaData schemaUrl="#logannet3">
		<SimpleData name="LINKNO">38</SimpleData>
		<SimpleData name="DSLINKNO">129</SimpleData>
		<SimpleData name="USLINKNO1">-1</SimpleData>
		<SimpleData name="USLINKNO2">-1</SimpleData>
		<SimpleData name="DSNODEID">-1</SimpleData>
		<SimpleData name="strmOrder">1</SimpleData>
		<SimpleData name="Length">787.3</SimpleData>
		<SimpleData name="Magnitude">1</SimpleData>
		<SimpleData name="DSContArea">2787300.0</SimpleData>
		<SimpleData name="strmDrop">71.18</SimpleData>
		<SimpleData name="Slope">0.090415043230</SimpleData>
		<SimpleData name="StraightL">750.6</SimpleData>
		<SimpleData name="USContArea">2091600.0</SimpleData>
		<SimpleData name="WSNO">38</SimpleData>
		<SimpleData name="DOUTEND">40727.2</SimpleData>
		<SimpleData name="DOUTSTART">41514.5</SimpleData>
		<SimpleData name="DOUTMID">41120.9</SimpleData>
	</SchemaData></ExtendedData>
      <LineString><coordinates>-111.645072032124,41.8952520802629,0 -111.645074751032,41.8955222680753,0 -111.645077469977,41.8957924558748,0 -111.645441819793,41.896060611626,0 -111.645444540336,41.8963307993805,0 -111.645447260917,41.8966009871221,0 -111.645449981535,41.8968711748508,0 -111.64545270219,41.8971413625667,0 -111.645455422882,41.8974115502696,0 -111.645458143612,41.8976817379596,0 -111.645099222876,41.8979539578061,0 -111.645101942156,41.8982241454895,0 -111.645104661473,41.8984943331599,0 -111.645107380828,41.8987645208175,0 -111.645110100219,41.8990347084621,0 -111.645112819648,41.8993048960939,0 -111.645115539114,41.8995750837127,0 -111.645118258617,41.8998452713187,0 -111.645120978158,41.9001154589117,0 -111.645123697735,41.9003856464919,0 -111.64512641735,41.9006558340591,0 -111.644767478696,41.9009280528547,0 -111.644770196861,41.9011982404153,0 -111.644772915063,41.9014684279629,0 -111.644775633302,41.9017386154977,0 -111.644778351579,41.9020088030196,0</coordinates></LineString>
  </Placemark>
  <Placemark id="logannet3.77">
	<Style><LineStyle><color>ff0000ff</color></LineStyle><PolyStyle><fill>0</fill></PolyStyle></Style>
	<ExtendedData><SchemaData schemaUrl="#logannet3">
		<SimpleData name="LINKNO">31</SimpleData>
		<SimpleData name="DSLINKNO">129</SimpleData>
		<SimpleData name="USLINKNO1">-1</SimpleData>
		<SimpleData name="USLINKNO2">-1</SimpleData>
		<SimpleData name="DSNODEID">-1</SimpleData>
		<SimpleData name="strmOrder">1</SimpleData>
		<SimpleData name="Length">1651.2</SimpleData>
		<SimpleData name="Magnitude">1</SimpleData>
		<SimpleData name="DSContArea">3425400.0</SimpleData>
		<SimpleData name="strmDrop">216.47</SimpleData>
		<SimpleData name="Slope">0.131093658573</SimpleData>
		<SimpleData name="StraightL">1364.6</SimpleData>
		<SimpleData name="USContArea">1622700.0</SimpleData>
		<SimpleData name="WSNO">31</SimpleData>
		<SimpleData name="DOUTEND">40727.2</SimpleData>
		<SimpleData name="DOUTSTART">42378.5</SimpleData>
		<SimpleData name="DOUTMID">41552.9</SimpleData>
	</SchemaData></ExtendedData>
      <LineString><coordinates>-111.645072032124,41.8952520802629,0 -111.645433658386,41.895250048285,0 -111.645795284611,41.8952480151684,0 -111.646156910798,41.8952459809132,0 -111.646518536948,41.8952439455192,0 -111.646880163061,41.8952419089866,0 -111.647241789136,41.8952398713153,0 -111.647603415174,41.8952378325053,0 -111.647965041175,41.8952357925566,0 -111.648329399762,41.8955039391089,0 -111.648693761396,41.8957720844712,0 -111.649058126079,41.8960402286433,0 -111.649060861863,41.8963104162058,0 -111.649063597684,41.8965806037553,0 -111.649066333542,41.8968507912919,0 -111.649430705957,41.8971189341774,0 -111.649792342439,41.8971168884005,0 -111.650153978883,41.8971148414847,0 -111.65051835732,41.8973829808639,0 -111.650882738804,41.8976511190529,0 -111.651244378184,41.8976490686823,0 -111.651603270887,41.8973768298101,0 -111.651964908668,41.8973747771813,0 -111.652326546411,41.8973727234137,0 -111.652688184116,41.8973706685074,0 -111.653049821784,41.8973686124624,0 -111.653414213674,41.8976367425445,0 -111.65377585279,41.8976346842026,0 -111.654140249215,41.8979028119361,0 -111.65450188978,41.8979007512972,0 -111.65486629074,41.898168876682,0 -111.655227932754,41.8981668137461,0 -111.65558957473,41.8981647496714,0 -111.655951216668,41.8981626844579,0 -111.656315625135,41.8984308051774,0 -111.65668003665,41.8986989247063,0 -111.657044451214,41.8989670430444,0 -111.657406097573,41.8989649732173,0 -111.657770516671,41.8992330892064,0 -111.657773289486,41.8995032761486,0 -111.657776062339,41.8997734630778,0 -111.65777883523,41.9000436499941,0 -111.657781608159,41.9003138368976,0 -111.658146036555,41.9005819515662,0 -111.658148811084,41.9008521384243,0 -111.658151585651,41.9011223252694,0 -111.658154360257,41.9013925121017,0 -111.658518796388,41.9016606254821,0 -111.658883235569,41.9019287376716,0</coordinates></LineString>
  </Placemark>
  <Placemark id="logannet3.78">
	<Style><LineStyle><color>ff0000ff</color></LineStyle><PolyStyle><fill>0</fill></PolyStyle></Style>
	<ExtendedData><SchemaData schemaUrl="#logannet3">
		<SimpleData name="LINKNO">24</SimpleData>
		<SimpleData name="DSLINKNO">178</SimpleData>
		<SimpleData name="USLINKNO1">-1</SimpleData>
		<SimpleData name="USLINKNO2">-1</SimpleData>
		<SimpleData name="DSNODEID">-1</SimpleData>
		<SimpleData name="strmOrder">1</SimpleData>
		<SimpleData name="Length">6536.8</SimpleData>
		<SimpleData name="Magnitude">1</SimpleData>
		<SimpleData name="DSContArea">8883000.0</SimpleData>
		<SimpleData name="strmDrop">609.30</SimpleData>
		<SimpleData name="Slope">0.093209642615</SimpleData>
		<SimpleData name="StraightL">5460.1</SimpleData>
		<SimpleData name="USContArea">2062800.0</SimpleData>
		<SimpleData name="WSNO">24</SimpleData>
		<SimpleData name="DOUTEND">33408.3</SimpleData>
		<SimpleData name="DOUTSTART">39945.1</SimpleData>
		<SimpleData name="DOUTMID">36676.7</SimpleData>
	</SchemaData></ExtendedData>
      <LineString><coordinates>-111.565111262266,41.8910799516764,0 -111.565472870338,41.891078171639,0 -111.565834478378,41.891076390463,0 -111.566196086385,41.8910746081484,0 -111.566557694359,41.8910728246953,0 -111.566921691464,41.8913412320196,0 -111.567285691617,41.8916096381588,0 -111.567649694818,41.8918780431129,0 -111.568013701066,41.8921464468819,0 -111.568377710361,41.8924148494656,0 -111.568741722704,41.8926832508641,0 -111.569105738095,41.8929516510774,0 -111.569469756534,41.8932200501054,0 -111.56983377802,41.8934884479481,0 -111.570195399381,41.8934866529571,0 -111.570557020709,41.8934848568275,0 -111.570921048225,41.8937532511737,0 -111.571285078789,41.8940216443344,0 -111.571646703066,41.8940198447549,0 -111.572010738169,41.8942882355745,0 -111.572372363904,41.8942864337007,0 -111.572733989606,41.8942846306882,0 -111.573098030738,41.894553018011,0 -111.573462074919,41.8948214041481,0 -111.573464491973,41.8950915955793,0 -111.573828540758,41.895359980501,0 -111.574192592592,41.895628364237,0 -111.574556647474,41.8958967467873,0 -111.574920705404,41.8961651281519,0 -111.575282341542,41.8961633170491,0 -111.575646404011,41.8964316960721,0 -111.576010469528,41.8967000739093,0 -111.576374538094,41.8969684505606,0 -111.576738609708,41.8972368260261,0 -111.577100251777,41.897235009161,0 -111.577461893812,41.8972331911572,0 -111.577825971456,41.8975015631249,0 -111.578190052149,41.8977699339065,0 -111.578554135889,41.8980383035022,0 -111.578918222679,41.8983066719119,0 -111.579282312517,41.8985750391354,0 -111.579646405403,41.8988434051729,0 -111.580010501338,41.8991117700242,0 -111.580012946359,41.8993819609413,0 -111.580377046901,41.8996503245763,0 -111.580741150491,41.8999186870251,0 -111.580743598661,41.9001888778692,0 -111.581107706858,41.9004572391016,0 -111.58111015662,41.9007274299027,0 -111.581474269423,41.9009957899187,0 -111.581835932398,41.9009939580076,0 -111.582200049742,41.9012623156811,0 -111.582564170134,41.9015306721681,0 -111.582928293576,41.9017990274688,0 -111.582930751128,41.9020692181191,0 -111.583294879176,41.9023375722031,0 -111.583656549606,41.9023357345107,0 -111.584018220001,41.9023338956792,0 -111.584382354081,41.9026022462641,0 -111.584744025934,41.9026004051373,0 -111.585108164553,41.9028687533792,0 -111.585472306222,41.9031371004345,0 -111.58583645094,41.9034054463031,0 -111.586200598708,41.903673790985,0 -111.58656227649,41.9036719440935,0 -111.586926428798,41.9039402864322,0 -111.587288108037,41.9039384372453,0 -111.587652264884,41.9042067772407,0 -111.588013945581,41.9042049257582,0 -111.588375626243,41.9042030731366,0 -111.588739789122,41.9044714096321,0 -111.589101471241,41.9044695547149,0 -111.589463153326,41.9044676986586,0 -111.589824835377,41.9044658414632,0 -111.590186517394,41.9044639831288,0 -111.590550689285,41.904732313811,0 -111.590912372758,41.9047304531809,0 -111.591274056198,41.9047285914116,0 -111.591635739603,41.9047267285033,0 -111.591997422974,41.9047248644559,0 -111.592359106311,41.9047229992694,0 -111.592720789614,41.9047211329438,0 -111.593082472883,41.9047192654791,0 -111.593444156117,41.9047173968753,0 -111.593805839317,41.9047155271325,0 -111.594167522483,41.9047136562505,0 -111.594529205615,41.9047117842295,0 -111.594890888712,41.9047099110694,0 -111.595252571775,41.9047080367702,0 -111.595614254804,41.9047061613319,0 -111.595975937798,41.9047042847545,0 -111.596340135096,41.9049725968991,0 -111.596701819546,41.9049707180259,0 -111.597063503962,41.9049688380135,0 -111.59742770729,41.9052371466572,0 -111.597791913668,41.9055054541133,0 -111.59815360103,41.9055035706482,0 -111.598515288357,41.905501686044,0 -111.598879500765,41.9057699899989,0 -111.599241189548,41.9057681030987,0 -111.599605406495,41.9060364047091,0 -111.599967096734,41.9060345155128,0 -111.600328786938,41.9060326251774,0 -111.600693009916,41.9063009232863,0 -111.601054701575,41.9062990306547,0 -111.6014163932,41.9062971368841,0 -111.60177808479,41.9062952419742,0 -111.602139776346,41.9062933459252,0 -111.602501467867,41.9062914487371,0 -111.602863159353,41.9062895504098,0 -111.603224850804,41.9062876509434,0 -111.60358654222,41.9062857503378,0 -111.603948233602,41.9062838485931,0 -111.604309924948,41.9062819457093,0 -111.60467161626,41.9062800416863,0 -111.605033307537,41.9062781365242,0 -111.605392446148,41.9060060408721,0 -111.605751581709,41.9057339441039,0 -111.606113269831,41.9057320355603,0 -111.606472400783,41.905459936555,0 -111.606831528685,41.9051878364337,0 -111.606828970095,41.9049176471033,0 -111.607188093458,41.9046455458711,0 -111.607547213772,41.9043734435231,0 -111.607544652237,41.90410325419,0 -111.607542090737,41.9038330648442,0 -111.607901205022,41.9035609613905,0 -111.607898642068,41.9032907720369,0 -111.608257751815,41.9030186674726,0 -111.608255187406,41.9027484781112,0 -111.608614292614,41.9024763724363,0 -111.608611726751,41.9022061830672,0 -111.60897082742,41.9019340762817,0 -111.60932992504,41.9016619683806,0 -111.609691589942,41.9016600487172,0 -111.610050682953,41.9013879385794,0 -111.610412346261,41.9013860166563,0 -111.610774009533,41.9013840935941,0 -111.61113567277,41.9013821693931,0 -111.611494758053,41.9011100547773,0 -111.611856419695,41.9011081283165,0 -111.612218081301,41.9011062007168,0 -111.612582325364,41.9013744611994,0 -111.612943988424,41.9013725313036,0 -111.613305651449,41.9013706002688,0 -111.613667314438,41.9013686680952,0 -111.614028977393,41.9013667347826,0 -111.614390640311,41.901364800331,0 -111.614752303194,41.9013628647405,0 -111.615113966042,41.9013609280111,0 -111.615475628854,41.9013589901427,0 -111.615837291631,41.9013570511354,0 -111.616198954372,41.9013551109892,0 -111.616560617078,41.901353169704,0 -111.616924880568,41.9016214162693,0 -111.617286544727,41.9016194726879,0 -111.617650812755,41.9018877169075,0 -111.618012478368,41.9018857710298,0 -111.618374143944,41.9018838240133,0 -111.618738417999,41.9021520647297,0 -111.619100085029,41.9021501154168,0 -111.619461752022,41.902148164965,0 -111.619823418981,41.9021462133742,0 -111.620187700551,41.9024144494299,0 -111.62055198517,41.902682684297,0 -111.62091365507,41.9026807292525,0 -111.621275324934,41.9026787730689,0 -111.62163961558,41.9029470044324,0 -111.622001286897,41.9029450459525,0 -111.622362958178,41.9029430863335,0 -111.622724629423,41.9029411255755,0 -111.623088927583,41.9032093522778,0 -111.623450600281,41.9032073892233,0 -111.623812272943,41.9032054250299,0 -111.624173945569,41.9032034596974,0 -111.624538251245,41.9034716817382,0 -111.624899925323,41.9034697141092,0 -111.625261599365,41.9034677453411,0 -111.625623273371,41.9034657754341,0 -111.625984947341,41.903463804388,0 -111.626346621275,41.9034618322029,0 -111.626710937443,41.9037300472668,0 -111.62707525666,41.9039982611415,0 -111.627439578926,41.9042664738271,0 -111.627801257289,41.90426449703,0 -111.628162935616,41.9042625190939,0 -111.628524613907,41.9042605400188,0</coordinates></LineString>
  </Placemark>
  <Placemark id="logannet3.79">
	<Style><LineStyle><color>ff0000ff</color></LineStyle><PolyStyle><fill>0</fill></PolyStyle></Style>
	<ExtendedData><SchemaData schemaUrl="#logannet3">
		<SimpleData name="LINKNO">17</SimpleData>
		<SimpleData name="DSLINKNO">171</SimpleData>
		<SimpleData name="USLINKNO1">-1</SimpleData>
		<SimpleData name="USLINKNO2">-1</SimpleData>
		<SimpleData name="DSNODEID">-1</SimpleData>
		<SimpleData name="strmOrder">1</SimpleData>
		<SimpleData name="Length">3682.2</SimpleData>
		<SimpleData name="Magnitude">1</SimpleData>
		<SimpleData name="DSContArea">5250600.0</SimpleData>
		<SimpleData name="strmDrop">354.25</SimpleData>
		<SimpleData name="Slope">0.096206545602</SimpleData>
		<SimpleData name="StraightL">3198.2</SimpleData>
		<SimpleData name="USContArea">1881000.0</SimpleData>
		<SimpleData name="WSNO">17</SimpleData>
		<SimpleData name="DOUTEND">35129.9</SimpleData>
		<SimpleData name="DOUTSTART">38812.0</SimpleData>
		<SimpleData name="DOUTMID">36971.0</SimpleData>
	</SchemaData></ExtendedData>
      <LineString><coordinates>-111.56487345848,41.9051316983815,0 -111.564514151272,41.9054036683775,0 -111.564516531496,41.905673859729,0 -111.564518911752,41.9059440510676,0 -111.564882985539,41.9062124636946,0 -111.565247062376,41.906480875136,0 -111.565611142263,41.9067492853918,0 -111.565972838713,41.906747503242,0 -111.56633453513,41.906745719953,0 -111.566696231515,41.9067439355248,0 -111.567055536839,41.906471958775,0 -111.567414839112,41.9061999809068,0 -111.567776532349,41.9061981930948,0 -111.568138225553,41.9061964041435,0 -111.568499918724,41.9061946140531,0 -111.568861611863,41.9061928228236,0 -111.569223304968,41.9061910304549,0 -111.569584998041,41.906189236947,0 -111.569946691081,41.9061874423,0 -111.570310788808,41.9064558375572,0 -111.570672483306,41.9064540406149,0 -111.571036585575,41.9067224335301,0 -111.571398281533,41.9067206342926,0 -111.571759977458,41.9067188339158,0 -111.57212167335,41.9067170323999,0 -111.572485783144,41.9069854206607,0 -111.572849895988,41.9072538077354,0 -111.573214011881,41.907522193624,0 -111.573578130825,41.9077905783265,0 -111.573580549467,41.9080607691399,0 -111.573944673019,41.9083291526263,0 -111.574308799621,41.9085975349266,0 -111.574670505956,41.9085957253171,0 -111.5750346371,41.9088641052748,0 -111.575396344894,41.9088622933697,0 -111.57576048058,41.9091306709848,0 -111.576124619317,41.9093990474136,0 -111.576486330061,41.9093972320564,0 -111.576848040772,41.90939541556,0 -111.577207317391,41.9091234073461,0 -111.577569026511,41.9091215885883,0 -111.577930735597,41.9091197686911,0 -111.578290006049,41.9088477571151,0 -111.578651713543,41.9088459349567,0 -111.579010979387,41.9085739211408,0 -111.579372685289,41.9085720967209,0 -111.579734391158,41.9085702711619,0 -111.580098543186,41.9088386349301,0 -111.580460250513,41.9088368070753,0 -111.580821957807,41.9088349780812,0 -111.581183665067,41.9088331479479,0 -111.581545372294,41.9088313166753,0 -111.581907079487,41.9088294842635,0 -111.582268786646,41.9088276507124,0 -111.582630493772,41.9088258160221,0 -111.582992200864,41.9088239801925,0 -111.583353907923,41.9088221432236,0 -111.583718076424,41.9090904953964,0 -111.584079784941,41.9090886561317,0 -111.584441493423,41.9090868157278,0 -111.584803201872,41.9090849741845,0 -111.585164910287,41.909083131502,0 -111.585526618668,41.9090812876803,0 -111.585888327016,41.9090794427192,0 -111.586252507516,41.9093477867654,0 -111.586614217321,41.9093459395084,0 -111.586975927092,41.9093440911122,0 -111.587337636829,41.9093422415767,0 -111.587699346532,41.9093403909019,0 -111.588063536047,41.9096087291343,0 -111.588427728612,41.9098770661796,0 -111.588791924228,41.9101454020378,0 -111.589156122894,41.9104137367089,0 -111.58952032461,41.9106820701928,0 -111.589882041735,41.9106802125948,0 -111.590243758826,41.9106783538575,0 -111.590607966575,41.9109466838405,0 -111.590969685124,41.910944822807,0 -111.591333897414,41.9112131504459,0 -111.591695617419,41.9112112871162,0 -111.59205733739,41.9112094226471,0 -111.592419057327,41.9112075570387,0 -111.59278077723,41.911205690291,0 -111.593142497098,41.9112038224039,0 -111.593504216932,41.9112019533774,0 -111.593865936732,41.9112000832116,0 -111.59423016251,41.9114684015645,0 -111.594591883767,41.9114665291024,0 -111.594953604989,41.9114646555009,0 -111.5953178368,41.9117329703522,0 -111.595679559478,41.9117310944544,0 -111.596041282123,41.9117292174172,0 -111.596405519966,41.9119975287668,0 -111.596767244067,41.9119956494331,0 -111.597128968133,41.9119937689601,0 -111.597490692165,41.9119918873477,0 -111.597854937531,41.9122601940383,0 -111.598216663019,41.9122583101294,0 -111.598580912927,41.9125266144751,0 -111.598942639871,41.9125247282697,0 -111.599304366781,41.9125228409248,0 -111.599668622721,41.9127911417684,0 -111.600030351087,41.9127892521269,0 -111.600394611568,41.9130575506254,0 -111.6007588751,41.9133258479358,0 -111.601120606413,41.9133239548405,0 -111.601482337691,41.9133220606058,0 -111.601844068934,41.9133201652316,0</coordinates></LineString>
  </Placemark>
  <Placemark id="logannet3.80">
	<Style><LineStyle><color>ff0000ff</color></LineStyle><PolyStyle><fill>0</fill></PolyStyle></Style>
	<ExtendedData><SchemaData schemaUrl="#logannet3">
		<SimpleData name="LINKNO">10</SimpleData>
		<SimpleData name="DSLINKNO">157</SimpleData>
		<SimpleData name="USLINKNO1">-1</SimpleData>
		<SimpleData name="USLINKNO2">-1</SimpleData>
		<SimpleData name="DSNODEID">-1</SimpleData>
		<SimpleData name="strmOrder">1</SimpleData>
		<SimpleData name="Length">447.0</SimpleData>
		<SimpleData name="Magnitude">1</SimpleData>
		<SimpleData name="DSContArea">3913200.0</SimpleData>
		<SimpleData name="strmDrop">27.55</SimpleData>
		<SimpleData name="Slope">0.061643774112</SimpleData>
		<SimpleData name="StraightL">416.8</SimpleData>
		<SimpleData name="USContArea">1896300.0</SimpleData>
		<SimpleData name="WSNO">10</SimpleData>
		<SimpleData name="DOUTEND">36159.3</SimpleData>
		<SimpleData name="DOUTSTART">36606.2</SimpleData>
		<SimpleData name="DOUTMID">36382.8</SimpleData>
	</SchemaData></ExtendedData>
      <LineString><coordinates>-111.563136258054,41.9132463174895,0 -111.562774524739,41.9132480909269,0 -111.562412791392,41.9132498632248,0 -111.562051058012,41.9132516343833,0 -111.561689324599,41.9132534044024,0 -111.561329958594,41.9135253644107,0 -111.560970589538,41.9137973233,0 -111.560611217431,41.9140692810702,0 -111.560251842274,41.9143412377214,0 -111.559892464065,41.9146131932535,0 -111.559533082805,41.9148851476665,0 -111.559173698494,41.9151571009603,0 -111.558811954144,41.91515886198,0</coordinates></LineString>
  </Placemark>
  <Placemark id="logannet3.81">
	<Style><LineStyle><color>ff0000ff</color></LineStyle><PolyStyle><fill>0</fill></PolyStyle></Style>
	<ExtendedData><SchemaData schemaUrl="#logannet3">
		<SimpleData name="LINKNO">200</SimpleData>
		<SimpleData name="DSLINKNO">207</SimpleData>
		<SimpleData name="USLINKNO1">193</SimpleData>
		<SimpleData name="USLINKNO2">116</SimpleData>
		<SimpleData name="DSNODEID">-1</SimpleData>
		<SimpleData name="strmOrder">4</SimpleData>
		<SimpleData name="Length">457.3</SimpleData>
		<SimpleData name="Magnitude">55</SimpleData>
		<SimpleData name="DSContArea">418093184.0</SimpleData>
		<SimpleData name="strmDrop">12.21</SimpleData>
		<SimpleData name="Slope">0.026699456032</SimpleData>
		<SimpleData name="StraightL">421.1</SimpleData>
		<SimpleData name="USContArea">417683712.0</SimpleData>
		<SimpleData name="WSNO">200</SimpleData>
		<SimpleData name="DOUTEND">15597.1</SimpleData>
		<SimpleData name="DOUTSTART">16054.4</SimpleData>
		<SimpleData name="DOUTMID">15825.7</SimpleData>
	</SchemaData></ExtendedData>
      <LineString><coordinates>-111.645838641467,41.7917590649392,0 -111.645841353746,41.7920292575961,0 -111.645844066062,41.7922994502401,0 -111.645846778415,41.7925696428712,0 -111.646210540801,41.7928378050846,0 -111.646213254745,41.7931079976707,0 -111.646215968725,41.793378190244,0 -111.646218682743,41.7936483828044,0 -111.646221396798,41.7939185753518,0 -111.64622411089,41.7941887678864,0 -111.646226825019,41.7944589604081,0 -111.646229539185,41.7947291529169,0 -111.645871191264,41.7950013759707,0 -111.64551284031,41.7952735979152,0 -111.645515551556,41.7955437904236,0</coordinates></LineString>
  </Placemark>
  <Placemark id="logannet3.82">
	<Style><LineStyle><color>ff0000ff</color></LineStyle><PolyStyle><fill>0</fill></PolyStyle></Style>
	<ExtendedData><SchemaData schemaUrl="#logannet3">
		<SimpleData name="LINKNO">193</SimpleData>
		<SimpleData name="DSLINKNO">200</SimpleData>
		<SimpleData name="USLINKNO1">186</SimpleData>
		<SimpleData name="USLINKNO2">151</SimpleData>
		<SimpleData name="DSNODEID">-1</SimpleData>
		<SimpleData name="strmOrder">4</SimpleData>
		<SimpleData name="Length">3506.5</SimpleData>
		<SimpleData name="Magnitude">53</SimpleData>
		<SimpleData name="DSContArea">407049312.0</SimpleData>
		<SimpleData name="strmDrop">75.46</SimpleData>
		<SimpleData name="Slope">0.021521336372</SimpleData>
		<SimpleData name="StraightL">3076.0</SimpleData>
		<SimpleData name="USContArea">402137088.0</SimpleData>
		<SimpleData name="WSNO">193</SimpleData>
		<SimpleData name="DOUTEND">16054.4</SimpleData>
		<SimpleData name="DOUTSTART">19560.8</SimpleData>
		<SimpleData name="DOUTMID">17807.6</SimpleData>
	</SchemaData></ExtendedData>
      <LineString><coordinates>-111.645515551556,41.7955437904236,0 -111.64515719609,41.795816011265,0 -111.645159905893,41.7960862037666,0 -111.645162615733,41.7963563962554,0 -111.64516532561,41.7966265887313,0 -111.645168035524,41.7968967811944,0 -111.645170745475,41.7971669736445,0 -111.644812379581,41.7974391934075,0 -111.64481508809,41.797709385851,0 -111.644456717683,41.7979816045108,0 -111.644098344243,41.7982538220611,0 -111.64373996777,41.7985260385018,0 -111.643378885674,41.7985280613647,0 -111.64301780354,41.7985300830929,0 -111.642656721369,41.7985321036861,0 -111.642295639162,41.7985341231445,0 -111.641934556918,41.7985361414681,0 -111.641573474636,41.7985381586569,0 -111.641212392318,41.7985401747107,0 -111.640854001939,41.7988123822312,0 -111.64049291803,41.7988143960344,0 -111.640131834085,41.7988164087027,0 -111.639770750103,41.7988184202362,0 -111.639412352031,41.7990906232992,0 -111.639053950925,41.7993628252523,0 -111.6386928638,41.7993648334191,0 -111.638331776638,41.799366840451,0 -111.637973369393,41.7996390390623,0 -111.637612280641,41.7996410438434,0 -111.637251191853,41.7996430474895,0 -111.636892778468,41.7999152427589,0 -111.636531688089,41.7999172441541,0 -111.636173270118,41.8001894371973,0 -111.635814849113,41.8004616291305,0 -111.635456425075,41.8007338199535,0 -111.635097998004,41.8010060096663,0 -111.634736901376,41.8010080054623,0 -111.634375804712,41.8010100001234,0 -111.634017371501,41.8012821864937,0 -111.633658935257,41.8015543717538,0 -111.633300495979,41.8018265559036,0 -111.632939394619,41.8018285460812,0 -111.632580950754,41.8021007280044,0 -111.632583608322,41.8023709208722,0 -111.632225159943,41.8026431016909,0 -111.63186670853,41.8029152813991,0 -111.631508254084,41.8031874599969,0 -111.631149796604,41.8034596374842,0 -111.63079133609,41.803731813861,0 -111.630793986291,41.804002006745,0 -111.630796636529,41.8042721996162,0 -111.630799286802,41.8045423924744,0 -111.630801937112,41.8048125853198,0 -111.630804587458,41.8050827781523,0 -111.630807237841,41.8053529709718,0 -111.630448765409,41.8056251462729,0 -111.630451414346,41.8058953390854,0 -111.630092937399,41.8061675132815,0 -111.630095584892,41.8064377060869,0 -111.62973710343,41.8067098791781,0 -111.629378618934,41.8069820511586,0 -111.629017488352,41.8069840292056,0 -111.628658999268,41.8072561989588,0 -111.62830050715,41.8075283676012,0 -111.628303147238,41.8077985604354,0 -111.627944650603,41.8080707279726,0 -111.627586150935,41.8083428943989,0 -111.627227648232,41.8086150597143,0 -111.627230283912,41.8088852525528,0 -111.626871776693,41.8091574167629,0 -111.626874410928,41.8094276095941,0 -111.626515899193,41.809699772699,0 -111.626518531983,41.809969965523,0 -111.626160015732,41.8102421275225,0 -111.625801496446,41.8105142884108,0 -111.625804126309,41.8107844812333,0 -111.625445602506,41.8110566410162,0 -111.625087075669,41.8113287996879,0 -111.624728545796,41.8116009572485,0 -111.624731171251,41.811871150075,0 -111.624733796741,41.8121413428886,0 -111.624736422267,41.8124115356894,0 -111.624377884914,41.8126836921556,0 -111.624380508995,41.8129538849491,0 -111.624021967125,41.8132260403096,0 -111.62366342222,41.8134981945588,0 -111.623302254645,41.8135001548863,0 -111.622941087034,41.8135021140783,0 -111.622579919387,41.8135040721349,0 -111.622218751704,41.813506029056,0 -111.62186019755,41.8137781777259,0 -111.621499028278,41.8137801323945,0 -111.621137858971,41.8137820859277,0 -111.620779298674,41.814054231252,0 -111.620420735342,41.8143263754647,0 -111.620062168975,41.8145985185657,0 -111.619703599572,41.8148706605552,0 -111.619345027133,41.815142801433,0</coordinates></LineString>
  </Placemark>
  <Placemark id="logannet3.83">
	<Style><LineStyle><color>ff0000ff</color></LineStyle><PolyStyle><fill>0</fill></PolyStyle></Style>
	<ExtendedData><SchemaData schemaUrl="#logannet3">
		<SimpleData name="LINKNO">186</SimpleData>
		<SimpleData name="DSLINKNO">193</SimpleData>
		<SimpleData name="USLINKNO1">179</SimpleData>
		<SimpleData name="USLINKNO2">109</SimpleData>
		<SimpleData name="DSNODEID">-1</SimpleData>
		<SimpleData name="strmOrder">4</SimpleData>
		<SimpleData name="Length">574.3</SimpleData>
		<SimpleData name="Magnitude">50</SimpleData>
		<SimpleData name="DSContArea">375120896.0</SimpleData>
		<SimpleData name="strmDrop">3.88</SimpleData>
		<SimpleData name="Slope">0.006751592999</SimpleData>
		<SimpleData name="StraightL">530.8</SimpleData>
		<SimpleData name="USContArea">374808608.0</SimpleData>
		<SimpleData name="WSNO">186</SimpleData>
		<SimpleData name="DOUTEND">19560.8</SimpleData>
		<SimpleData name="DOUTSTART">20135.1</SimpleData>
		<SimpleData name="DOUTMID">19847.9</SimpleData>
	</SchemaData></ExtendedData>
      <LineString><coordinates>-111.619345027133,41.815142801433,0 -111.618983850023,41.8151447482452,0 -111.618625272996,41.8154168868942,0 -111.618264094296,41.8154188314537,0 -111.61790551268,41.8156909678737,0 -111.617908109834,41.8159611608569,0 -111.617910707023,41.8162313538271,0 -111.617552119406,41.8165034891462,0 -111.617554715148,41.816773682109,0 -111.617196123013,41.8170458163216,0 -111.616837527842,41.8173179494224,0 -111.616478929635,41.8175900814112,0 -111.616120328391,41.8178622122881,0 -111.615761724112,41.818134342053,0 -111.615403116797,41.8184064707058,0 -111.615044506446,41.8186785982467,0</coordinates></LineString>
  </Placemark>
  <Placemark id="logannet3.84">
	<Style><LineStyle><color>ff0000ff</color></LineStyle><PolyStyle><fill>0</fill></PolyStyle></Style>
	<ExtendedData><SchemaData schemaUrl="#logannet3">
		<SimpleData name="LINKNO">179</SimpleData>
		<SimpleData name="DSLINKNO">186</SimpleData>
		<SimpleData name="USLINKNO1">172</SimpleData>
		<SimpleData name="USLINKNO2">94</SimpleData>
		<SimpleData name="DSNODEID">-1</SimpleData>
		<SimpleData name="strmOrder">4</SimpleData>
		<SimpleData name="Length">3669.8</SimpleData>
		<SimpleData name="Magnitude">48</SimpleData>
		<SimpleData name="DSContArea">368814592.0</SimpleData>
		<SimpleData name="strmDrop">56.52</SimpleData>
		<SimpleData name="Slope">0.015401618948</SimpleData>
		<SimpleData name="StraightL">2038.2</SimpleData>
		<SimpleData name="USContArea">363564896.0</SimpleData>
		<SimpleData name="WSNO">179</SimpleData>
		<SimpleData name="DOUTEND">20135.1</SimpleData>
		<SimpleData name="DOUTSTART">23804.8</SimpleData>
		<SimpleData name="DOUTMID">21969.9</SimpleData>
	</SchemaData></ExtendedData>
      <LineString><coordinates>-111.615044506446,41.8186785982467,0 -111.614685893058,41.8189507246754,0 -111.614327276634,41.8192228499921,0 -111.613968657174,41.8194949741966,0 -111.613610034678,41.8197670972889,0 -111.613248831195,41.8197690262419,0 -111.613251409145,41.820039219269,0 -111.612890204109,41.8200411471044,0 -111.612892780576,41.8203113401368,0 -111.612534148971,41.8205834598924,0 -111.61253672399,41.8208536529172,0 -111.612539299045,41.8211238459291,0 -111.612180661437,41.8213959645829,0 -111.612183235044,41.8216661575873,0 -111.611824592917,41.821938275134,0 -111.611465947752,41.8222103915683,0 -111.611107299551,41.8224825068902,0 -111.610746080639,41.8224844280744,0 -111.610384861691,41.8224863481227,0 -111.610023642709,41.8224882670353,0 -111.609664986811,41.8227603778916,0 -111.609306327875,41.8230324876353,0 -111.608945105751,41.8230344031765,0 -111.608583883592,41.8230363175819,0 -111.608222661397,41.8230382308514,0 -111.607861439168,41.8230401429851,0 -111.607500216903,41.823042053983,0 -111.607141547164,41.8233141570251,0 -111.606780323312,41.8233160657693,0 -111.606419099424,41.8233179733776,0 -111.606055327497,41.8230496866161,0 -111.605691558606,41.82278139867,0 -111.605330337651,41.8227833028349,0 -111.604969116661,41.822785205864,0 -111.604605353775,41.8225169144257,0 -111.604241593925,41.8222486218029,0 -111.603880375868,41.8222505213887,0 -111.603519157775,41.8222524198386,0 -111.603157939648,41.8222543171528,0 -111.602799255722,41.822526406765,0 -111.602801789991,41.822796600186,0 -111.602804324295,41.8230667935941,0 -111.603168082869,41.8233350907395,0 -111.603531844481,41.8236033867004,0 -111.603534381926,41.8238735800341,0 -111.603536919406,41.8241437733549,0 -111.60353945692,41.8244139666629,0 -111.603180762676,41.8246860574331,0 -111.602822065395,41.8249581470903,0 -111.602463365077,41.8252302356344,0 -111.602465898175,41.8255004289445,0 -111.602468431307,41.8257706222417,0 -111.602470964474,41.826040815526,0 -111.602473497675,41.8263110087974,0 -111.602476030911,41.8265812020559,0 -111.602839808194,41.8268494999554,0 -111.602842343018,41.8271196931703,0 -111.603203588514,41.8271177966702,0 -111.603567371871,41.8273860922003,0 -111.603569909802,41.8276562853537,0 -111.603933697751,41.8279245796684,0 -111.604294947699,41.8279226797066,0 -111.604658740169,41.8281909716826,0 -111.605019991566,41.8281890694307,0 -111.605381242929,41.8281871660428,0 -111.605742494256,41.8281852615189,0 -111.606103745549,41.8281833558589,0 -111.606464996807,41.8281814490629,0 -111.60682624803,41.8281795411308,0 -111.607187499218,41.8281776320627,0 -111.607548750371,41.8281757218586,0 -111.607910001489,41.8281738105184,0 -111.608271252573,41.8281718980422,0 -111.608273810353,41.8284420909234,0 -111.608276368168,41.8287122837918,0 -111.608640181623,41.8289805629808,0 -111.608642741027,41.8292507558054,0 -111.608645300466,41.829520948617,0 -111.60864785994,41.8297911414158,0 -111.608650419449,41.8300613342017,0 -111.608291715793,41.8303334407313,0 -111.6079330091,41.8306055461479,0 -111.607574299368,41.8308776504516,0 -111.607215586599,41.8311497536423,0 -111.606856870791,41.8314218557199,0 -111.606495601341,41.8314237638678,0 -111.606136880941,41.8316958637142,0 -111.605778157503,41.8319679624475,0 -111.605419431027,41.8322400600676,0 -111.60505815688,41.8322419637246,0 -111.604696882698,41.8322438662455,0 -111.604335608481,41.8322457676301,0 -111.60397433423,41.8322476678785,0 -111.603613059943,41.8322495669908,0 -111.603251785622,41.8322514649668,0 -111.602890511267,41.8322533618066,0 -111.602529236876,41.8322552575103,0 -111.602167962451,41.8322571520777,0 -111.601804157066,41.8319888524851,0 -111.601442884091,41.8319907447623,0 -111.601081611081,41.8319926359032,0 -111.600720338037,41.831994525908,0 -111.600359064958,41.8319964147766,0 -111.599997791844,41.8319983025089,0 -111.599636518696,41.8320001891051,0 -111.599275245514,41.8320020745651,0 -111.59891649107,41.8322741520551,0 -111.598555216299,41.8322760352604,0</coordinates></LineString>
  </Placemark>
  <Placemark id="logannet3.85">
	<Style><LineStyle><color>ff0000ff</color></LineStyle><PolyStyle><fill>0</fill></PolyStyle></Style>
	<ExtendedData><SchemaData schemaUrl="#logannet3">
		<SimpleData name="LINKNO">172</SimpleData>
		<SimpleData name="DSLINKNO">179</SimpleData>
		<SimpleData name="USLINKNO1">165</SimpleData>
		<SimpleData name="USLINKNO2">144</SimpleData>
		<SimpleData name="DSNODEID">-1</SimpleData>
		<SimpleData name="strmOrder">4</SimpleData>
		<SimpleData name="Length">669.4</SimpleData>
		<SimpleData name="Magnitude">47</SimpleData>
		<SimpleData name="DSContArea">354151808.0</SimpleData>
		<SimpleData name="strmDrop">12.02</SimpleData>
		<SimpleData name="Slope">0.017957200247</SimpleData>
		<SimpleData name="StraightL">540.8</SimpleData>
		<SimpleData name="USContArea">353753088.0</SimpleData>
		<SimpleData name="WSNO">172</SimpleData>
		<SimpleData name="DOUTEND">23804.8</SimpleData>
		<SimpleData name="DOUTSTART">24474.2</SimpleData>
		<SimpleData name="DOUTMID">24139.5</SimpleData>
	</SchemaData></ExtendedData>
      <LineString><coordinates>-111.598555216299,41.8322760352604,0 -111.598196457263,41.8325481105184,0 -111.597837695188,41.8328201846626,0 -111.597476417276,41.8328220644948,0 -111.59711765061,41.8330941364069,0 -111.59675637111,41.8330960139843,0 -111.596392583334,41.8328276971739,0 -111.596031305284,41.8328295724611,0 -111.595670027201,41.8328314466121,0 -111.595306245433,41.8325631263094,0 -111.5949449688,41.8325649981703,0 -111.594583692132,41.8325668688949,0 -111.594222415431,41.8325687384834,0 -111.593861138695,41.8325706069356,0 -111.593502357979,41.8328426676572,0 -111.593141079656,41.8328445338545,0 -111.593143574225,41.8331147272648,0 -111.592784787432,41.8333867857585,0 -111.5924259976,41.8336588431383,0 -111.592428489233,41.8339290365451,0</coordinates></LineString>
  </Placemark>
  <Placemark id="logannet3.86">
	<Style><LineStyle><color>ff0000ff</color></LineStyle><PolyStyle><fill>0</fill></PolyStyle></Style>
	<ExtendedData><SchemaData schemaUrl="#logannet3">
		<SimpleData name="LINKNO">165</SimpleData>
		<SimpleData name="DSLINKNO">172</SimpleData>
		<SimpleData name="USLINKNO1">158</SimpleData>
		<SimpleData name="USLINKNO2">108</SimpleData>
		<SimpleData name="DSNODEID">-1</SimpleData>
		<SimpleData name="strmOrder">4</SimpleData>
		<SimpleData name="Length">2976.8</SimpleData>
		<SimpleData name="Magnitude">42</SimpleData>
		<SimpleData name="DSContArea">312667200.0</SimpleData>
		<SimpleData name="strmDrop">58.88</SimpleData>
		<SimpleData name="Slope">0.019779473842</SimpleData>
		<SimpleData name="StraightL">2023.4</SimpleData>
		<SimpleData name="USContArea">309013184.0</SimpleData>
		<SimpleData name="WSNO">165</SimpleData>
		<SimpleData name="DOUTEND">24474.2</SimpleData>
		<SimpleData name="DOUTSTART">27450.9</SimpleData>
		<SimpleData name="DOUTMID">25962.6</SimpleData>
	</SchemaData></ExtendedData>
      <LineString><coordinates>-111.592428489233,41.8339290365451,0 -111.592792266887,41.8341973659263,0 -111.59315604758,41.8344656941232,0 -111.593158542354,41.8347358874562,0 -111.593522327639,41.8350042144383,0 -111.593524824,41.835274407728,0 -111.593886115962,41.835272540236,0 -111.594249907325,41.8355408648492,0 -111.594613701726,41.835809188278,0 -111.594977499166,41.8360775105224,0 -111.595341299646,41.8363458315821,0 -111.595343803775,41.8366160247193,0 -111.594985006996,41.8368880899869,0 -111.594626207178,41.8371601541404,0 -111.594267404321,41.8374322171799,0 -111.593908598424,41.8377042791054,0 -111.593549789489,41.8379763399168,0 -111.593188482297,41.8379782064484,0 -111.592827175071,41.8379800718436,0 -111.592465867812,41.8379819361024,0 -111.592104560517,41.8379837992247,0 -111.591743253189,41.8379856612106,0 -111.591384433446,41.8382577153135,0 -111.591025610664,41.8385297683021,0 -111.590664300195,41.8385316269137,0 -111.590302989691,41.8385334843888,0 -111.589941679154,41.8385353407275,0 -111.589582848671,41.8388073892449,0 -111.58922401515,41.839079436648,0 -111.588865178589,41.8393514829367,0 -111.588503863357,41.8393533347819,0 -111.588145022203,41.839625378837,0 -111.587786178009,41.8398974217777,0 -111.587427330776,41.8401694636039,0 -111.587068480503,41.8404415043154,0 -111.586709627191,41.8407135439124,0 -111.58635077084,41.8409855823947,0 -111.585989446252,41.8409874263887,0 -111.585630585307,41.8412594626372,0 -111.585271721323,41.841531497771,0 -111.585274183546,41.8418016911537,0 -111.585637976538,41.8420700427332,0 -111.585640440349,41.8423402360727,0 -111.585642904193,41.8426104293994,0 -111.586004237934,41.8426085864378,0 -111.586368038559,41.8428769356185,0 -111.586731842224,41.843145283615,0 -111.587095648929,41.8434136304272,0 -111.587456987094,41.8434117828668,0 -111.587820798325,41.8436801273405,0 -111.588184612596,41.8439484706299,0 -111.588187087284,41.8442186637575,0 -111.588189562005,41.8444888568722,0 -111.58819203676,41.8447590499741,0 -111.588194511549,41.8450292430631,0 -111.588196986372,41.8452994361392,0 -111.588199461228,41.8455696292024,0 -111.58784058434,41.8458416722435,0 -111.587481704411,41.8461137141697,0 -111.587122821442,41.8463857549812,0 -111.586763935433,41.8466577946778,0 -111.586405046383,41.8469298332596,0 -111.586046154292,41.8472018707265,0 -111.585687259161,41.8474739070785,0 -111.585328360989,41.8477459423155,0 -111.584969459776,41.8480179764375,0 -111.584610555523,41.8482900094446,0 -111.584613015548,41.8485602025401,0 -111.584615475607,41.8488303956227,0 -111.584617935699,41.8491005886925,0 -111.584259023944,41.8493726205979,0 -111.584261482584,41.8496428136592,0 -111.584263941256,41.8499130067077,0 -111.584266399963,41.8501831997434,0 -111.584268858703,41.8504533927661,0 -111.584271317477,41.850723585776,0 -111.584273776284,41.850993778773,0 -111.584635157288,41.8509919398206,0 -111.58499900014,41.8512602926806,0 -111.585362846034,41.8515286443562,0 -111.585724229978,41.8515268019581,0 -111.586085613888,41.8515249584231,0</coordinates></LineString>
  </Placemark>
  <Placemark id="logannet3.87">
	<Style><LineStyle><color>ff0000ff</color></LineStyle><PolyStyle><fill>0</fill></PolyStyle></Style>
	<ExtendedData><SchemaData schemaUrl="#logannet3">
		<SimpleData name="LINKNO">158</SimpleData>
		<SimpleData name="DSLINKNO">165</SimpleData>
		<SimpleData name="USLINKNO1">206</SimpleData>
		<SimpleData name="USLINKNO2">87</SimpleData>
		<SimpleData name="DSNODEID">-1</SimpleData>
		<SimpleData name="strmOrder">4</SimpleData>
		<SimpleData name="Length">717.0</SimpleData>
		<SimpleData name="Magnitude">41</SimpleData>
		<SimpleData name="DSContArea">302371200.0</SimpleData>
		<SimpleData name="strmDrop">14.13</SimpleData>
		<SimpleData name="Slope">0.019706514717</SimpleData>
		<SimpleData name="StraightL">536.7</SimpleData>
		<SimpleData name="USContArea">301158016.0</SimpleData>
		<SimpleData name="WSNO">158</SimpleData>
		<SimpleData name="DOUTEND">27450.9</SimpleData>
		<SimpleData name="DOUTSTART">28167.9</SimpleData>
		<SimpleData name="DOUTMID">27809.4</SimpleData>
	</SchemaData></ExtendedData>
      <LineString><coordinates>-111.586085613888,41.8515249584231,0 -111.5860880804,41.8517951512947,0 -111.586090546945,41.8520653441535,0 -111.586454401963,41.8523336922752,0 -111.586456870097,41.8526038850907,0 -111.586459338264,41.8528740778935,0 -111.586461806465,41.8531442706833,0 -111.5864642747,41.8534144634603,0 -111.586466742968,41.8536846562244,0 -111.586469211271,41.8539548489756,0 -111.586110280523,41.8542268865598,0 -111.586112747372,41.8544970793027,0 -111.586115214255,41.8547672720327,0 -111.585756277491,41.8550393085107,0 -111.585397337685,41.8553113438735,0 -111.585038394838,41.8555833781211,0 -111.585040857293,41.8558535708517,0 -111.584681909916,41.8561256039883,0 -111.584320500017,41.8561274432701,0 -111.583959090084,41.8561292814148,0 -111.583595223713,41.8558609256352,0 -111.583233815234,41.8558627614882,0</coordinates></LineString>
  </Placemark>
  <Placemark id="logannet3.88">
	<Style><LineStyle><color>ff0000ff</color></LineStyle><PolyStyle><fill>0</fill></PolyStyle></Style>
	<ExtendedData><SchemaData schemaUrl="#logannet3">
		<SimpleData name="LINKNO">206</SimpleData>
		<SimpleData name="DSLINKNO">158</SimpleData>
		<SimpleData name="USLINKNO1">199</SimpleData>
		<SimpleData name="USLINKNO2">101</SimpleData>
		<SimpleData name="DSNODEID">-1</SimpleData>
		<SimpleData name="strmOrder">4</SimpleData>
		<SimpleData name="Length">2287.6</SimpleData>
		<SimpleData name="Magnitude">40</SimpleData>
		<SimpleData name="DSContArea">296857792.0</SimpleData>
		<SimpleData name="strmDrop">27.62</SimpleData>
		<SimpleData name="Slope">0.012075417007</SimpleData>
		<SimpleData name="StraightL">1975.7</SimpleData>
		<SimpleData name="USContArea">293267712.0</SimpleData>
		<SimpleData name="WSNO">206</SimpleData>
		<SimpleData name="DOUTEND">28167.9</SimpleData>
		<SimpleData name="DOUTSTART">30455.6</SimpleData>
		<SimpleData name="DOUTMID">29311.7</SimpleData>
	</SchemaData></ExtendedData>
      <LineString><coordinates>-111.583233815234,41.8558627614882,0 -111.582869953392,41.8555944033695,0 -111.582508546367,41.8555962369309,0 -111.582147139308,41.8555980693551,0 -111.581785732216,41.8555999006423,0 -111.58142432509,41.8556017307922,0 -111.581062917931,41.8556035598051,0 -111.580703954942,41.8558755806188,0 -111.58034498891,41.8561476003169,0 -111.579983578609,41.8561494259528,0 -111.579622168274,41.8561512504514,0 -111.579263196092,41.856423266794,0 -111.578904220868,41.8566952820209,0 -111.578545242601,41.8569672961321,0 -111.578186261293,41.8572393091275,0 -111.577827276942,41.8575113210071,0 -111.577465858802,41.8575131387684,0 -111.577104440628,41.8575149553925,0 -111.576745450127,41.8577869639161,0 -111.576386456583,41.8580589713238,0 -111.576388882833,41.858329164352,0 -111.576391309117,41.8585993573672,0 -111.576029884759,41.858601170648,0 -111.575670883642,41.858873175828,0 -111.575311879483,41.8591451798921,0 -111.574952872282,41.8594171828401,0 -111.574593862038,41.8596891846721,0 -111.574234848751,41.859961185388,0 -111.573875832422,41.8602331849877,0 -111.573878248288,41.8605033780323,0 -111.573880664188,41.860773571064,0 -111.573521641839,41.8610455695559,0 -111.573162616448,41.8613175669316,0 -111.572803588014,41.861589563191,0 -111.572444556537,41.8618615583341,0 -111.572085522017,41.862133552361,0 -111.571724077485,41.862135352215,0 -111.571365038368,41.8624073440051,0 -111.571367443848,41.8626775370656,0 -111.571369849362,41.8629477301133,0 -111.571372254908,41.8632179231481,0 -111.571374660487,41.86348811617,0 -111.571377066099,41.8637583091791,0 -111.571018016496,41.8640302998731,0 -111.570658963849,41.8643022894506,0 -111.570661366517,41.864572482455,0 -111.570302309338,41.8648444709201,0 -111.569943249115,41.8651164582686,0 -111.569945648838,41.8653866512682,0 -111.569948048594,41.8656568442548,0 -111.56958898235,41.8659288304949,0 -111.569227516285,41.8659306226235,0 -111.569229913063,41.8662008156182,0 -111.569232309874,41.8664710086001,0 -111.568873236054,41.8667429926109,0 -111.568514159191,41.8670149755049,0 -111.568516553056,41.8672851684819,0 -111.568518946954,41.8675553614461,0 -111.568521340884,41.8678255543973,0 -111.568523734848,41.8680957473358,0 -111.568164648984,41.868367729129,0 -111.568167041491,41.8686379220586,0 -111.567807951094,41.868909902739,0 -111.567448857653,41.8691818823025,0</coordinates></LineString>
  </Placemark>
  <Placemark id="logannet3.89">
	<Style><LineStyle><color>ff0000ff</color></LineStyle><PolyStyle><fill>0</fill></PolyStyle></Style>
	<ExtendedData><SchemaData schemaUrl="#logannet3">
		<SimpleData name="LINKNO">151</SimpleData>
		<SimpleData name="DSLINKNO">193</SimpleData>
		<SimpleData name="USLINKNO1">136</SimpleData>
		<SimpleData name="USLINKNO2">11</SimpleData>
		<SimpleData name="DSNODEID">-1</SimpleData>
		<SimpleData name="strmOrder">2</SimpleData>
		<SimpleData name="Length">3261.3</SimpleData>
		<SimpleData name="Magnitude">3</SimpleData>
		<SimpleData name="DSContArea">27001800.0</SimpleData>
		<SimpleData name="strmDrop">239.39</SimpleData>
		<SimpleData name="Slope">0.073401780117</SimpleData>
		<SimpleData name="StraightL">2843.8</SimpleData>
		<SimpleData name="USContArea">22821300.0</SimpleData>
		<SimpleData name="WSNO">151</SimpleData>
		<SimpleData name="DOUTEND">19560.8</SimpleData>
		<SimpleData name="DOUTSTART">22822.1</SimpleData>
		<SimpleData name="DOUTMID">21191.4</SimpleData>
	</SchemaData></ExtendedData>
      <LineString><coordinates>-111.619345027133,41.815142801433,0 -111.619347630287,41.8154129943686,0 -111.619711413587,41.8156812393069,0 -111.620075199923,41.8159494830599,0 -111.620438989294,41.8162177256278,0 -111.620802781702,41.8164859670105,0 -111.621166577145,41.8167542072079,0 -111.621527763148,41.8167522534721,0 -111.621891563109,41.8170204913302,0 -111.622255366106,41.817288728003,0 -111.622619172139,41.8175569634903,0 -111.622621789276,41.8178271561443,0 -111.622985599898,41.8180953904149,0 -111.622988218625,41.8183655830246,0 -111.623352033837,41.8186338160784,0 -111.623715852086,41.8189020479467,0 -111.624079673371,41.8191702786295,0 -111.624443497692,41.8194385081267,0 -111.62480732505,41.8197067364384,0 -111.625168527393,41.819704771143,0 -111.625532359269,41.8199729971148,0 -111.625896194182,41.8202412219009,0 -111.62626003213,41.8205094455013,0 -111.626623873116,41.8207776679159,0 -111.626987717137,41.8210458891448,0 -111.627351564195,41.8213141091879,0 -111.627712775396,41.8213121358311,0 -111.628073986561,41.8213101613385,0 -111.62843519769,41.8213081857102,0 -111.628796408782,41.8213062089461,0 -111.629157619839,41.8213042310462,0 -111.629518830859,41.8213022520107,0 -111.629880041843,41.8213002718393,0 -111.630238603306,41.8210280984358,0 -111.630597161732,41.820755923921,0 -111.63095836957,41.8207539403798,0 -111.631319577373,41.8207519557029,0 -111.631680785139,41.8207499698902,0 -111.632041992869,41.8207479829418,0 -111.632403200563,41.8207459948577,0 -111.632767068297,41.8210141976161,0 -111.633128277436,41.8210122072418,0 -111.633492149689,41.8212804076595,0 -111.633856024977,41.8215486068911,0 -111.634219903303,41.8218168049364,0 -111.634583784665,41.8220850017954,0 -111.634947669064,41.8223531974682,0 -111.635311556499,41.8226213919546,0 -111.635672774493,41.822619393517,0 -111.635675446972,41.8228895852546,0 -111.63603934048,41.8231577773683,0 -111.636403237026,41.8234259682955,0 -111.636405912651,41.8236961599568,0 -111.636767136609,41.8236941580363,0 -111.636769813789,41.8239643496658,0 -111.636772491006,41.8242345412823,0 -111.637136396735,41.8245027297731,0 -111.637500305502,41.8247709170772,0 -111.637864217306,41.8250391031948,0 -111.638225448709,41.8250370966365,0 -111.638228132147,41.8253072881258,0 -111.638592050025,41.8255754718702,0 -111.63895597094,41.8258436544279,0 -111.639319894892,41.8261118357988,0 -111.639322583033,41.8263820271798,0 -111.63932527121,41.8266522185479,0 -111.63968920131,41.8269203986685,0 -111.640053134448,41.8271885776022,0 -111.640417070623,41.8274567553491,0 -111.640781009836,41.8277249319091,0 -111.641142256132,41.8277229160736,0 -111.641144952086,41.8279931072823,0 -111.641508897374,41.8282612814685,0 -111.6418728457,41.8285294544678,0 -111.641875544803,41.8287996455998,0 -111.642239497721,41.8290678173801,0 -111.642242198417,41.8293380084673,0 -111.64224489915,41.8296081995416,0 -111.642247599919,41.8298783906029,0 -111.642611560543,41.8301465611004,0 -111.642614262905,41.8304167521169,0 -111.642978228123,41.8306849213954,0 -111.642980932078,41.8309551123671,0 -111.64334490189,41.8312232804264,0 -111.64370887474,41.8314914472986,0 -111.643711581844,41.8317616381934,0 -111.644075559288,41.8320298038464,0 -111.644078267986,41.8322999946963,0 -111.644442250024,41.83256815913,0</coordinates></LineString>
  </Placemark>
  <Placemark id="logannet3.90">
	<Style><LineStyle><color>ff0000ff</color></LineStyle><PolyStyle><fill>0</fill></PolyStyle></Style>
	<ExtendedData><SchemaData schemaUrl="#logannet3">
		<SimpleData name="LINKNO">5</SimpleData>
		<SimpleData name="DSLINKNO">207</SimpleData>
		<SimpleData name="USLINKNO1">-1</SimpleData>
		<SimpleData name="USLINKNO2">-1</SimpleData>
		<SimpleData name="DSNODEID">-1</SimpleData>
		<SimpleData name="strmOrder">1</SimpleData>
		<SimpleData name="Length">2455.2</SimpleData>
		<SimpleData name="Magnitude">1</SimpleData>
		<SimpleData name="DSContArea">6554700.0</SimpleData>
		<SimpleData name="strmDrop">303.74</SimpleData>
		<SimpleData name="Slope">0.123711993965</SimpleData>
		<SimpleData name="StraightL">2047.9</SimpleData>
		<SimpleData name="USContArea">2795400.0</SimpleData>
		<SimpleData name="WSNO">5</SimpleData>
		<SimpleData name="DOUTEND">15597.1</SimpleData>
		<SimpleData name="DOUTSTART">18052.3</SimpleData>
		<SimpleData name="DOUTMID">16824.7</SimpleData>
	</SchemaData></ExtendedData>
      <LineString><coordinates>-111.645838641467,41.7917590649392,0 -111.646199685398,41.791757034611,0 -111.646563444603,41.7920251957668,0 -111.646924489976,41.7920231631502,0 -111.647288253693,41.7922913219665,0 -111.647652020441,41.7925594795969,0 -111.648015790221,41.7928276360414,0 -111.648379563034,41.7930957912999,0 -111.648743338878,41.7933639453726,0 -111.649104391609,41.7933619058524,0 -111.649107117755,41.7936320982593,0 -111.649468171964,41.7936300575852,0 -111.649829226136,41.7936280157765,0 -111.65019028027,41.7936259728332,0 -111.650551334367,41.7936239287552,0 -111.650912388427,41.7936218835426,0 -111.651273442449,41.7936198371954,0 -111.651634496434,41.7936177897135,0 -111.651995550382,41.7936157410969,0 -111.652356604292,41.7936136913458,0 -111.652717658164,41.7936116404599,0 -111.653078711999,41.7936095884395,0 -111.653439765797,41.7936075352844,0 -111.653800819557,41.7936054809946,0 -111.654159125907,41.7933332334337,0 -111.654520178076,41.7933311768941,0 -111.654881230207,41.7933291192198,0 -111.6552422823,41.7933270604109,0 -111.655600580957,41.7930548083956,0 -111.655958876582,41.7927825552717,0 -111.656317169175,41.792510301039,0 -111.656675458736,41.7922380456978,0 -111.657036504577,41.7922359812937,0 -111.657394789552,41.7919637237288,0 -111.657753071495,41.7916914650554,0 -111.658111350406,41.7914192052735,0 -111.658469626285,41.7911469443832,0 -111.658827899133,41.7908746823844,0 -111.659186168948,41.7906024192773,0 -111.659544435732,41.7903301550618,0 -111.659905470659,41.7903280817178,0 -111.660263732857,41.790055815279,0 -111.660624766193,41.7900537396856,0 -111.660983023806,41.7897814710236,0 -111.661344055549,41.7897793931808,0 -111.661705087255,41.7897773142035,0 -111.662063338729,41.7895050422035,0 -111.662424368843,41.7895029609769,0 -111.662782615731,41.789230686754,0 -111.663140859588,41.788958411423,0 -111.663501886556,41.7889563268322,0 -111.663862913486,41.788954241107,0 -111.664223940378,41.7889521542473,0 -111.664584967232,41.7889500662532,0 -111.664943201842,41.7886777853551,0 -111.665304227104,41.7886756951118,0 -111.665662457129,41.788403411991,0 -111.666023480798,41.7884013194986,0 -111.66638450443,41.7883992258717,0 -111.666745528023,41.7883971311104,0 -111.667106551578,41.7883950352147,0 -111.667467575094,41.7883929381846,0 -111.667831402866,41.7886610316445,0 -111.668192427821,41.7886589323258,0 -111.668556260102,41.7889270234446,0 -111.668920095414,41.7891951133764,0 -111.669281123285,41.7891930106147,0 -111.669644963106,41.7894610982052,0 -111.670008805958,41.7897291846087,0 -111.670372651842,41.7899972698251,0</coordinates></LineString>
  </Placemark>
  <Placemark id="logannet3.91">
	<Style><LineStyle><color>ff0000ff</color></LineStyle><PolyStyle><fill>0</fill></PolyStyle></Style>
	<ExtendedData><SchemaData schemaUrl="#logannet3">
		<SimpleData name="LINKNO">136</SimpleData>
		<SimpleData name="DSLINKNO">151</SimpleData>
		<SimpleData name="USLINKNO1">115</SimpleData>
		<SimpleData name="USLINKNO2">73</SimpleData>
		<SimpleData name="DSNODEID">-1</SimpleData>
		<SimpleData name="strmOrder">2</SimpleData>
		<SimpleData name="Length">3884.0</SimpleData>
		<SimpleData name="Magnitude">2</SimpleData>
		<SimpleData name="DSContArea">16533900.0</SimpleData>
		<SimpleData name="strmDrop">313.44</SimpleData>
		<SimpleData name="Slope">0.080698905158</SimpleData>
		<SimpleData name="StraightL">3431.7</SimpleData>
		<SimpleData name="USContArea">8974800.0</SimpleData>
		<SimpleData name="WSNO">136</SimpleData>
		<SimpleData name="DOUTEND">22822.1</SimpleData>
		<SimpleData name="DOUTSTART">26706.1</SimpleData>
		<SimpleData name="DOUTMID">24764.1</SimpleData>
	</SchemaData></ExtendedData>
      <LineString><coordinates>-111.644442250024,41.83256815913,0 -111.644444960315,41.832838349935,0 -111.644447670643,41.8331085407272,0 -111.644450381007,41.8333787315064,0 -111.644453091409,41.8336489222728,0 -111.644455801848,41.8339191130263,0 -111.644819794706,41.8341872761126,0 -111.644822506739,41.8344574668211,0 -111.644825218808,41.8347276575168,0 -111.645189217817,41.8349958193517,0 -111.645553219865,41.8352639799992,0 -111.645917224951,41.8355321394592,0 -111.646278514781,41.8355301071641,0 -111.646642524388,41.8357982642812,0 -111.647003815663,41.8357962296943,0 -111.6473651069,41.8357941939712,0 -111.64772912251,41.8360623475896,0 -111.648093141159,41.8363305000204,0 -111.648095867163,41.8366006904533,0 -111.648098593205,41.8368708808732,0 -111.648101319283,41.8371410712803,0 -111.648465345641,41.837409222427,0 -111.648829375038,41.837677372386,0 -111.649193407474,41.8379455211573,0 -111.649557442949,41.8382136687407,0 -111.649921481463,41.8384818151364,0 -111.650285523017,41.8387499603441,0 -111.650649567609,41.839018104364,0 -111.650652304623,41.839288294533,0 -111.650655041675,41.8395584846892,0 -111.650657778764,41.8398286748325,0 -111.650660515891,41.8400988649628,0 -111.651024569751,41.8403670076659,0 -111.651027308472,41.8406371977512,0 -111.651391366929,41.8409053392341,0 -111.651394107245,41.8411755292743,0 -111.651396847598,41.8414457193015,0 -111.651760912209,41.841713859532,0 -111.651763654157,41.8419840495141,0 -111.652127723365,41.8422521885242,0 -111.652130466908,41.8425223784612,0 -111.652133210488,41.8427925683852,0 -111.652497285851,41.8430607061427,0 -111.652500031026,41.8433308960216,0 -111.652502776239,41.8436010858877,0 -111.65250552149,41.8438712757408,0 -111.652869604565,41.8441394122133,0 -111.65287235141,41.8444096020213,0 -111.652875098294,41.8446797918163,0 -111.652877845215,41.8449499815985,0 -111.652880592173,41.8452201713678,0 -111.652883339169,41.8454903611241,0 -111.653247433072,41.845758496247,0 -111.653250181664,41.8460286859582,0 -111.653252930293,41.8462988756565,0 -111.653617030351,41.8465670095265,0 -111.653619780576,41.8468371991796,0 -111.653622530838,41.8471073888198,0 -111.653986637053,41.8473755214368,0 -111.65398938891,41.8476457110318,0 -111.653992140805,41.8479159006139,0 -111.653633532262,41.8481881472516,0 -111.653274920678,41.8484603927784,0 -111.652916306054,41.8487326371942,0 -111.652919053539,41.8490028267829,0 -111.652560434391,41.8492750700941,0 -111.65256318043,41.8495452596763,0 -111.652565926507,41.8498154492456,0 -111.652568672622,41.850085638802,0 -111.652571418774,41.8503558283455,0 -111.652574164964,41.8506260178761,0 -111.652938286984,41.8508941535421,0 -111.652941034769,41.8511643430275,0 -111.652943782592,41.8514345325,0 -111.652946530453,41.8517047219596,0 -111.653310660189,41.8519728563403,0 -111.653313409645,41.8522430457547,0 -111.653316159139,41.8525132351562,0 -111.653680295033,41.8527813682837,0 -111.653683046123,41.8530515576401,0 -111.654047186616,41.8533196895466,0 -111.654049939302,41.8535898788577,0 -111.654414084395,41.8538580095432,0 -111.654778232529,41.85412613904,0 -111.65478098837,41.8543963282736,0 -111.655145141104,41.8546644565492,0 -111.65550929688,41.854932583636,0 -111.655873455698,41.855200709534,0 -111.656234855483,41.8551986451388,0 -111.656599018825,41.8554667686914,0 -111.656601782459,41.8557369577632,0 -111.65660454613,41.8560071468222,0 -111.656607309839,41.8562773358683,0 -111.656610073586,41.8565475249014,0 -111.656974246205,41.8568156471355,0 -111.657338421866,41.8570837681805,0 -111.657341188768,41.857353957136,0 -111.657343955708,41.8576241460785,0 -111.657708137529,41.8578922658697,0 -111.658072322392,41.8581603844717,0 -111.658075092488,41.8584305733366,0 -111.658077862622,41.8587007621885,0 -111.658080632794,41.8589709510275,0 -111.658083403003,41.8592411398537,0 -111.658447597144,41.8595092571369,0 -111.658450368951,41.8597794459176,0 -111.658814567694,41.8600475619792,0 -111.659178769479,41.8603156768514,0 -111.659542974307,41.8605837905344,0 -111.659907182177,41.8608519030281,0 -111.66027139309,41.8611200143324,0</coordinates></LineString>
  </Placemark>
  <Placemark id="logannet3.92">
	<Style><LineStyle><color>ff0000ff</color></LineStyle><PolyStyle><fill>0</fill></PolyStyle></Style>
	<ExtendedData><SchemaData schemaUrl="#logannet3">
		<SimpleData name="LINKNO">87</SimpleData>
		<SimpleData name="DSLINKNO">158</SimpleData>
		<SimpleData name="USLINKNO1">-1</SimpleData>
		<SimpleData name="USLINKNO2">-1</SimpleData>
		<SimpleData name="DSNODEID">-1</SimpleData>
		<SimpleData name="strmOrder">1</SimpleData>
		<SimpleData name="Length">2492.5</SimpleData>
		<SimpleData name="Magnitude">1</SimpleData>
		<SimpleData name="DSContArea">4299300.0</SimpleData>
		<SimpleData name="strmDrop">240.45</SimpleData>
		<SimpleData name="Slope">0.096468444005</SimpleData>
		<SimpleData name="StraightL">2020.7</SimpleData>
		<SimpleData name="USContArea">2155500.0</SimpleData>
		<SimpleData name="WSNO">87</SimpleData>
		<SimpleData name="DOUTEND">28167.9</SimpleData>
		<SimpleData name="DOUTSTART">30660.4</SimpleData>
		<SimpleData name="DOUTMID">29414.2</SimpleData>
	</SchemaData></ExtendedData>
      <LineString><coordinates>-111.583233815234,41.8558627614882,0 -111.582872406721,41.855864596204,0 -111.582510998175,41.8558664297827,0 -111.582149589596,41.8558682622242,0 -111.582152039916,41.8561384550804,0 -111.58215449027,41.8564086479237,0 -111.582156940658,41.8566788407542,0 -111.582159391079,41.8569490335718,0 -111.582161841534,41.8572192263765,0 -111.582164292023,41.8574894191683,0 -111.582166742544,41.8577596119473,0 -111.5821691931,41.8580298047134,0 -111.582171643689,41.8582999974666,0 -111.582174094311,41.858570190207,0 -111.582176544967,41.8588403829344,0 -111.58181756879,41.8591124071605,0 -111.581820017992,41.8593825998795,0 -111.582183897136,41.8596509610396,0 -111.582547779323,41.8599193210149,0 -111.582911664552,41.8601876798056,0 -111.583275552825,41.8604560374114,0 -111.583639444139,41.8607243938324,0 -111.584003338497,41.8609927490686,0 -111.584005797061,41.8612629415937,0 -111.58400825566,41.861533134106,0 -111.58437215617,41.8618014880968,0 -111.584736059723,41.8620698409028,0 -111.585099966319,41.8623381925238,0 -111.585102429617,41.8626083849325,0 -111.585463875958,41.8626065429598,0 -111.58582778864,41.8628748922108,0 -111.586189236436,41.8628730479458,0 -111.586553153649,41.8631413948569,0 -111.586914602898,41.8631395482996,0 -111.587278524642,41.8634078928708,0 -111.587639975346,41.8634060440212,0 -111.588001426015,41.8634041940342,0 -111.588362876651,41.8634023429098,0 -111.588726805901,41.863670682831,0 -111.589088257991,41.8636688294142,0 -111.589449710046,41.86366697486,0 -111.589813645315,41.8639353112861,0 -111.590175098824,41.8639334544394,0 -111.590539038623,41.8642017885251,0 -111.590902981465,41.8644701214255,0 -111.591266927351,41.8647384531405,0 -111.59163087628,41.86500678367,0 -111.591994828252,41.865275113014,0 -111.592358783268,41.8655434411725,0 -111.592722741327,41.8658117681454,0 -111.593086702429,41.8660800939328,0 -111.593450666575,41.8663484185345,0 -111.593814633765,41.8666167419506,0 -111.594178603998,41.866885064181,0 -111.594542577275,41.8671533852257,0 -111.594906553595,41.8674217050847,0 -111.594909058624,41.8676918967762,0 -111.595273039544,41.8679602154188,0 -111.595275546163,41.868230407067,0 -111.595639531683,41.8684987244932,0 -111.596003520248,41.8687670407336,0 -111.596365000568,41.8687651642317,0 -111.596728993664,41.8690334781308,0 -111.597090475438,41.8690315993358,0 -111.597451957177,41.8690297194032,0 -111.597813438882,41.8690278383328,0 -111.598177439484,41.8692961475798,0 -111.598538922642,41.8692942642164,0 -111.598902927776,41.8695625711219,0 -111.599264412387,41.8695606854654,0</coordinates></LineString>
  </Placemark>
  <Placemark id="logannet3.93">
	<Style><LineStyle><color>ff0000ff</color></LineStyle><PolyStyle><fill>0</fill></PolyStyle></Style>
	<ExtendedData><SchemaData schemaUrl="#logannet3">
		<SimpleData name="LINKNO">94</SimpleData>
		<SimpleData name="DSLINKNO">179</SimpleData>
		<SimpleData name="USLINKNO1">-1</SimpleData>
		<SimpleData name="USLINKNO2">-1</SimpleData>
		<SimpleData name="DSNODEID">-1</SimpleData>
		<SimpleData name="strmOrder">1</SimpleData>
		<SimpleData name="Length">5930.8</SimpleData>
		<SimpleData name="Magnitude">1</SimpleData>
		<SimpleData name="DSContArea">9408600.0</SimpleData>
		<SimpleData name="strmDrop">613.01</SimpleData>
		<SimpleData name="Slope">0.103360598881</SimpleData>
		<SimpleData name="StraightL">5287.2</SimpleData>
		<SimpleData name="USContArea">2139300.0</SimpleData>
		<SimpleData name="WSNO">94</SimpleData>
		<SimpleData name="DOUTEND">23804.8</SimpleData>
		<SimpleData name="DOUTSTART">29735.6</SimpleData>
		<SimpleData name="DOUTMID">26770.2</SimpleData>
	</SchemaData></ExtendedData>
      <LineString><coordinates>-111.598555216299,41.8322760352604,0 -111.598557733587,41.8325462284315,0 -111.598921528718,41.8328145383488,0 -111.599285326888,41.8330828470815,0 -111.599287847317,41.8333530401784,0 -111.599290367782,41.8336232332625,0 -111.59929288828,41.8338934263336,0 -111.599295408813,41.8341636193919,0 -111.599297929381,41.8344338124373,0 -111.599300449983,41.8347040054698,0 -111.599302970619,41.8349741984894,0 -111.599666782704,41.8352425058229,0 -111.600030597827,41.8355108119716,0 -111.600394415989,41.8357791169355,0 -111.60075823719,41.8360474207146,0 -111.60112206143,41.8363157233088,0 -111.601485888708,41.8365840247182,0 -111.601849719026,41.8368523249426,0 -111.602213552382,41.837120623982,0 -111.602577388778,41.8373889218365,0 -111.602941228213,41.8376572185059,0 -111.603305070687,41.8379255139903,0 -111.6036689162,41.8381938082895,0 -111.604032764752,41.8384621014037,0 -111.604394073949,41.8384602007432,0 -111.604757927025,41.8387284915179,0 -111.605119237672,41.8387265885666,0 -111.605483095273,41.8389948770016,0 -111.605846955912,41.8392631642513,0 -111.606210819591,41.8395314503158,0 -111.60657468631,41.8397997351949,0 -111.606938556068,41.8400680188887,0 -111.607302428865,41.8403363013971,0 -111.607666304702,41.8406045827201,0 -111.608030183578,41.8408728628576,0 -111.608391506069,41.8408709495339,0 -111.60875538947,41.8411392273313,0 -111.60911927591,41.8414075039432,0 -111.60948316539,41.8416757793696,0 -111.60984705791,41.8419440536103,0 -111.61021095347,41.8422123266654,0 -111.610574852069,41.8424805985348,0 -111.610938753708,41.8427488692185,0 -111.611302658387,41.8430171387165,0 -111.611666566106,41.8432854070287,0 -111.612027901925,41.8432834821763,0 -111.612391814169,41.8435517481479,0 -111.612753151437,41.8435498210041,0 -111.61311448867,41.8435478927235,0 -111.613475825868,41.8435459633064,0 -111.61383716303,41.8435440327526,0 -111.614201084253,41.843812292919,0 -111.614562422865,41.8438103600737,0 -111.614926348612,41.8440786178993,0 -111.615287688673,41.8440766827624,0 -111.615651618945,41.844344938247,0 -111.616015552257,41.8446131925456,0 -111.616379488609,41.844881445658,0 -111.616743428002,41.8451496975843,0 -111.61674602295,41.8454198892361,0 -111.617109966939,41.8456881399451,0 -111.617112563478,41.8459583315528,0 -111.617476512063,41.8462265810443,0 -111.617840463687,41.8464948293496,0 -111.617843063374,41.8467650208821,0 -111.618207019595,41.8470332679698,0 -111.618209620873,41.8473034594582,0 -111.618573581691,41.8475717053284,0 -111.618937545549,41.8478399500122,0 -111.619301512447,41.8481081935097,0 -111.619304118429,41.8483783848914,0 -111.619306724446,41.8486485762603,0 -111.619670697498,41.8489168185087,0 -111.62003467359,41.8491850595707,0 -111.620398652723,41.8494532994461,0 -111.620401263444,41.8497234907083,0 -111.620403874201,41.8499936819575,0 -111.620767859487,41.8502619205838,0 -111.620770471836,41.8505321117889,0 -111.62113446172,41.8508003491973,0 -111.621498454645,41.851068585419,0 -111.621501070142,41.8513387765485,0 -111.621865067664,41.8516070115522,0 -111.621867684754,41.8518772026376,0 -111.622231686874,41.8521454364232,0 -111.622595692035,41.852413669022,0 -111.622959700238,41.8526819004341,0 -111.623321088166,41.8526799396993,0 -111.623685100895,41.852948168769,0 -111.624046490272,41.8529462057417,0 -111.624410507527,41.853214432469,0 -111.624774527824,41.8534826580093,0 -111.625135920135,41.8534806915339,0 -111.625499944958,41.8537489147317,0 -111.625863972822,41.8540171367424,0 -111.626225368066,41.8540151668188,0 -111.626589400457,41.8542833864868,0 -111.626953435889,41.8545516049677,0 -111.626956074664,41.854821795652,0 -111.626958713476,41.8550919863234,0 -111.626961352323,41.8553621769819,0 -111.626963991206,41.8556323676275,0 -111.626966630126,41.8559025582603,0 -111.626969269082,41.8561727488801,0 -111.626971908073,41.8564429394871,0 -111.626974547101,41.8567131300812,0 -111.626977186165,41.8569833206623,0 -111.626979825265,41.8572535112306,0 -111.626982464401,41.857523701786,0 -111.627346520003,41.8577919187333,0 -111.627710578647,41.8580601344933,0 -111.627713220934,41.8583303249728,0 -111.628077284177,41.858598539514,0 -111.628079928057,41.8588687299491,0 -111.6284439959,41.8591369432713,0 -111.628446641374,41.859407133662,0 -111.628449286884,41.8596773240398,0 -111.62845193243,41.8599475144047,0 -111.628816007987,41.8602157264449,0 -111.629180086588,41.8604839372976,0 -111.629182735285,41.8607541275865,0 -111.629546818485,41.8610223372201,0 -111.629910904728,41.8612905456662,0 -111.630274994014,41.8615587529246,0 -111.630639086342,41.8618269589954,0 -111.631003181713,41.8620951638786,0 -111.631005838235,41.8623653539967,0 -111.631008494793,41.8626355441019,0 -111.631011151388,41.8629057341942,0 -111.631375254475,41.8631739377948,0 -111.631739360605,41.8634421402077,0 -111.63210080851,41.8634401514353,0 -111.632464919169,41.8637083515041,0 -111.63282903287,41.8639765503852,0 -111.633193149615,41.8642447480783,0 -111.633554601939,41.8642427546999,0 -111.633916054226,41.864240760184,0 -111.634277506477,41.8642387645306,0 -111.634638958692,41.8642367677398,0 -111.63500041087,41.8642347698116,0 -111.635361863011,41.8642327707459,0 -111.635720638559,41.8639605807591,0 -111.636082089106,41.8639585794374,0 -111.636443539615,41.8639565769782,0 -111.636804990089,41.8639545733816,0 -111.637166440525,41.8639525686475,0 -111.637527890925,41.863950562776,0 -111.637889341288,41.863948555767,0 -111.638253478822,41.864216737272,0 -111.638617619399,41.8644849175887,0 -111.638981763019,41.8647530967173,0 -111.6393432178,41.8647510851017,0 -111.639707365948,41.8650192618855,0 -111.640071517139,41.8652874374809,0 -111.640435671374,41.865555611888,0 -111.640799828651,41.8658237851067,0 -111.641163988973,41.866091957137,0 -111.641528152337,41.8663601279788,0 -111.641530853571,41.8666303173432,0 -111.641533554842,41.8669005066947,0 -111.641897724368,41.8671686762842,0</coordinates></LineString>
  </Placemark>
  <Placemark id="logannet3.94">
	<Style><LineStyle><color>ff0000ff</color></LineStyle><PolyStyle><fill>0</fill></PolyStyle></Style>
	<ExtendedData><SchemaData schemaUrl="#logannet3">
		<SimpleData name="LINKNO">108</SimpleData>
		<SimpleData name="DSLINKNO">165</SimpleData>
		<SimpleData name="USLINKNO1">-1</SimpleData>
		<SimpleData name="USLINKNO2">-1</SimpleData>
		<SimpleData name="DSNODEID">-1</SimpleData>
		<SimpleData name="strmOrder">1</SimpleData>
		<SimpleData name="Length">3194.9</SimpleData>
		<SimpleData name="Magnitude">1</SimpleData>
		<SimpleData name="DSContArea">6619500.0</SimpleData>
		<SimpleData name="strmDrop">363.69</SimpleData>
		<SimpleData name="Slope">0.113834048864</SimpleData>
		<SimpleData name="StraightL">2485.7</SimpleData>
		<SimpleData name="USContArea">2216700.0</SimpleData>
		<SimpleData name="WSNO">108</SimpleData>
		<SimpleData name="DOUTEND">27450.9</SimpleData>
		<SimpleData name="DOUTSTART">30645.8</SimpleData>
		<SimpleData name="DOUTMID">29048.4</SimpleData>
	</SchemaData></ExtendedData>
      <LineString><coordinates>-111.586085613888,41.8515249584231,0 -111.586444529767,41.851252920884,0 -111.586805912089,41.8512510750924,0 -111.587164823371,41.8509790353187,0 -111.587523731613,41.85070699443,0 -111.587882636813,41.8504349524263,0 -111.588244014438,41.8504331021392,0 -111.588602915042,41.8501610579011,0 -111.588964291079,41.8501592053576,0 -111.589325667082,41.8501573516771,0 -111.589684561537,41.8498853040852,0 -111.590045935951,41.8498834481484,0 -111.590407310332,41.8498815910747,0 -111.590768684678,41.849879732864,0 -111.591130058991,41.8498778735165,0 -111.59149143327,41.849876013032,0 -111.591852807514,41.8498741514106,0 -111.592214181724,41.8498722886523,0 -111.592575555901,41.8498704247571,0 -111.592936930043,41.849868559725,0 -111.593298304151,41.849866693556,0 -111.593659678225,41.8498648262501,0 -111.594023552025,41.8501331503711,0 -111.594384927551,41.8501312807737,0 -111.594746303043,41.8501294100395,0 -111.595110182857,41.8503977306663,0 -111.595474065712,41.8506660501081,0 -111.595835444142,41.8506641759277,0 -111.596199331525,41.8509324930298,0 -111.596560711407,41.8509306165578,0 -111.596924603317,41.85119893132,0 -111.597285984651,41.8511970525564,0 -111.59764736595,41.8511951726559,0 -111.598011263874,41.8514634839235,0 -111.598372646625,41.8514616017313,0 -111.598736549076,41.8517299106588,0 -111.599097933279,41.851728026175,0 -111.599461840258,41.8519963327624,0 -111.599823225913,41.8519944459867,0 -111.600187137419,41.8522627502339,0 -111.600551051966,41.8525310532956,0 -111.600912440558,41.8525291630734,0 -111.601276359633,41.8527974637948,0 -111.601640281749,41.8530657633305,0 -111.602004206907,41.8533340616807,0 -111.602368135106,41.8536023588453,0 -111.602732066347,41.8538706548242,0 -111.602734603121,41.8541408467689,0 -111.603098538959,41.8544091415314,0 -111.603101077322,41.8546793334325,0 -111.603103615721,41.8549495253207,0 -111.603106154154,41.855219717196,0 -111.603108692622,41.8554899090585,0 -111.603111231124,41.8557601009081,0 -111.603113769662,41.8560302927448,0 -111.603116308234,41.8563004845686,0 -111.602757435643,41.8565725736921,0 -111.602759972764,41.856842765508,0 -111.602762509919,41.8571129573111,0 -111.602765047109,41.8573831491013,0 -111.602767584334,41.8576533408786,0 -111.602770121593,41.857923532643,0 -111.602772658887,41.8581937243946,0 -111.602775196216,41.8584639161332,0 -111.603139156946,41.8587322104034,0 -111.603141695865,41.8590024020984,0 -111.603144234819,41.8592725937805,0 -111.603508201703,41.8595408868033,0 -111.603872171629,41.85980917864,0 -111.60387471373,41.8600793702477,0 -111.604238688255,41.8603476608677,0 -111.604602665823,41.8606159503016,0 -111.604966646433,41.8608842385494,0 -111.605328081761,41.8608823341267,0 -111.605689517053,41.8608804285666,0 -111.606053503679,41.8611487133177,0 -111.606414940423,41.861146805465,0 -111.606778931578,41.8614150878746,0 -111.607140369774,41.8614131777292,0 -111.607504365458,41.8616814577972,0 -111.607865805105,41.861679545359,0 -111.608227244717,41.8616776317835,0 -111.608588684294,41.8616757170706,0 -111.608950123836,41.8616738012204,0 -111.609311563343,41.8616718842327,0 -111.609675569502,41.8619401573373,0 -111.61003701046,41.8619382380569,0 -111.610398451383,41.861936317639,0 -111.610762463557,41.8622045872462,0 -111.611123905931,41.8622026645355,0 -111.611487922634,41.8624709318006,0 -111.611849366459,41.862469006797,0 -111.612210810249,41.8624670806559,0</coordinates></LineString>
  </Placemark>
  <Placemark id="logannet3.95">
	<Style><LineStyle><color>ff0000ff</color></LineStyle><PolyStyle><fill>0</fill></PolyStyle></Style>
	<ExtendedData><SchemaData schemaUrl="#logannet3">
		<SimpleData name="LINKNO">144</SimpleData>
		<SimpleData name="DSLINKNO">172</SimpleData>
		<SimpleData name="USLINKNO1">137</SimpleData>
		<SimpleData name="USLINKNO2">4</SimpleData>
		<SimpleData name="DSNODEID">-1</SimpleData>
		<SimpleData name="strmOrder">2</SimpleData>
		<SimpleData name="Length">1453.7</SimpleData>
		<SimpleData name="Magnitude">5</SimpleData>
		<SimpleData name="DSContArea">41031000.0</SimpleData>
		<SimpleData name="strmDrop">35.50</SimpleData>
		<SimpleData name="Slope">0.024418423690</SimpleData>
		<SimpleData name="StraightL">1314.9</SimpleData>
		<SimpleData name="USContArea">39690000.0</SimpleData>
		<SimpleData name="WSNO">144</SimpleData>
		<SimpleData name="DOUTEND">24474.2</SimpleData>
		<SimpleData name="DOUTSTART">25927.9</SimpleData>
		<SimpleData name="DOUTMID">25201.0</SimpleData>
	</SchemaData></ExtendedData>
      <LineString><coordinates>-111.592428489233,41.8339290365451,0 -111.59206720473,41.833930899404,0 -111.591705920194,41.8339327611266,0 -111.591344635623,41.8339346217129,0 -111.590983351019,41.833936481163,0 -111.59062206638,41.8339383394768,0 -111.590260781708,41.8339401966542,0 -111.589899497001,41.8339420526955,0 -111.589535732782,41.8336737140534,0 -111.589174449527,41.8336755678046,0 -111.588813166238,41.8336774204195,0 -111.588449408028,41.8334090782858,0 -111.588085652857,41.8331407349682,0 -111.587721900725,41.8328723904665,0 -111.587360621858,41.8328742384841,0 -111.586996874249,41.8326058916448,0 -111.586635596834,41.8326077373725,0 -111.586274319385,41.8326095819639,0 -111.585913041903,41.8326114254192,0 -111.585551764387,41.8326132677382,0 -111.585190486837,41.8326151089209,0 -111.584829209253,41.8326169489674,0 -111.584467931636,41.8326187878778,0 -111.584106653985,41.8326206256518,0 -111.583745376301,41.8326224622897,0 -111.5833816451,41.8323541038843,0 -111.583020368867,41.8323559382324,0 -111.58265664219,41.8320875774898,0 -111.582292918552,41.8318192155636,0 -111.581929197952,41.8315508524538,0 -111.58156548039,41.8312824881604,0 -111.581201765866,41.8310141226835,0 -111.58083805438,41.8307457560231,0 -111.580474345932,41.8304773881792,0 -111.580113080066,41.8304792133171,0 -111.579749376142,41.8302108431364,0 -111.579746938151,41.8299406489412,0 -111.579383238818,41.8296722775471,0 -111.579019542522,41.8294039049696,0 -111.578655849264,41.8291355312089,0 -111.578653415964,41.8288653369106,0 -111.578289727296,41.8285969619366,0</coordinates></LineString>
  </Placemark>
  <Placemark id="logannet3.96">
	<Style><LineStyle><color>ff0000ff</color></LineStyle><PolyStyle><fill>0</fill></PolyStyle></Style>
	<ExtendedData><SchemaData schemaUrl="#logannet3">
		<SimpleData name="LINKNO">137</SimpleData>
		<SimpleData name="DSLINKNO">144</SimpleData>
		<SimpleData name="USLINKNO1">123</SimpleData>
		<SimpleData name="USLINKNO2">25</SimpleData>
		<SimpleData name="DSNODEID">-1</SimpleData>
		<SimpleData name="strmOrder">2</SimpleData>
		<SimpleData name="Length">1245.8</SimpleData>
		<SimpleData name="Magnitude">4</SimpleData>
		<SimpleData name="DSContArea">25484400.0</SimpleData>
		<SimpleData name="strmDrop">54.28</SimpleData>
		<SimpleData name="Slope">0.043570162712</SimpleData>
		<SimpleData name="StraightL">1166.9</SimpleData>
		<SimpleData name="USContArea">23249700.0</SimpleData>
		<SimpleData name="WSNO">137</SimpleData>
		<SimpleData name="DOUTEND">25927.9</SimpleData>
		<SimpleData name="DOUTSTART">27173.7</SimpleData>
		<SimpleData name="DOUTMID">26550.8</SimpleData>
	</SchemaData></ExtendedData>
      <LineString><coordinates>-111.578289727296,41.8285969619366,0 -111.578287295581,41.8283267675954,0 -111.577923611503,41.8280583914081,0 -111.577559930463,41.8277900140376,0 -111.57719625246,41.827521635484,0 -111.576835003002,41.8275234502083,0 -111.576471329523,41.8272550693184,0 -111.576107659081,41.8269866872454,0 -111.575743991677,41.8267183039893,0 -111.575741570826,41.8264481094384,0 -111.575377908011,41.8261797249694,0 -111.575014248234,41.8259113393174,0 -111.574650591494,41.8256429524826,0 -111.574648175331,41.825372757829,0 -111.57428452318,41.8251043697813,0 -111.574282108602,41.8248341750849,0 -111.573920874066,41.8248359805507,0 -111.57355722799,41.8245675901374,0 -111.57319358495,41.8242991985412,0 -111.572829944948,41.8240308057623,0 -111.572466307983,41.8237624118007,0 -111.572105079356,41.823764211519,0 -111.571741446914,41.8234958152218,0 -111.57138021974,41.8234976126514,0 -111.57101659182,41.8232292140187,0 -111.570652966937,41.8229608142035,0 -111.570289345091,41.8226924132057,0 -111.569925726282,41.8224240110254,0 -111.56956211051,41.8221556076626,0 -111.569198497774,41.8218872031173,0 -111.568834888076,41.8216187973896,0 -111.568473671269,41.8216205856141,0 -111.568110066093,41.8213521775514,0</coordinates></LineString>
  </Placemark>
  <Placemark id="logannet3.97">
	<Style><LineStyle><color>ff0000ff</color></LineStyle><PolyStyle><fill>0</fill></PolyStyle></Style>
	<ExtendedData><SchemaData schemaUrl="#logannet3">
		<SimpleData name="LINKNO">123</SimpleData>
		<SimpleData name="DSLINKNO">137</SimpleData>
		<SimpleData name="USLINKNO1">102</SimpleData>
		<SimpleData name="USLINKNO2">39</SimpleData>
		<SimpleData name="DSNODEID">-1</SimpleData>
		<SimpleData name="strmOrder">2</SimpleData>
		<SimpleData name="Length">3417.4</SimpleData>
		<SimpleData name="Magnitude">3</SimpleData>
		<SimpleData name="DSContArea">20651400.0</SimpleData>
		<SimpleData name="strmDrop">156.47</SimpleData>
		<SimpleData name="Slope">0.045785494097</SimpleData>
		<SimpleData name="StraightL">2666.0</SimpleData>
		<SimpleData name="USContArea">13345200.0</SimpleData>
		<SimpleData name="WSNO">123</SimpleData>
		<SimpleData name="DOUTEND">27173.7</SimpleData>
		<SimpleData name="DOUTSTART">30591.0</SimpleData>
		<SimpleData name="DOUTMID">28882.3</SimpleData>
	</SchemaData></ExtendedData>
      <LineString><coordinates>-111.568110066093,41.8213521775514,0 -111.568107677788,41.821081982387,0 -111.568105289517,41.8208117872097,0 -111.568102901278,41.8205415920197,0 -111.568100513072,41.8202713968167,0 -111.568098124898,41.8200012016009,0 -111.568095736757,41.8197310063722,0 -111.568093348649,41.8194608111306,0 -111.568452163749,41.819188828939,0 -111.568449774187,41.8189186336886,0 -111.568447384659,41.8186484384253,0 -111.568444995163,41.8183782431491,0 -111.5684426057,41.81810804786,0 -111.56844021627,41.8178378525581,0 -111.568437826872,41.8175676572433,0 -111.568074244959,41.8172992487349,0 -111.567710666082,41.8170308390443,0 -111.567708279818,41.8167606436573,0 -111.567705893587,41.8164904482574,0 -111.567703507389,41.8162202528446,0 -111.567701121223,41.8159500574189,0 -111.56769873509,41.8156798619804,0 -111.56769634899,41.815409666529,0 -111.567693962922,41.8151394710648,0 -111.567691576887,41.8148692755877,0 -111.567689190884,41.8145990800977,0 -111.567686804915,41.8143288845949,0 -111.567323244578,41.8140604734252,0 -111.567320860192,41.8137902778799,0 -111.566957304442,41.8135218654986,0 -111.566593751727,41.8132534519353,0 -111.566230202048,41.8129850371901,0 -111.565866655404,41.812716621263,0 -111.565503111796,41.8124482041541,0 -111.565500735193,41.8121780084475,0 -111.565139571223,41.8121797858633,0 -111.564776033685,41.8119113663907,0 -111.564414871167,41.8119131415189,0 -111.56405133815,41.8116447197123,0 -111.563690177085,41.8116464925529,0 -111.563326648588,41.8113780684126,0 -111.562965488976,41.8113798389657,0 -111.562604329332,41.8113816083833,0 -111.562240806841,41.8111131807572,0 -111.561879648649,41.8111149478874,0 -111.561518490426,41.8111167138822,0 -111.56115733217,41.8111184787416,0 -111.560796173882,41.8111202424656,0 -111.560435015561,41.8111220050542,0 -111.560073857209,41.8111237665074,0 -111.559712698824,41.8111255268252,0 -111.559351540407,41.8111272860077,0 -111.558990381958,41.8111290440547,0 -111.558629223476,41.8111308009663,0 -111.558268064963,41.8111325567426,0 -111.557906906418,41.8111343113834,0 -111.557548090926,41.811406261013,0 -111.557186930799,41.8114080133996,0 -111.55682577064,41.8114097646508,0 -111.556464610449,41.8114115147665,0 -111.556103450226,41.8114132637469,0 -111.555744625501,41.8116852077856,0 -111.555385797741,41.811957150709,0 -111.555024634387,41.811958896316,0 -111.554665802042,41.812230837005,0 -111.554304637106,41.8122325803577,0 -111.553943472139,41.8122343225748,0 -111.55358230714,41.8122360636566,0 -111.553221142109,41.8122378036028,0 -111.552859977046,41.8122395424137,0 -111.552498811951,41.8122412800891,0 -111.552135326407,41.8119728202968,0 -111.551771843897,41.8117043593235,0 -111.551408364424,41.8114358971692,0 -111.551406047136,41.8111657007657,0 -111.551042572247,41.8108972374012,0 -111.55104025654,41.8106270409556,0 -111.550676786235,41.8103585763811,0 -111.550313318965,41.8100901106257,0 -111.550311006389,41.8098199141089,0 -111.549947543703,41.8095514471434,0 -111.549584084052,41.8092829789972,0 -111.549220627436,41.8090145096702,0 -111.548857173854,41.8087460391625,0 -111.548493723308,41.8084775674741,0 -111.548132579078,41.8084792912966,0 -111.547769133052,41.808210817276,0 -111.547405690061,41.8079423420747,0 -111.547044548772,41.8079440624589,0 -111.546681110302,41.8076755849256,0 -111.546317674866,41.8074071062118,0 -111.545956536517,41.8074088231578,0 -111.545593105601,41.807140342112,0 -111.545231968707,41.8071420567713,0 -111.544868542312,41.8068735733937,0 -111.544505118952,41.8066050888358,0 -111.544143984998,41.8066068000571,0 -111.543782851013,41.8066085101432,0 -111.543419433659,41.8063400221021,0 -111.543058301129,41.8063417299017,0</coordinates></LineString>
  </Placemark>
  <Placemark id="logannet3.98">
	<Style><LineStyle><color>ff0000ff</color></LineStyle><PolyStyle><fill>0</fill></PolyStyle></Style>
	<ExtendedData><SchemaData schemaUrl="#logannet3">
		<SimpleData name="LINKNO">116</SimpleData>
		<SimpleData name="DSLINKNO">200</SimpleData>
		<SimpleData name="USLINKNO1">67</SimpleData>
		<SimpleData name="USLINKNO2">46</SimpleData>
		<SimpleData name="DSNODEID">-1</SimpleData>
		<SimpleData name="strmOrder">2</SimpleData>
		<SimpleData name="Length">929.1</SimpleData>
		<SimpleData name="Magnitude">2</SimpleData>
		<SimpleData name="DSContArea">10633500.0</SimpleData>
		<SimpleData name="strmDrop">67.49</SimpleData>
		<SimpleData name="Slope">0.072639253166</SimpleData>
		<SimpleData name="StraightL">816.1</SimpleData>
		<SimpleData name="USContArea">10152000.0</SimpleData>
		<SimpleData name="WSNO">116</SimpleData>
		<SimpleData name="DOUTEND">16054.4</SimpleData>
		<SimpleData name="DOUTSTART">16983.5</SimpleData>
		<SimpleData name="DOUTMID">16518.9</SimpleData>
	</SchemaData></ExtendedData>
      <LineString><coordinates>-111.645515551556,41.7955437904236,0 -111.645518262838,41.795813982919,0 -111.645520974157,41.7960841754016,0 -111.645882042384,41.7960821459018,0 -111.646245824962,41.7963503076987,0 -111.646609610574,41.7966184683096,0 -111.646973399218,41.7968866277346,0 -111.647337190895,41.7971547859735,0 -111.647698265001,41.7971527507232,0 -111.64806206119,41.7974209066221,0 -111.648425860412,41.7976890613349,0 -111.648786937439,41.7976870226419,0 -111.649150741173,41.7979551750145,0 -111.649514547939,41.798223326201,0 -111.649878357739,41.7984914762012,0 -111.650239439167,41.7984894329111,0 -111.650603253478,41.798757580571,0 -111.650967070823,41.7990257270445,0 -111.650969805336,41.7992959190842,0 -111.651333627267,41.7995640643392,0 -111.651336363371,41.7998342563338,0 -111.651339099512,41.8001044483155,0 -111.651341835691,41.8003746402842,0 -111.651344571907,41.8006448322401,0 -111.65134730816,41.800915024183,0 -111.651350044451,41.8011852161131,0 -111.65135278078,41.8014554080303,0</coordinates></LineString>
  </Placemark>
  <Placemark id="logannet3.99">
	<Style><LineStyle><color>ff0000ff</color></LineStyle><PolyStyle><fill>0</fill></PolyStyle></Style>
	<ExtendedData><SchemaData schemaUrl="#logannet3">
		<SimpleData name="LINKNO">109</SimpleData>
		<SimpleData name="DSLINKNO">186</SimpleData>
		<SimpleData name="USLINKNO1">60</SimpleData>
		<SimpleData name="USLINKNO2">53</SimpleData>
		<SimpleData name="DSNODEID">-1</SimpleData>
		<SimpleData name="strmOrder">2</SimpleData>
		<SimpleData name="Length">1521.0</SimpleData>
		<SimpleData name="Magnitude">2</SimpleData>
		<SimpleData name="DSContArea">5976000.0</SimpleData>
		<SimpleData name="strmDrop">169.68</SimpleData>
		<SimpleData name="Slope">0.111560029859</SimpleData>
		<SimpleData name="StraightL">1384.2</SimpleData>
		<SimpleData name="USContArea">4798800.0</SimpleData>
		<SimpleData name="WSNO">109</SimpleData>
		<SimpleData name="DOUTEND">20135.1</SimpleData>
		<SimpleData name="DOUTSTART">21656.0</SimpleData>
		<SimpleData name="DOUTMID">20895.5</SimpleData>
	</SchemaData></ExtendedData>
      <LineString><coordinates>-111.615044506446,41.8186785982467,0 -111.614683309176,41.8186805316696,0 -111.614322111872,41.8186824639568,0 -111.613958333722,41.8184142020533,0 -111.613955752947,41.8181440089853,0 -111.613594558608,41.8181459389648,0 -111.61323078653,41.8178776746914,0 -111.612867017488,41.8176094092332,0 -111.612505826079,41.8176113357695,0 -111.612144634635,41.8176132611702,0 -111.611783443156,41.8176151854352,0 -111.611422251641,41.8176171085647,0 -111.611061060092,41.8176190305585,0 -111.610699868507,41.8176209514167,0 -111.610338676887,41.8176228711393,0 -111.609977485232,41.8176247897262,0 -111.609613731089,41.8173565138533,0 -111.609252540882,41.8173584301509,0 -111.608888791258,41.8170901519397,0 -111.60852504467,41.8168218725439,0 -111.608161301117,41.8165535919635,0 -111.607797560601,41.8162853101986,0 -111.607436376291,41.8162872207461,0 -111.607072640293,41.8160189366432,0 -111.606708907331,41.8157506513558,0 -111.606347725952,41.8157525584607,0 -111.605983997509,41.8154842708354,0 -111.605622817578,41.8154861756512,0 -111.605261637613,41.8154880793316,0 -111.604897915171,41.8152197882149,0 -111.604534195766,41.8149514959141,0 -111.604170479396,41.814683202429,0 -111.603806766061,41.8144149077597,0 -111.603443055762,41.8141466119062,0 -111.603079348499,41.8138783148686,0 -111.602715644271,41.8136100166469,0 -111.602351943078,41.8133417172411,0 -111.601990774942,41.8133436105587,0 -111.601988244921,41.8130734166512,0 -111.601627078268,41.8130753088155,0 -111.601265911581,41.8130771998444,0 -111.600902219425,41.8128088957641,0 -111.600538530304,41.8125405904997,0</coordinates></LineString>
  </Placemark>
  <Placemark id="logannet3.100">
	<Style><LineStyle><color>ff0000ff</color></LineStyle><PolyStyle><fill>0</fill></PolyStyle></Style>
	<ExtendedData><SchemaData schemaUrl="#logannet3">
		<SimpleData name="LINKNO">102</SimpleData>
		<SimpleData name="DSLINKNO">123</SimpleData>
		<SimpleData name="USLINKNO1">95</SimpleData>
		<SimpleData name="USLINKNO2">74</SimpleData>
		<SimpleData name="DSNODEID">-1</SimpleData>
		<SimpleData name="strmOrder">2</SimpleData>
		<SimpleData name="Length">1114.3</SimpleData>
		<SimpleData name="Magnitude">2</SimpleData>
		<SimpleData name="DSContArea">4799700.0</SimpleData>
		<SimpleData name="strmDrop">130.67</SimpleData>
		<SimpleData name="Slope">0.117274100526</SimpleData>
		<SimpleData name="StraightL">1015.1</SimpleData>
		<SimpleData name="USContArea">3980700.0</SimpleData>
		<SimpleData name="WSNO">102</SimpleData>
		<SimpleData name="DOUTEND">30591.0</SimpleData>
		<SimpleData name="DOUTSTART">31705.3</SimpleData>
		<SimpleData name="DOUTMID">31148.1</SimpleData>
	</SchemaData></ExtendedData>
      <LineString><coordinates>-111.543058301129,41.8063417299017,0 -111.542697168568,41.806343436566,0 -111.542694888296,41.806073239529,0 -111.542331478496,41.8058047479762,0 -111.541968071731,41.8055362552431,0 -111.541604668,41.8052677613299,0 -111.541602392404,41.8049975641934,0 -111.541600116838,41.8047273670439,0 -111.541597841304,41.8044571698817,0 -111.541595565801,41.8041869727065,0 -111.541593290329,41.8039167755185,0 -111.541591014888,41.8036465783177,0 -111.541588739478,41.803376381104,0 -111.5415864641,41.8031061838774,0 -111.541223075788,41.8028376885529,0 -111.540859690511,41.8025691920483,0 -111.540857418259,41.8022989947511,0 -111.540855146039,41.8020287974411,0 -111.540491766891,41.8017602996988,0 -111.54048949625,41.801490102347,0 -111.540126121684,41.8012216033959,0 -111.540123852621,41.8009514060025,0 -111.54012158359,41.8006812085961,0 -111.539758215153,41.8004127084074,0 -111.539755947701,41.8001425109593,0 -111.539753680279,41.7998723134984,0 -111.539751412888,41.7996021160247,0 -111.539749145529,41.799331918538,0 -111.5397468782,41.7990617210385,0 -111.539744610903,41.7987915235262,0 -111.539742343636,41.798521326001,0 -111.5397400764,41.798251128463,0 -111.539376723378,41.7979826268637,0 -111.53901337339,41.7977141240848,0</coordinates></LineString>
  </Placemark>
  <Placemark id="logannet3.101">
	<Style><LineStyle><color>ff0000ff</color></LineStyle><PolyStyle><fill>0</fill></PolyStyle></Style>
	<ExtendedData><SchemaData schemaUrl="#logannet3">
		<SimpleData name="LINKNO">95</SimpleData>
		<SimpleData name="DSLINKNO">102</SimpleData>
		<SimpleData name="USLINKNO1">-1</SimpleData>
		<SimpleData name="USLINKNO2">-1</SimpleData>
		<SimpleData name="DSNODEID">-1</SimpleData>
		<SimpleData name="strmOrder">1</SimpleData>
		<SimpleData name="Length">714.0</SimpleData>
		<SimpleData name="Magnitude">1</SimpleData>
		<SimpleData name="DSContArea">1843200.0</SimpleData>
		<SimpleData name="strmDrop">82.98</SimpleData>
		<SimpleData name="Slope">0.116219631399</SimpleData>
		<SimpleData name="StraightL">680.1</SimpleData>
		<SimpleData name="USContArea">1460700.0</SimpleData>
		<SimpleData name="WSNO">95</SimpleData>
		<SimpleData name="DOUTEND">31705.3</SimpleData>
		<SimpleData name="DOUTSTART">32419.2</SimpleData>
		<SimpleData name="DOUTMID">32062.2</SimpleData>
	</SchemaData></ExtendedData>
      <LineString><coordinates>-111.53901337339,41.7977141240848,0 -111.538650026434,41.7974456201261,0 -111.538288943557,41.7974473126412,0 -111.53792560112,41.7971788063521,0 -111.537562261716,41.7969102988834,0 -111.537198925345,41.7966417902352,0 -111.536835592007,41.7963732804074,0 -111.536833337151,41.7961030826389,0 -111.536831082326,41.7958328848576,0 -111.536467755115,41.7955643737928,0 -111.536104430938,41.7952958615486,0 -111.535741109793,41.795027348125,0 -111.53573885964,41.7947571502446,0 -111.535375543075,41.7944886356129,0 -111.535012229542,41.7942201198018,0 -111.534648919042,41.7939516028115,0 -111.534285611574,41.7936830846419,0 -111.533922307139,41.793414565293,0 -111.533559005737,41.793146044765,0</coordinates></LineString>
  </Placemark>
  <Placemark id="logannet3.102">
	<Style><LineStyle><color>ff0000ff</color></LineStyle><PolyStyle><fill>0</fill></PolyStyle></Style>
	<ExtendedData><SchemaData schemaUrl="#logannet3">
		<SimpleData name="LINKNO">74</SimpleData>
		<SimpleData name="DSLINKNO">102</SimpleData>
		<SimpleData name="USLINKNO1">-1</SimpleData>
		<SimpleData name="USLINKNO2">-1</SimpleData>
		<SimpleData name="DSNODEID">-1</SimpleData>
		<SimpleData name="strmOrder">1</SimpleData>
		<SimpleData name="Length">349.7</SimpleData>
		<SimpleData name="Magnitude">1</SimpleData>
		<SimpleData name="DSContArea">1980900.0</SimpleData>
		<SimpleData name="strmDrop">59.07</SimpleData>
		<SimpleData name="Slope">0.168909502373</SimpleData>
		<SimpleData name="StraightL">323.1</SimpleData>
		<SimpleData name="USContArea">1884600.0</SimpleData>
		<SimpleData name="WSNO">74</SimpleData>
		<SimpleData name="DOUTEND">31705.3</SimpleData>
		<SimpleData name="DOUTSTART">32055.0</SimpleData>
		<SimpleData name="DOUTMID">31880.1</SimpleData>
	</SchemaData></ExtendedData>
      <LineString><coordinates>-111.53901337339,41.7977141240848,0 -111.538652289027,41.7977158177507,0 -111.538291204633,41.7977175102817,0 -111.537930120209,41.7977192016778,0 -111.537571293828,41.7979910895986,0 -111.537212464413,41.7982629764035,0 -111.536853631966,41.7985348620925,0 -111.536492542868,41.7985365489969,0 -111.536133705839,41.7988084324509,0 -111.535772615163,41.7988101171013,0 -111.535411524457,41.7988118006168,0</coordinates></LineString>
  </Placemark>
  <Placemark id="logannet3.103">
	<Style><LineStyle><color>ff0000ff</color></LineStyle><PolyStyle><fill>0</fill></PolyStyle></Style>
	<ExtendedData><SchemaData schemaUrl="#logannet3">
		<SimpleData name="LINKNO">67</SimpleData>
		<SimpleData name="DSLINKNO">116</SimpleData>
		<SimpleData name="USLINKNO1">-1</SimpleData>
		<SimpleData name="USLINKNO2">-1</SimpleData>
		<SimpleData name="DSNODEID">-1</SimpleData>
		<SimpleData name="strmOrder">1</SimpleData>
		<SimpleData name="Length">1251.0</SimpleData>
		<SimpleData name="Magnitude">1</SimpleData>
		<SimpleData name="DSContArea">4216500.0</SimpleData>
		<SimpleData name="strmDrop">154.44</SimpleData>
		<SimpleData name="Slope">0.123454553853</SimpleData>
		<SimpleData name="StraightL">1165.0</SimpleData>
		<SimpleData name="USContArea">3341700.0</SimpleData>
		<SimpleData name="WSNO">67</SimpleData>
		<SimpleData name="DOUTEND">16983.5</SimpleData>
		<SimpleData name="DOUTSTART">18234.4</SimpleData>
		<SimpleData name="DOUTMID">17608.9</SimpleData>
	</SchemaData></ExtendedData>
      <LineString><coordinates>-111.65135278078,41.8014554080303,0 -111.651355517145,41.8017255999346,0 -111.651719354543,41.8019937437455,0 -111.652083194974,41.80226188637,0 -111.652447038439,41.802530027808,0 -111.652808142354,41.802527976284,0 -111.653171990332,41.8027961153811,0 -111.653535841343,41.8030642532915,0 -111.65389694818,41.8030621983238,0 -111.654260803704,41.8033303338931,0 -111.654621911982,41.803328276636,0 -111.65498577202,41.8035964098642,0 -111.65534688174,41.8035943503176,0 -111.655707991422,41.803592289636,0 -111.656069101067,41.8035902278193,0 -111.656430210674,41.8035881648676,0 -111.656791320243,41.8035861007809,0 -111.657152429774,41.8035840355591,0 -111.657513539268,41.8035819692023,0 -111.657877412693,41.8038500931624,0 -111.658238523628,41.803848024516,0 -111.658602401566,41.8041161461346,0 -111.658966282538,41.8043842665661,0 -111.659330166544,41.8046523858106,0 -111.659694053583,41.8049205038681,0 -111.660057943657,41.8051886207385,0 -111.660421836765,41.8054567364217,0 -111.660785732906,41.8057248509178,0 -111.661149632082,41.8059929642268,0 -111.661513534292,41.8062610763485,0 -111.661877439535,41.8065291872829,0 -111.662241347814,41.8067972970301,0 -111.662605259126,41.8070654055899,0 -111.662969173472,41.8073335129624,0</coordinates></LineString>
  </Placemark>
  <Placemark id="logannet3.104">
	<Style><LineStyle><color>ff0000ff</color></LineStyle><PolyStyle><fill>0</fill></PolyStyle></Style>
	<ExtendedData><SchemaData schemaUrl="#logannet3">
		<SimpleData name="LINKNO">60</SimpleData>
		<SimpleData name="DSLINKNO">109</SimpleData>
		<SimpleData name="USLINKNO1">-1</SimpleData>
		<SimpleData name="USLINKNO2">-1</SimpleData>
		<SimpleData name="DSNODEID">-1</SimpleData>
		<SimpleData name="strmOrder">1</SimpleData>
		<SimpleData name="Length">409.7</SimpleData>
		<SimpleData name="Magnitude">1</SimpleData>
		<SimpleData name="DSContArea">2061000.0</SimpleData>
		<SimpleData name="strmDrop">31.22</SimpleData>
		<SimpleData name="Slope">0.076209621366</SimpleData>
		<SimpleData name="StraightL">379.5</SimpleData>
		<SimpleData name="USContArea">1945800.0</SimpleData>
		<SimpleData name="WSNO">60</SimpleData>
		<SimpleData name="DOUTEND">21656.0</SimpleData>
		<SimpleData name="DOUTSTART">22065.7</SimpleData>
		<SimpleData name="DOUTMID">21860.8</SimpleData>
	</SchemaData></ExtendedData>
      <LineString><coordinates>-111.600538530304,41.8125405904997,0 -111.600174844219,41.8122722840515,0 -111.600172321924,41.8120020900034,0 -111.600169799664,41.8117318959425,0 -111.600167277438,41.8114617018687,0 -111.600164755247,41.811191507782,0 -111.60016223309,41.8109213136824,0 -111.600159710968,41.8106511195699,0 -111.59979603723,41.8103828117539,0 -111.599793516694,41.8101126175978,0 -111.599790996192,41.809842423429,0 -111.599427328593,41.8095741143678,0 -111.599063664029,41.809305804123,0</coordinates></LineString>
  </Placemark>
  <Placemark id="logannet3.105">
	<Style><LineStyle><color>ff0000ff</color></LineStyle><PolyStyle><fill>0</fill></PolyStyle></Style>
	<ExtendedData><SchemaData schemaUrl="#logannet3">
		<SimpleData name="LINKNO">53</SimpleData>
		<SimpleData name="DSLINKNO">109</SimpleData>
		<SimpleData name="USLINKNO1">-1</SimpleData>
		<SimpleData name="USLINKNO2">-1</SimpleData>
		<SimpleData name="DSNODEID">-1</SimpleData>
		<SimpleData name="strmOrder">1</SimpleData>
		<SimpleData name="Length">777.0</SimpleData>
		<SimpleData name="Magnitude">1</SimpleData>
		<SimpleData name="DSContArea">2723400.0</SimpleData>
		<SimpleData name="strmDrop">41.37</SimpleData>
		<SimpleData name="Slope">0.053243961035</SimpleData>
		<SimpleData name="StraightL">721.2</SimpleData>
		<SimpleData name="USContArea">2361600.0</SimpleData>
		<SimpleData name="WSNO">53</SimpleData>
		<SimpleData name="DOUTEND">21656.0</SimpleData>
		<SimpleData name="DOUTSTART">22433.0</SimpleData>
		<SimpleData name="DOUTMID">22044.5</SimpleData>
	</SchemaData></ExtendedData>
      <LineString><coordinates>-111.600538530304,41.8125405904997,0 -111.600177366549,41.8125424780867,0 -111.599816202758,41.8125443645382,0 -111.599455038934,41.8125462498543,0 -111.599093875074,41.812548134035,0 -111.598732711181,41.8125500170803,0 -111.598371547253,41.8125518989901,0 -111.59801038329,41.8125537797645,0 -111.597649219293,41.8125556594035,0 -111.597288055262,41.812557537907,0 -111.596926891197,41.8125594152752,0 -111.596565727097,41.8125612915079,0 -111.596207068633,41.8128333608225,0 -111.595848407133,41.8131054290241,0 -111.595489742598,41.8133774961128,0 -111.595128573808,41.8133793678566,0 -111.594767404984,41.8133812384651,0 -111.59440873431,41.813653302205,0 -111.5940475639,41.8136551705602,0 -111.593688888638,41.8139272320691,0 -111.593327716642,41.8139290981709,0 -111.592966544612,41.8139309631372,0 -111.592607863211,41.8142030212972,0 -111.592249178775,41.8144750783439,0</coordinates></LineString>
  </Placemark>
  <Placemark id="logannet3.106">
	<Style><LineStyle><color>ff0000ff</color></LineStyle><PolyStyle><fill>0</fill></PolyStyle></Style>
	<ExtendedData><SchemaData schemaUrl="#logannet3">
		<SimpleData name="LINKNO">46</SimpleData>
		<SimpleData name="DSLINKNO">116</SimpleData>
		<SimpleData name="USLINKNO1">-1</SimpleData>
		<SimpleData name="USLINKNO2">-1</SimpleData>
		<SimpleData name="DSNODEID">-1</SimpleData>
		<SimpleData name="strmOrder">1</SimpleData>
		<SimpleData name="Length">1679.1</SimpleData>
		<SimpleData name="Magnitude">1</SimpleData>
		<SimpleData name="DSContArea">5910300.0</SimpleData>
		<SimpleData name="strmDrop">113.34</SimpleData>
		<SimpleData name="Slope">0.067499674939</SimpleData>
		<SimpleData name="StraightL">1530.0</SimpleData>
		<SimpleData name="USContArea">2739600.0</SimpleData>
		<SimpleData name="WSNO">46</SimpleData>
		<SimpleData name="DOUTEND">16983.5</SimpleData>
		<SimpleData name="DOUTSTART">18662.6</SimpleData>
		<SimpleData name="DOUTMID">17823.0</SimpleData>
	</SchemaData></ExtendedData>
      <LineString><coordinates>-111.65135278078,41.8014554080303,0 -111.65099441763,41.8017276468607,0 -111.650997152517,41.8019978387713,0 -111.65099988744,41.8022680306691,0 -111.651002622402,41.802538222554,0 -111.6510053574,41.802808414426,0 -111.651369199535,41.8030765592624,0 -111.651733044704,41.8033447029124,0 -111.652096892907,41.8036128453758,0 -111.652460744143,41.8038809866526,0 -111.652463485396,41.8041511783828,0 -111.652827341221,41.8044193184407,0 -111.653191200079,41.804687457312,0 -111.653193944479,41.8049576489648,0 -111.652835569869,41.8052298934572,0 -111.652838312827,41.8055000851036,0 -111.652841055822,41.8057702767371,0 -111.652843798855,41.8060404683577,0 -111.652846541925,41.8063106599653,0 -111.652488158363,41.8065829033742,0 -111.652490899991,41.8068530949755,0 -111.652493641657,41.8071232865638,0 -111.65249638336,41.8073934781392,0 -111.652137992325,41.807665720458,0 -111.652140732586,41.8079359120269,0 -111.652143472884,41.808206103583,0 -111.65214621322,41.8084762951262,0 -111.652148953594,41.8087464866564,0 -111.652151694005,41.8090166781738,0 -111.652154434453,41.8092868696782,0 -111.651796031504,41.8095591109261,0 -111.65179877051,41.8098293024241,0 -111.651801509554,41.8100994939092,0 -111.651804248635,41.8103696853814,0 -111.651806987753,41.8106398768406,0 -111.65144857585,41.8109121170046,0 -111.651451313526,41.8111823084574,0 -111.651454051239,41.8114524998973,0 -111.65145678899,41.8117226913243,0 -111.651459526778,41.8119928827384,0 -111.651462264604,41.8122630741396,0 -111.651465002467,41.8125332655279,0 -111.651467740367,41.8128034569033,0 -111.651470478305,41.8130736482658,0 -111.651473216281,41.8133438396154,0 -111.651475954294,41.8136140309521,0 -111.651478692344,41.8138842222759,0 -111.651481430432,41.8141544135867,0 -111.651484168557,41.8144246048847,0 -111.65148690672,41.8146947961698,0 -111.65148964492,41.814964987442,0 -111.651492383157,41.8152351787013,0</coordinates></LineString>
  </Placemark>
  <Placemark id="logannet3.107">
	<Style><LineStyle><color>ff0000ff</color></LineStyle><PolyStyle><fill>0</fill></PolyStyle></Style>
	<ExtendedData><SchemaData schemaUrl="#logannet3">
		<SimpleData name="LINKNO">39</SimpleData>
		<SimpleData name="DSLINKNO">123</SimpleData>
		<SimpleData name="USLINKNO1">-1</SimpleData>
		<SimpleData name="USLINKNO2">-1</SimpleData>
		<SimpleData name="DSNODEID">-1</SimpleData>
		<SimpleData name="strmOrder">1</SimpleData>
		<SimpleData name="Length">2857.6</SimpleData>
		<SimpleData name="Magnitude">1</SimpleData>
		<SimpleData name="DSContArea">8538300.0</SimpleData>
		<SimpleData name="strmDrop">264.32</SimpleData>
		<SimpleData name="Slope">0.092497390401</SimpleData>
		<SimpleData name="StraightL">2459.6</SimpleData>
		<SimpleData name="USContArea">2917800.0</SimpleData>
		<SimpleData name="WSNO">39</SimpleData>
		<SimpleData name="DOUTEND">30591.0</SimpleData>
		<SimpleData name="DOUTSTART">33448.6</SimpleData>
		<SimpleData name="DOUTMID">32019.8</SimpleData>
	</SchemaData></ExtendedData>
      <LineString><coordinates>-111.543058301129,41.8063417299017,0 -111.542699448872,41.8066136335901,0 -111.542338314762,41.8066153391353,0 -111.541977180622,41.8066170435452,0 -111.541618322233,41.8068889438794,0 -111.54125946081,41.8071608430976,0 -111.540898323541,41.8071625441339,0 -111.540539457535,41.8074344411169,0 -111.540178318687,41.8074361398987,0 -111.539817179808,41.8074378375453,0 -111.539458307671,41.8077097311737,0 -111.539099432498,41.8079816236859,0 -111.538738290492,41.8079833179587,0 -111.538379410737,41.8082552082354,0 -111.538020527947,41.8085270973958,0 -111.537659382813,41.8085287882946,0 -111.537298237647,41.8085304780581,0 -111.536939348726,41.8088023638636,0 -111.536578201982,41.8088040513724,0 -111.536217055207,41.8088057377459,0 -111.535858160154,41.8090776201961,0 -111.5354970118,41.8090793043148,0 -111.535135863415,41.8090809872982,0 -111.534774714999,41.8090826691463,0 -111.534413566553,41.809084349859,0 -111.534052418076,41.8090860294364,0 -111.533691269568,41.8090877078785,0 -111.533330121029,41.8090893851853,0 -111.53296897246,41.8090910613567,0 -111.532605585763,41.8088225390382,0 -111.53224443865,41.8088242129232,0 -111.531883291507,41.8088258856728,0 -111.531524377877,41.8090977546891,0 -111.531163229155,41.8090994251838,0 -111.530802080402,41.8091010945433,0 -111.530443160641,41.8093729602037,0 -111.530084237846,41.8096448247473,0 -111.529725312016,41.8099166881741,0 -111.529364158589,41.8099183530393,0 -111.529005228175,41.8101902142297,0 -111.52864407317,41.8101918768398,0 -111.528285138174,41.8104637357936,0 -111.52792398159,41.8104653961486,0 -111.527562824976,41.8104670553683,0 -111.527203883849,41.8107389109656,0 -111.526842725657,41.8107405679301,0 -111.526481567434,41.8107422237593,0 -111.526122620176,41.811014076,0 -111.525763669883,41.8112859271237,0 -111.525765879421,41.8115561246607,0 -111.525768088989,41.8118263221848,0 -111.525770298587,41.812096519696,0 -111.525411340796,41.8123683697108,0 -111.52505237997,41.8126402186084,0 -111.524693416108,41.8129120663889,0 -111.524334449211,41.813183913052,0 -111.523973277119,41.8131855610732,0 -111.523614305638,41.8134574054991,0 -111.523255331122,41.8137292488078,0 -111.522894155904,41.8137308934534,0 -111.522532980655,41.8137325369635,0 -111.522174000008,41.8140043769148,0 -111.521812823181,41.8140060181693,0 -111.521451646324,41.8140076582883,0 -111.521090469438,41.8140092972718,0 -111.520729292521,41.8140109351198,0 -111.520368115575,41.8140125718322,0 -111.520009124153,41.8142844050656,0 -111.519647945629,41.8142860395224,0 -111.519286767075,41.8142876728436,0 -111.518927769522,41.8145595027191,0 -111.518568768933,41.8148313314769,0 -111.518207587254,41.8148329614223,0 -111.517848582082,41.8151047879422,0 -111.517489573874,41.8153766133445,0 -111.517491748952,41.8156468110444,0 -111.51749392406,41.8159170087314,0 -111.517496099198,41.8161872064055,0 -111.517498274366,41.8164574040669,0 -111.517500449563,41.8167276017153,0 -111.51750262479,41.816997799351,0 -111.517504800047,41.8172679969737,0 -111.517506975334,41.8175381945837,0</coordinates></LineString>
  </Placemark>
  <Placemark id="logannet3.108">
	<Style><LineStyle><color>ff0000ff</color></LineStyle><PolyStyle><fill>0</fill></PolyStyle></Style>
	<ExtendedData><SchemaData schemaUrl="#logannet3">
		<SimpleData name="LINKNO">32</SimpleData>
		<SimpleData name="DSLINKNO">130</SimpleData>
		<SimpleData name="USLINKNO1">-1</SimpleData>
		<SimpleData name="USLINKNO2">-1</SimpleData>
		<SimpleData name="DSNODEID">-1</SimpleData>
		<SimpleData name="strmOrder">1</SimpleData>
		<SimpleData name="Length">3566.5</SimpleData>
		<SimpleData name="Magnitude">1</SimpleData>
		<SimpleData name="DSContArea">7743600.0</SimpleData>
		<SimpleData name="strmDrop">376.97</SimpleData>
		<SimpleData name="Slope">0.105699580311</SimpleData>
		<SimpleData name="StraightL">2932.2</SimpleData>
		<SimpleData name="USContArea">2582100.0</SimpleData>
		<SimpleData name="WSNO">32</SimpleData>
		<SimpleData name="DOUTEND">7764.7</SimpleData>
		<SimpleData name="DOUTSTART">11331.2</SimpleData>
		<SimpleData name="DOUTMID">9547.9</SimpleData>
	</SchemaData></ExtendedData>
      <LineString><coordinates>-111.720598123613,41.7934761046527,0 -111.72060115002,41.7937462930157,0 -111.720965227436,41.7940142159749,0 -111.721329307885,41.7942821377438,0 -111.721693391365,41.7945500583225,0 -111.722057477878,41.7948179777108,0 -111.722421567422,41.7950858959087,0 -111.722785659999,41.7953538129163,0 -111.723149755609,41.7956217287334,0 -111.723513854251,41.7958896433601,0 -111.72351689316,41.7961598314355,0 -111.723519932111,41.796430019498,0 -111.723522971104,41.7967002075476,0 -111.723526010138,41.7969703955843,0 -111.723890118044,41.7972383088829,0 -111.723893158678,41.7975084968723,0 -111.723896199353,41.7977786848487,0 -111.72389924007,41.7980488728122,0 -111.723902280828,41.7983190607627,0 -111.723544245217,41.7985915235326,0 -111.723547284542,41.7988617114787,0 -111.723550323909,41.7991318994118,0 -111.723553363317,41.7994020873321,0 -111.723556402767,41.7996722752394,0 -111.723559442259,41.7999424631338,0 -111.723562481792,41.8002126510152,0 -111.723926608393,41.8004805639014,0 -111.723929649526,41.8007507517355,0 -111.7239326907,41.8010209395567,0 -111.724296823451,41.8012888511834,0 -111.724299866225,41.8015590389572,0 -111.724664003568,41.8018269493587,0 -111.725028143943,41.8020948585694,0 -111.725392287352,41.8023627665893,0 -111.725395334843,41.802632954247,0 -111.725398382375,41.8029031418917,0 -111.725401429949,41.8031733295236,0 -111.725404477565,41.8034435171425,0 -111.725407525222,41.8037137047484,0 -111.725410572922,41.8039838923415,0 -111.725413620662,41.8042540799216,0 -111.725055558834,41.8045265473329,0 -111.725058605141,41.8047967349086,0 -111.724700538804,41.8050692012236,0 -111.724342469433,41.8053416664335,0 -111.724345512831,41.8056118540134,0 -111.724348556271,41.8058820415803,0 -111.724351599753,41.8061522291343,0 -111.724354643276,41.8064224166754,0 -111.72399656497,41.8066948808144,0 -111.723999607059,41.8069650683511,0 -111.723641524243,41.8072375313934,0 -111.723644564899,41.8075077189257,0 -111.724008733577,41.8077756308834,0 -111.72437290529,41.8080435416502,0 -111.724737080037,41.808311451226,0 -111.725101257818,41.8085793596107,0 -111.72510430475,41.8088495469924,0 -111.725107351724,41.8091197343612,0 -111.725110398739,41.809389921717,0 -111.725113445797,41.8096601090599,0 -111.725116492896,41.8099302963899,0 -111.724758398525,41.8102027628673,0 -111.72476144419,41.8104729501929,0 -111.724403345309,41.8107454155736,0 -111.724045243394,41.8110178798491,0 -111.723687138444,41.8112903430192,0 -111.723690179723,41.8115605303575,0 -111.723332070262,41.8118329924308,0 -111.722973957767,41.8121054533988,0 -111.722615842236,41.8123779132614,0 -111.722254688295,41.8123801846463,0 -111.722257723671,41.8126503720185,0 -111.722260759088,41.8129205593778,0 -111.721902636012,41.813193017038,0 -111.7215445099,41.8134654735927,0 -111.721547542407,41.8137356609559,0 -111.721911738085,41.8140035790637,0 -111.721914772192,41.8142737663797,0 -111.721917806341,41.8145439536829,0 -111.721559672849,41.8148164102798,0 -111.721562705563,41.8150865975784,0 -111.721565738319,41.8153567848641,0 -111.721568771116,41.8156269721369,0 -111.72121063016,41.8158994276536,0 -111.720852486169,41.8161718820647,0 -111.720494339142,41.8164443353701,0 -111.720136189079,41.8167167875697,0 -111.720139216012,41.8169869748633,0 -111.720142242987,41.8172571621439,0 -111.719784086936,41.8175296132547,0 -111.719425927849,41.8178020632596,0 -111.719067765727,41.8180745121587,0 -111.718709600568,41.818346959952,0 -111.718351432374,41.8186194066393,0 -111.717993261144,41.8188918522207,0 -111.717632070239,41.8188941093569,0 -111.717273894413,41.8191665527181,0 -111.716915715552,41.8194389949732,0 -111.716557533655,41.8197114361223,0</coordinates></LineString>
  </Placemark>
  <Placemark id="logannet3.109">
	<Style><LineStyle><color>ff0000ff</color></LineStyle><PolyStyle><fill>0</fill></PolyStyle></Style>
	<ExtendedData><SchemaData schemaUrl="#logannet3">
		<SimpleData name="LINKNO">25</SimpleData>
		<SimpleData name="DSLINKNO">137</SimpleData>
		<SimpleData name="USLINKNO1">-1</SimpleData>
		<SimpleData name="USLINKNO2">-1</SimpleData>
		<SimpleData name="DSNODEID">-1</SimpleData>
		<SimpleData name="strmOrder">1</SimpleData>
		<SimpleData name="Length">174.9</SimpleData>
		<SimpleData name="Magnitude">1</SimpleData>
		<SimpleData name="DSContArea">2560500.0</SimpleData>
		<SimpleData name="strmDrop">16.33</SimpleData>
		<SimpleData name="Slope">0.093420509042</SimpleData>
		<SimpleData name="StraightL">161.6</SimpleData>
		<SimpleData name="USContArea">2483100.0</SimpleData>
		<SimpleData name="WSNO">25</SimpleData>
		<SimpleData name="DOUTEND">27173.7</SimpleData>
		<SimpleData name="DOUTSTART">27348.5</SimpleData>
		<SimpleData name="DOUTMID">27261.1</SimpleData>
	</SchemaData></ExtendedData>
      <LineString><coordinates>-111.568110066093,41.8213521775514,0 -111.567751237557,41.8216241586558,0 -111.567390020653,41.821625943473,0 -111.567028803715,41.8216277271543,0 -111.566667586745,41.8216295096998,0 -111.56630875052,41.8219014863323,0</coordinates></LineString>
  </Placemark>
  <Placemark id="logannet3.110">
	<Style><LineStyle><color>ff0000ff</color></LineStyle><PolyStyle><fill>0</fill></PolyStyle></Style>
	<ExtendedData><SchemaData schemaUrl="#logannet3">
		<SimpleData name="LINKNO">18</SimpleData>
		<SimpleData name="DSLINKNO">130</SimpleData>
		<SimpleData name="USLINKNO1">-1</SimpleData>
		<SimpleData name="USLINKNO2">-1</SimpleData>
		<SimpleData name="DSNODEID">-1</SimpleData>
		<SimpleData name="strmOrder">1</SimpleData>
		<SimpleData name="Length">4967.4</SimpleData>
		<SimpleData name="Magnitude">1</SimpleData>
		<SimpleData name="DSContArea">11521800.0</SimpleData>
		<SimpleData name="strmDrop">619.39</SimpleData>
		<SimpleData name="Slope">0.124691392467</SimpleData>
		<SimpleData name="StraightL">4310.8</SimpleData>
		<SimpleData name="USContArea">2057400.0</SimpleData>
		<SimpleData name="WSNO">18</SimpleData>
		<SimpleData name="DOUTEND">7764.7</SimpleData>
		<SimpleData name="DOUTSTART">12732.1</SimpleData>
		<SimpleData name="DOUTMID">10248.4</SimpleData>
	</SchemaData></ExtendedData>
      <LineString><coordinates>-111.720598123613,41.7934761046527,0 -111.720240100528,41.7937485572506,0 -111.71988207441,41.7940210087437,0 -111.719524045261,41.7942934591318,0 -111.719166013079,41.7945659084151,0 -111.718807977866,41.7948383565934,0 -111.71844993962,41.7951108036668,0 -111.718091898341,41.7953832496352,0 -111.717730839463,41.7953855060555,0 -111.717372793595,41.7956579498054,0 -111.717011733118,41.7956602039777,0 -111.71665368266,41.7959326455091,0 -111.716292620585,41.7959348974333,0 -111.715934565537,41.7962073367461,0 -111.715576507457,41.7964797749537,0 -111.715218446344,41.796752212056,0 -111.715221450504,41.7970224005829,0 -111.715224454705,41.7972925890969,0 -111.71486638761,41.7975650251106,0 -111.714508317481,41.7978374600189,0 -111.71415024432,41.7981098938218,0 -111.714153244136,41.7983800823477,0 -111.713795166467,41.7986525150535,0 -111.713437085765,41.7989249466539,0 -111.71307900203,41.7991973771488,0 -111.712720915262,41.7994698065383,0 -111.712362825462,41.7997422348222,0 -111.712001741665,41.7997444734256,0 -111.711643647273,41.8000168994902,0 -111.711285549849,41.8002893244492,0 -111.710927449392,41.8005617483027,0 -111.710566360881,41.8005639824298,0 -111.710208255833,41.8008364040638,0 -111.709850147752,41.801108824592,0 -111.709492036638,41.8013812440145,0 -111.70913392249,41.8016536623311,0 -111.708775805309,41.801926079542,0 -111.708778782949,41.8021962682031,0 -111.70878176063,41.8024664568512,0 -111.708423637464,41.8027388729724,0 -111.708065511264,41.8030112879877,0 -111.70770738203,41.803283701897,0 -111.707346277987,41.80328592602,0 -111.706985173902,41.803288149008,0 -111.706624069778,41.803290370861,0 -111.706259998427,41.8030224028228,0 -111.705898895737,41.8030246223849,0 -111.705537793008,41.8030268408121,0 -111.705176690237,41.8030290581042,0 -111.704818548545,41.8033014631012,0 -111.704457444177,41.8033036781443,0 -111.704099297893,41.803576080921,0 -111.703741148577,41.8038484825916,0 -111.703744105266,41.8041186714552,0 -111.703385951439,41.8043910720275,0 -111.703388906692,41.8046612608861,0 -111.703391861986,41.8049314497318,0 -111.70339481732,41.8052016385646,0 -111.70303665603,41.8054740380544,0 -111.703039609928,41.8057442268822,0 -111.703042563867,41.806014415697,0 -111.703045517846,41.806284604499,0 -111.703048471865,41.806554793288,0 -111.702690301634,41.8068271917031,0 -111.702693254217,41.8070973804871,0 -111.703057334165,41.8073653595776,0 -111.703060288346,41.8076355483149,0 -111.702702112208,41.8079079467616,0 -111.702705064953,41.8081781354939,0 -111.702708017738,41.8084483242133,0 -111.703072105474,41.808716303135,0 -111.703075059856,41.8089864918077,0 -111.70307801428,41.8092566804675,0 -111.702719829281,41.8095290789616,0 -111.702722782268,41.8097992676164,0 -111.702725735295,41.8100694562582,0 -111.702728688363,41.8103396448872,0 -111.702731641471,41.8106098335032,0 -111.70237344753,41.8108822309224,0 -111.702376399202,41.8111524195334,0 -111.702379350913,41.8114226081314,0 -111.702382302666,41.8116927967166,0 -111.702021150984,41.8116950044599,0 -111.701662948019,41.8119673996816,0 -111.70130474202,41.8122397937968,0 -111.700943587182,41.8122419981757,0 -111.70058537659,41.8125143900695,0 -111.700224220154,41.8125165921985,0 -111.699866004969,41.812788981871,0 -111.699504846936,41.81279118175,0 -111.699146627158,41.813063569201,0 -111.698788404345,41.8133359555452,0 -111.698430178497,41.8136083407826,0 -111.69806901575,41.8136105361822,0 -111.698071949614,41.813880724913,0 -111.697713717695,41.8141531079364,0 -111.697355482742,41.8144254898529,0 -111.696997244753,41.8146978706624,0 -111.696639003728,41.8149702503648,0 -111.696280759669,41.8152426289602,0 -111.696283686185,41.8155128177168,0 -111.695925437612,41.8157851952127,0 -111.695567186003,41.8160575716015,0 -111.695570109604,41.8163277603606,0 -111.695573033244,41.8165979491068,0 -111.695575956925,41.8168681378401,0 -111.695217697847,41.8171405131448,0 -111.69522062009,41.8174107018728,0 -111.695223542372,41.8176808905879,0 -111.695226464695,41.8179510792901,0 -111.695229387057,41.8182212679794,0 -111.694871119032,41.8184936422075,0 -111.694874039957,41.8187638308916,0 -111.694876960921,41.8190340195627,0 -111.694879881925,41.8193042082209,0 -111.69488280297,41.8195743968662,0 -111.694524525996,41.8198467700177,0 -111.694166245986,41.8201191420619,0 -111.694169164114,41.8203893307095,0 -111.694172082282,41.8206595193443,0 -111.69381379628,41.8209318902963,0 -111.69381671301,41.8212020789258,0 -111.693458422493,41.821474448778,0 -111.693461337784,41.8217446374023,0 -111.693464253115,41.8220148260136,0 -111.693467168486,41.822285014612,0 -111.693108870497,41.8225573833795,0 -111.693111784429,41.8228275719726,0 -111.693114698402,41.8230977605528,0 -111.693117612414,41.8233679491201,0 -111.693120526465,41.8236381376744,0 -111.692762219526,41.8239105053649,0 -111.69276513214,41.8241806939139,0 -111.692406820685,41.8244530605043,0 -111.69240973186,41.8247232490481,0 -111.69205141589,41.8249956145384,0 -111.691693096883,41.825267978921,0 -111.691334774839,41.8255403421958,0</coordinates></LineString>
  </Placemark>
  <Placemark id="logannet3.111">
	<Style><LineStyle><color>ff0000ff</color></LineStyle><PolyStyle><fill>0</fill></PolyStyle></Style>
	<ExtendedData><SchemaData schemaUrl="#logannet3">
		<SimpleData name="LINKNO">11</SimpleData>
		<SimpleData name="DSLINKNO">151</SimpleData>
		<SimpleData name="USLINKNO1">-1</SimpleData>
		<SimpleData name="USLINKNO2">-1</SimpleData>
		<SimpleData name="DSNODEID">-1</SimpleData>
		<SimpleData name="strmOrder">1</SimpleData>
		<SimpleData name="Length">3425.9</SimpleData>
		<SimpleData name="Magnitude">1</SimpleData>
		<SimpleData name="DSContArea">6274800.0</SimpleData>
		<SimpleData name="strmDrop">410.40</SimpleData>
		<SimpleData name="Slope">0.119795156894</SimpleData>
		<SimpleData name="StraightL">2875.8</SimpleData>
		<SimpleData name="USContArea">2466000.0</SimpleData>
		<SimpleData name="WSNO">11</SimpleData>
		<SimpleData name="DOUTEND">22822.1</SimpleData>
		<SimpleData name="DOUTSTART">26247.9</SimpleData>
		<SimpleData name="DOUTMID">24535.0</SimpleData>
	</SchemaData></ExtendedData>
      <LineString><coordinates>-111.644442250024,41.83256815913,0 -111.644803523291,41.8325661315904,0 -111.64516479652,41.8325641029147,0 -111.645523354902,41.8322918823422,0 -111.645884626538,41.8322898514133,0 -111.646243180325,41.8320176286129,0 -111.646604450368,41.8320155954308,0 -111.646965720374,41.8320135611125,0 -111.647326990342,41.832011525658,0 -111.647688260273,41.8320094890673,0 -111.648049530167,41.8320074513405,0 -111.648410800024,41.8320054124775,0 -111.648772069843,41.8320033724784,0 -111.649130609698,41.8317311407486,0 -111.649489146514,41.8314589079082,0 -111.649847680293,41.8311866739574,0 -111.650206211034,41.830914438896,0 -111.65056747459,41.8309123932932,0 -111.650926000736,41.8306401560046,0 -111.651284523844,41.8303679176055,0 -111.651643043915,41.8300956780961,0 -111.652004302765,41.8300936280067,0 -111.652362818241,41.8298213862702,0 -111.652724075497,41.829819333928,0 -111.653082586378,41.8295470899645,0 -111.65344384204,41.8295450353695,0 -111.653802348328,41.8292727891791,0 -111.654163602396,41.8292707323314,0 -111.654524856426,41.8292686743476,0 -111.654886110418,41.8292666152278,0 -111.655250119785,41.8295347453538,0 -111.655611375221,41.8295326839425,0 -111.655972630619,41.8295306213951,0 -111.65633388598,41.8295285577117,0 -111.656695141303,41.8295264928922,0 -111.657059159632,41.8297946172083,0 -111.657423180998,41.8300627403364,0 -111.657787205403,41.8303308622767,0 -111.658148465131,41.8303287928544,0 -111.658512494055,41.830596912451,0 -111.658876526016,41.8308650308595,0 -111.659240561016,41.83113314808,0 -111.659604599053,41.8314012641123,0 -111.659965864668,41.8313991889313,0 -111.660329907224,41.8316673026198,0 -111.660691174282,41.831665225147,0 -111.661055221358,41.8319333364915,0 -111.661416489858,41.8319312567268,0 -111.661780541453,41.8321993657273,0 -111.662141811397,41.8321972836707,0 -111.662503081302,41.8321952004779,0 -111.66286435117,41.8321931161489,0 -111.663228410245,41.8324612204937,0 -111.663589681555,41.8324591338728,0 -111.663950952827,41.8324570461156,0 -111.664315017903,41.8327251469603,0 -111.664679086017,41.8329932466165,0 -111.665043157169,41.8332613450841,0 -111.665045954164,41.8335315347439,0 -111.665410029912,41.8337996319904,0 -111.665774108698,41.8340677280483,0 -111.666138190523,41.8343358229176,0 -111.666502275386,41.8346039165982,0 -111.666866363288,41.8348720090901,0 -111.667230454228,41.8351401003933,0 -111.667594548207,41.8354081905078,0 -111.667955835768,41.835406090035,0 -111.668319934267,41.8356741778046,0 -111.668681223271,41.8356720750394,0 -111.669045326289,41.835940160464,0 -111.669409432345,41.8362082446998,0 -111.66977354144,41.8364763277466,0 -111.670137653574,41.8367444096044,0 -111.670501768747,41.8370124902733,0 -111.670863065117,41.8370103805909,0 -111.67122718481,41.8372784589145,0 -111.671591307541,41.837546536049,0 -111.671955433311,41.8378146119945,0 -111.672319562121,41.8380826867507,0 -111.672683693969,41.8383507603178,0 -111.673044997704,41.8383486437176,0 -111.673409134073,41.8386167149392,0 -111.67377327348,41.8388847849715,0 -111.674137415926,41.8391528538145,0 -111.674501561412,41.8394209214682,0 -111.674865709937,41.8396889879325,0 -111.675229861501,41.8399570532075,0 -111.675594016104,41.840225117293,0 -111.675958173747,41.8404931801891,0 -111.676322334429,41.8407612418957,0 -111.67668649815,41.8410293024128,0 -111.677050664911,41.8412973617403,0</coordinates></LineString>
  </Placemark>
  <Placemark id="logannet3.112">
	<Style><LineStyle><color>ff0000ff</color></LineStyle><PolyStyle><fill>0</fill></PolyStyle></Style>
	<ExtendedData><SchemaData schemaUrl="#logannet3">
		<SimpleData name="LINKNO">4</SimpleData>
		<SimpleData name="DSLINKNO">144</SimpleData>
		<SimpleData name="USLINKNO1">-1</SimpleData>
		<SimpleData name="USLINKNO2">-1</SimpleData>
		<SimpleData name="DSNODEID">-1</SimpleData>
		<SimpleData name="strmOrder">1</SimpleData>
		<SimpleData name="Length">5338.6</SimpleData>
		<SimpleData name="Magnitude">1</SimpleData>
		<SimpleData name="DSContArea">14203800.0</SimpleData>
		<SimpleData name="strmDrop">606.05</SimpleData>
		<SimpleData name="Slope">0.113522518827</SimpleData>
		<SimpleData name="StraightL">4772.6</SimpleData>
		<SimpleData name="USContArea">2822400.0</SimpleData>
		<SimpleData name="WSNO">4</SimpleData>
		<SimpleData name="DOUTEND">25927.9</SimpleData>
		<SimpleData name="DOUTSTART">31266.4</SimpleData>
		<SimpleData name="DOUTMID">28597.2</SimpleData>
	</SchemaData></ExtendedData>
      <LineString><coordinates>-111.578289727296,41.8285969619366,0 -111.577928471862,41.8285987801375,0 -111.577564787718,41.828330402827,0 -111.577201106611,41.8280620243333,0 -111.576839854116,41.8280638390919,0 -111.576481025675,41.828335847154,0 -111.576122194196,41.8286078541013,0 -111.575760938563,41.8286096654858,0 -111.575399682897,41.8286114757342,0 -111.575040845276,41.8288834793287,0 -111.574679588025,41.8288852873221,0 -111.574318330741,41.8288870941793,0 -111.573959486979,41.8291590944208,0 -111.573600640179,41.8294310935474,0 -111.573241790341,41.829703091559,0 -111.573244200956,41.8299732860748,0 -111.572885346594,41.8302452829755,0 -111.572526489194,41.8305172787612,0 -111.572167628756,41.8307892734318,0 -111.571808765279,41.8310612669873,0 -111.571811169983,41.8313314615067,0 -111.57181357472,41.8316016560131,0 -111.571454705233,41.8318736484617,0 -111.571095832708,41.832145639795,0 -111.570736957144,41.8324176300131,0 -111.570739357455,41.8326878245189,0 -111.570380477367,41.8329598136259,0 -111.57002159424,41.8332318016175,0 -111.569662708075,41.8335037884938,0 -111.569665103959,41.8337739829988,0 -111.569667499877,41.834044177491,0 -111.5693086077,41.83431616326,0 -111.568949712484,41.8345881479135,0 -111.568590814229,41.8348601314517,0 -111.568229522965,41.8348619193661,0 -111.56787062012,41.8351339006692,0 -111.567511714236,41.8354058808568,0 -111.567150419835,41.8354076653959,0 -111.566789125401,41.8354094487986,0 -111.566430213374,41.8356814256316,0 -111.566071298308,41.8359534013489,0 -111.565712380203,41.8362253759505,0 -111.56535345906,41.8364973494364,0 -111.564992158385,41.8364991272244,0 -111.564630857678,41.836500903876,0 -111.564271930392,41.8367728740069,0 -111.5639106281,41.8367746484024,0 -111.563551696222,41.8370466162978,0 -111.563192761305,41.8373185830773,0 -111.562833823349,41.8375905487409,0 -111.562472516369,41.8375923186409,0 -111.562113573822,41.8378642820688,0 -111.561754628235,41.8381362443807,0 -111.56139567961,41.8384082055767,0 -111.561034367942,41.8384099709808,0 -111.560675414725,41.8386819299408,0 -111.560314101472,41.8386836930885,0 -111.559952788188,41.8386854550998,0 -111.559593828828,41.838957410704,0 -111.559234866428,41.839229365192,0 -111.558873550008,41.8392311238269,0 -111.558512233555,41.8392328813254,0 -111.55815091707,41.8392346376873,0 -111.557789600554,41.8392363929127,0 -111.557428284005,41.8392381470017,0 -111.557066967424,41.8392398999541,0 -111.556705650811,41.83924165177,0 -111.556344334166,41.8392434024493,0 -111.555983017489,41.8392451519922,0 -111.55562170078,41.8392469003986,0 -111.555260384039,41.8392486476684,0 -111.554899067266,41.8392503938017,0 -111.554537750461,41.8392521387986,0 -111.554176433624,41.8392538826589,0 -111.553815116755,41.8392556253827,0 -111.553453799855,41.83925736697,0 -111.553092482922,41.8392591074207,0 -111.552731165958,41.839260846735,0 -111.552369848962,41.8392625849127,0 -111.552008531934,41.839264321954,0 -111.551647214874,41.8392660578587,0 -111.551285897783,41.8392677926269,0 -111.55092458066,41.8392695262585,0 -111.550563263505,41.8392712587537,0 -111.550201946319,41.8392729901124,0 -111.5498406291,41.8392747203345,0 -111.549479311851,41.8392764494201,0 -111.549117994569,41.8392781773692,0 -111.548756677256,41.8392799041818,0 -111.548395359912,41.8392816298579,0 -111.548034042536,41.8392833543974,0 -111.547672725128,41.8392850778005,0 -111.547311407689,41.839286800067,0 -111.546950090218,41.839288521197,0 -111.546588772716,41.8392902411904,0 -111.546227455182,41.8392919600474,0 -111.545866137617,41.8392936777678,0 -111.545504820021,41.8392953943518,0 -111.545143502393,41.8392971097992,0 -111.544779893054,41.8390286287221,0 -111.544418576883,41.8390303418804,0 -111.544057260681,41.8390320539021,0 -111.543695944447,41.8390337647873,0 -111.543334628183,41.8390354745359,0 -111.542973311887,41.8390371831481,0 -111.542611995559,41.8390388906238,0 -111.542250679201,41.8390405969629,0 -111.541889362811,41.8390423021655,0 -111.54152804639,41.8390440062317,0 -111.541166729938,41.8390457091613,0 -111.540805413455,41.8390474109544,0 -111.540444096941,41.8390491116109,0 -111.540085052318,41.839321006728,0 -111.539723734222,41.8393227051276,0 -111.539364685009,41.8395945980067,0 -111.539003365331,41.8395962941492,0 -111.538642045622,41.8395979891552,0 -111.538280725882,41.8395996830247,0 -111.537921668977,41.8398715714247,0 -111.537562609033,41.8401434587073,0 -111.537201286161,41.840145149199,0 -111.536839963257,41.8401468385541,0 -111.536480897172,41.8404187224779,0 -111.536121828047,41.840690605284,0 -111.535760502011,41.8406922912612,0 -111.535401428296,41.840964171829,0 -111.535040100678,41.840965855549,0 -111.53467877303,41.8409675381324,0 -111.534319693174,41.841239415341,0 -111.533958363944,41.841241095667,0 -111.533597034684,41.8412427748564,0 -111.533235705393,41.8412444529093,0 -111.532876617845,41.8415163256378,0 -111.532515286972,41.8415180014332,0 -111.53215395607,41.8415196760919,0 -111.531792625136,41.8415213496141,0 -111.531431294172,41.8415230219997,0 -111.531069963177,41.8415246932486,0 -111.530708632152,41.8415263633609,0 -111.530347301096,41.8415280323366,0 -111.52998597001,41.8415297001757,0 -111.529624638893,41.8415313668782,0 -111.52926553435,41.841803228401,0 -111.528906426768,41.8420750888057,0 -111.52854509252,41.8420767521296,0 -111.528183758241,41.842078414317,0 -111.527822423932,41.8420800753676,0 -111.527463308659,41.8423519312913,0 -111.527101972769,41.8423535900843,0 -111.526742852905,41.8426254437687,0 -111.526381515435,41.842627100304,0 -111.526020177934,41.8426287557027,0 -111.525658840403,41.8426304099648,0 -111.525299712848,41.8429022591677,0 -111.524938373737,41.842903911172,0 -111.524579241591,41.8431757581354,0 -111.5242179009,41.8431774078818,0</coordinates></LineString>
  </Placemark>
  <Placemark id="logannet3.113">
	<Style><LineStyle><color>ff0000ff</color></LineStyle><PolyStyle><fill>0</fill></PolyStyle></Style>
	<ExtendedData><SchemaData schemaUrl="#logannet3">
		<SimpleData name="LINKNO">257</SimpleData>
		<SimpleData name="DSLINKNO">-1</SimpleData>
		<SimpleData name="USLINKNO1">250</SimpleData>
		<SimpleData name="USLINKNO2">75</SimpleData>
		<SimpleData name="DSNODEID">-1</SimpleData>
		<SimpleData name="strmOrder">4</SimpleData>
		<SimpleData name="Length">2653.7</SimpleData>
		<SimpleData name="Magnitude">75</SimpleData>
		<SimpleData name="DSContArea">558293376.0</SimpleData>
		<SimpleData name="strmDrop">75.89</SimpleData>
		<SimpleData name="Slope">0.028597158275</SimpleData>
		<SimpleData name="StraightL">2430.0</SimpleData>
		<SimpleData name="USContArea">553790720.0</SimpleData>
		<SimpleData name="WSNO">257</SimpleData>
		<SimpleData name="DOUTEND">0.0</SimpleData>
		<SimpleData name="DOUTSTART">2653.7</SimpleData>
		<SimpleData name="DOUTMID">1326.8</SimpleData>
	</SchemaData></ExtendedData>
      <LineString><coordinates>-111.78390076584,41.7436134996753,0 -111.783536717629,41.7433457736305,0 -111.783175955831,41.7433482332544,0 -111.782811912112,41.743080504862,0 -111.782447871417,41.7428127752777,0 -111.782083833747,41.7425450445016,0 -111.7817197991,41.7422773125337,0 -111.781359043126,41.7422797664023,0 -111.780998287106,41.7422822191384,0 -111.780637531042,41.742284670742,0 -111.780276774933,41.742287121213,0 -111.779916018779,41.7422895705515,0 -111.779555262581,41.7422920187576,0 -111.779194506337,41.7422944658311,0 -111.77883375005,41.7422969117721,0 -111.778472993717,41.7422993565806,0 -111.77811223734,41.7423018002566,0 -111.777751480919,41.7423042428,0 -111.777390724452,41.742306684211,0 -111.777026710438,41.7420389371843,0 -111.776662699448,41.7417711889662,0 -111.776301945872,41.7417736269336,0 -111.775941192252,41.7417760637685,0 -111.775580438587,41.7417784994709,0 -111.775216435024,41.741510746595,0 -111.774855682782,41.7415131800095,0 -111.77449168371,41.7412454247868,0 -111.774130932891,41.7412478559133,0 -111.773770182028,41.7412502859074,0 -111.773409431121,41.7412527147691,0 -111.77304868017,41.7412551424982,0 -111.772687929174,41.7412575690949,0 -111.772327178134,41.7412599945591,0 -111.771969663253,41.7415326065558,0 -111.771608910612,41.7415350297779,0 -111.77125139115,41.7418076395652,0 -111.77089063691,41.7418100605452,0 -111.770529882625,41.7418124803926,0 -111.770169128295,41.7418148991076,0 -111.769808373922,41.74181731669,0 -111.769447619505,41.7418197331399,0 -111.769086865043,41.7418221484574,0 -111.768726110538,41.7418245626423,0 -111.768368577159,41.7420971635618,0 -111.768011040757,41.7423697633814,0 -111.767650283095,41.7423721742143,0 -111.767289525389,41.7423745839146,0 -111.76692876764,41.7423769924825,0 -111.766568009846,41.7423793999178,0 -111.766207252008,41.7423818062206,0 -111.765846494127,41.7423842113908,0 -111.765488945364,41.7426568034514,0 -111.765131393578,41.7429293944118,0 -111.764770632541,41.7429317962298,0 -111.76440987146,41.7429341969152,0 -111.764049110335,41.742936596468,0 -111.763688349166,41.7429389948883,0 -111.763327587954,41.7429413921761,0 -111.762966826698,41.7429437883313,0 -111.762606065398,41.7429461833539,0 -111.762245304055,41.7429485772441,0 -111.761884542667,41.7429509700016,0 -111.761526973854,41.7432235498722,0 -111.761166210867,41.7432259403872,0 -111.760805447837,41.7432283297696,0 -111.760444684763,41.7432307180194,0 -111.760083921646,41.7432331051367,0 -111.759726343585,41.7435056794667,0 -111.759368762501,41.7437782526961,0 -111.759007996228,41.7437806364607,0 -111.758647229913,41.7437830190926,0 -111.758286463553,41.743785400592,0 -111.757925697151,41.7437877809588,0 -111.757564930704,41.7437901601929,0 -111.757204164215,41.7437925382945,0 -111.756843397682,41.7437949152635,0 -111.756482631106,41.7437972910999,0 -111.756121864486,41.7437996658037,0 -111.755761097823,41.743802039375,0 -111.755400331117,41.7438044118136,0 -111.755039564367,41.7438067831196,0 -111.754678797574,41.7438091532931,0</coordinates></LineString>
  </Placemark>
  <Placemark id="logannet3.114">
	<Style><LineStyle><color>ff0000ff</color></LineStyle><PolyStyle><fill>0</fill></PolyStyle></Style>
	<ExtendedData><SchemaData schemaUrl="#logannet3">
		<SimpleData name="LINKNO">250</SimpleData>
		<SimpleData name="DSLINKNO">257</SimpleData>
		<SimpleData name="USLINKNO1">243</SimpleData>
		<SimpleData name="USLINKNO2">138</SimpleData>
		<SimpleData name="DSNODEID">-1</SimpleData>
		<SimpleData name="strmOrder">4</SimpleData>
		<SimpleData name="Length">2952.8</SimpleData>
		<SimpleData name="Magnitude">74</SimpleData>
		<SimpleData name="DSContArea">551520000.0</SimpleData>
		<SimpleData name="strmDrop">30.85</SimpleData>
		<SimpleData name="Slope">0.010446117671</SimpleData>
		<SimpleData name="StraightL">2696.7</SimpleData>
		<SimpleData name="USContArea">543772800.0</SimpleData>
		<SimpleData name="WSNO">250</SimpleData>
		<SimpleData name="DOUTEND">2653.7</SimpleData>
		<SimpleData name="DOUTSTART">5606.5</SimpleData>
		<SimpleData name="DOUTMID">4130.1</SimpleData>
	</SchemaData></ExtendedData>
      <LineString><coordinates>-111.754678797574,41.7438091532931,0 -111.754321193243,41.7440817109895,0 -111.753963585887,41.7443542675851,0 -111.75360281594,41.7443566344054,0 -111.75324204595,41.744359000093,0 -111.752881275917,41.7443613646481,0 -111.752523660871,41.7446339168118,0 -111.752162889239,41.7446362791239,0 -111.751802117564,41.7446386403034,0 -111.751441345846,41.7446410003502,0 -111.751083723109,41.7449135480818,0 -111.750722949793,41.7449159058856,0 -111.750362176434,41.7449182625568,0 -111.750001403031,41.7449206180953,0 -111.749643772604,41.7451931613945,0 -111.749282997604,41.7451955146899,0 -111.748925362597,41.7454680557774,0 -111.748567724566,41.7457405957636,0 -111.74821008351,41.7460131346486,0 -111.747852439429,41.7462856724322,0 -111.747491658164,41.7462880201529,0 -111.747130876857,41.746290366741,0 -111.746770095507,41.7462927121963,0 -111.746409314114,41.7462950565189,0 -111.746048532679,41.7462973997089,0 -111.7456877512,41.7462997417661,0 -111.745326969679,41.7463020826907,0 -111.744966188115,41.7463044224825,0 -111.744605406509,41.7463067611417,0 -111.74424462486,41.7463090986681,0 -111.743883843168,41.7463114350619,0 -111.743523061433,41.7463137703229,0 -111.743165395666,41.7465862936776,0 -111.742804612334,41.7465886266952,0 -111.74244382896,41.7465909585801,0 -111.742086157058,41.7468634786117,0 -111.741725372086,41.7468658082532,0 -111.741364587071,41.746868136762,0 -111.741003802014,41.746870464138,0 -111.740643016914,41.7468727903813,0 -111.740282231772,41.7468751154918,0 -111.739921446588,41.7468774394697,0 -111.739560661361,41.7468797623148,0 -111.739199876091,41.7468820840272,0 -111.73883909078,41.7468844046068,0 -111.738478305426,41.7468867240538,0 -111.738117520029,41.746889042368,0 -111.737756734591,41.7468913595494,0 -111.73739594911,41.7468936755982,0 -111.737035163587,41.7468959905142,0 -111.736677466893,41.7471684938923,0 -111.736680555807,41.7474386834742,0 -111.736319767174,41.7474409961684,0 -111.735962064431,41.7477134973424,0 -111.735601274201,41.7477158077928,0 -111.73524048393,41.7477181171105,0 -111.734879693616,41.7477204252954,0 -111.73451890326,41.7477227323476,0 -111.734158112862,41.747725038267,0 -111.733797322422,41.7477273430536,0 -111.73343653194,41.7477296467075,0 -111.733075741416,41.7477319492286,0 -111.732714950849,41.7477342506169,0 -111.732354160241,41.7477365508725,0 -111.731993369591,41.7477388499953,0 -111.731632578899,41.7477411479854,0 -111.731274854476,41.7480136347246,0 -111.730914062187,41.7480159304708,0 -111.730556333185,41.7482884149965,0 -111.730198601157,41.7485608984198,0 -111.729840866104,41.7488333807406,0 -111.729483128026,41.7491058619589,0 -111.729125386923,41.7493783420746,0 -111.729128444409,41.7496485320087,0 -111.72877069881,41.7499210110305,0 -111.72840989564,41.7499232989982,0 -111.728052145461,41.7501957758061,0 -111.727694392256,41.7504682515112,0 -111.727336636026,41.7507407261137,0 -111.726978876771,41.7510131996134,0 -111.72662111449,41.7512856720103,0 -111.726263349184,41.7515581433045,0 -111.725905580851,41.7518306134957,0 -111.725547809494,41.7521030825841,0 -111.72519003511,41.7523755505696,0 -111.724832257701,41.7526480174522,0 -111.724471438946,41.7526502931731,0</coordinates></LineString>
  </Placemark>
  <Placemark id="logannet3.115">
	<Style><LineStyle><color>ff0000ff</color></LineStyle><PolyStyle><fill>0</fill></PolyStyle></Style>
	<ExtendedData><SchemaData schemaUrl="#logannet3">
		<SimpleData name="LINKNO">243</SimpleData>
		<SimpleData name="DSLINKNO">250</SimpleData>
		<SimpleData name="USLINKNO1">236</SimpleData>
		<SimpleData name="USLINKNO2">82</SimpleData>
		<SimpleData name="DSNODEID">-1</SimpleData>
		<SimpleData name="strmOrder">4</SimpleData>
		<SimpleData name="Length">589.7</SimpleData>
		<SimpleData name="Magnitude">72</SimpleData>
		<SimpleData name="DSContArea">535628704.0</SimpleData>
		<SimpleData name="strmDrop">3.77</SimpleData>
		<SimpleData name="Slope">0.006400505416</SimpleData>
		<SimpleData name="StraightL">543.3</SimpleData>
		<SimpleData name="USContArea">535256992.0</SimpleData>
		<SimpleData name="WSNO">243</SimpleData>
		<SimpleData name="DOUTEND">5606.5</SimpleData>
		<SimpleData name="DOUTSTART">6196.2</SimpleData>
		<SimpleData name="DOUTMID">5901.3</SimpleData>
	</SchemaData></ExtendedData>
      <LineString><coordinates>-111.724471438946,41.7526502931731,0 -111.724110620149,41.7526525677609,0 -111.72374980131,41.7526548412158,0 -111.72338898243,41.7526571135378,0 -111.723031195777,41.7529295748713,0 -111.722670375302,41.7529318449487,0 -111.722309554784,41.7529341138931,0 -111.721948734226,41.7529363817046,0 -111.721587913626,41.752938648383,0 -111.721227092984,41.7529409139285,0 -111.720869295534,41.7532133686008,0 -111.720508473297,41.7532156319017,0 -111.720147651019,41.7532178940696,0 -111.719786828699,41.7532201551045,0 -111.719429023561,41.7534926053386,0 -111.719068199646,41.7534948641288,0 -111.718707375689,41.753497121786,0 -111.718343539008,41.7532291879141,0 -111.717982716482,41.753231443284,0</coordinates></LineString>
  </Placemark>
  <Placemark id="logannet3.116">
	<Style><LineStyle><color>ff0000ff</color></LineStyle><PolyStyle><fill>0</fill></PolyStyle></Style>
	<ExtendedData><SchemaData schemaUrl="#logannet3">
		<SimpleData name="LINKNO">236</SimpleData>
		<SimpleData name="DSLINKNO">243</SimpleData>
		<SimpleData name="USLINKNO1">229</SimpleData>
		<SimpleData name="USLINKNO2">26</SimpleData>
		<SimpleData name="DSNODEID">-1</SimpleData>
		<SimpleData name="strmOrder">4</SimpleData>
		<SimpleData name="Length">2462.5</SimpleData>
		<SimpleData name="Magnitude">71</SimpleData>
		<SimpleData name="DSContArea">529141504.0</SimpleData>
		<SimpleData name="strmDrop">0.00</SimpleData>
		<SimpleData name="Slope">0.000000000000</SimpleData>
		<SimpleData name="StraightL">2227.3</SimpleData>
		<SimpleData name="USContArea">522940512.0</SimpleData>
		<SimpleData name="WSNO">236</SimpleData>
		<SimpleData name="DOUTEND">6196.2</SimpleData>
		<SimpleData name="DOUTSTART">8658.7</SimpleData>
		<SimpleData name="DOUTMID">7427.4</SimpleData>
	</SchemaData></ExtendedData>
      <LineString><coordinates>-111.717982716482,41.753231443284,0 -111.717621893916,41.7532336975209,0 -111.717261071307,41.7532359506249,0 -111.71690325529,41.7535083930769,0 -111.716545436247,41.7537808344254,0 -111.716184610489,41.7537830841727,0 -111.715826786866,41.754055523306,0 -111.715468960217,41.7543279613356,0 -111.715111130541,41.7546003982616,0 -111.714750300081,41.7546026435404,0 -111.714392465825,41.754875078251,0 -111.714395462112,41.7551452688028,0 -111.714037623358,41.7554177024179,0 -111.713679781578,41.7556901349292,0 -111.713318944902,41.7556923757603,0 -111.712958108184,41.7556946154584,0 -111.71260026027,41.755967044642,0 -111.712242409329,41.7562394727218,0 -111.711884555362,41.7565118996977,0 -111.711526698369,41.7567843255698,0 -111.711168838349,41.757056750338,0 -111.710810975303,41.7573291740021,0 -111.71045310923,41.7576015965623,0 -111.71009524013,41.7578740180185,0 -111.709737368004,41.7581464383707,0 -111.70937651726,41.7581486669268,0 -111.709018640553,41.7584210850627,0 -111.70866076082,41.7586935020944,0 -111.70830287806,41.7589659180219,0 -111.707944992273,41.7592383328453,0 -111.707947961974,41.7595085235694,0 -111.707587103459,41.7595107465644,0 -111.707229211619,41.7597831591793,0 -111.706868351509,41.7597853799287,0 -111.706510455088,41.7600577903269,0 -111.70615255564,41.7603301996208,0 -111.705794653164,41.7606026078103,0 -111.705436747662,41.7608750148954,0 -111.705075881296,41.760877230062,0 -111.70471501489,41.7608794440954,0 -111.704354148443,41.7608816569954,0 -111.703996235252,41.7611540596387,0 -111.703635367211,41.7611562702929,0 -111.70327449913,41.7611584798139,0 -111.702916579804,41.7614308791277,0 -111.702555710128,41.7614330864028,0 -111.702194840413,41.7614352925446,0 -111.701836914951,41.7617076885287,0 -111.701476043641,41.7617098924246,0 -111.701115172291,41.7617120951871,0 -111.700754300901,41.7617142968163,0 -111.700393429471,41.7617164973122,0 -111.700032558,41.7617186966747,0 -111.699674621743,41.7619910859911,0 -111.699313748678,41.7619932831077,0 -111.698955807839,41.7622656702066,0 -111.698594933181,41.7622678650772,0 -111.698234058483,41.7622700588143,0 -111.697873183744,41.7622722514181,0 -111.697512308966,41.7622744428886,0 -111.697154358885,41.7625468244318,0 -111.696790559289,41.7622788224293,0 -111.69642968439,41.7622810104996,0 -111.696068809452,41.7622831974366,0 -111.695707934474,41.7622853832401,0 -111.695347059455,41.7622875679104,0 -111.694986184397,41.7622897514472,0 -111.694625309299,41.7622919338507,0 -111.69426734679,41.7625643064918,0</coordinates></LineString>
  </Placemark>
  <Placemark id="logannet3.117">
	<Style><LineStyle><color>ff0000ff</color></LineStyle><PolyStyle><fill>0</fill></PolyStyle></Style>
	<ExtendedData><SchemaData schemaUrl="#logannet3">
		<SimpleData name="LINKNO">229</SimpleData>
		<SimpleData name="DSLINKNO">236</SimpleData>
		<SimpleData name="USLINKNO1">222</SimpleData>
		<SimpleData name="USLINKNO2">166</SimpleData>
		<SimpleData name="DSNODEID">-1</SimpleData>
		<SimpleData name="strmOrder">4</SimpleData>
		<SimpleData name="Length">2788.2</SimpleData>
		<SimpleData name="Magnitude">70</SimpleData>
		<SimpleData name="DSContArea">518757312.0</SimpleData>
		<SimpleData name="strmDrop">25.47</SimpleData>
		<SimpleData name="Slope">0.009135592679</SimpleData>
		<SimpleData name="StraightL">2441.8</SimpleData>
		<SimpleData name="USContArea">512195392.0</SimpleData>
		<SimpleData name="WSNO">229</SimpleData>
		<SimpleData name="DOUTEND">8658.7</SimpleData>
		<SimpleData name="DOUTSTART">11446.9</SimpleData>
		<SimpleData name="DOUTMID">10052.8</SimpleData>
	</SchemaData></ExtendedData>
      <LineString><coordinates>-111.69426734679,41.7625643064918,0 -111.693909381253,41.7628366780278,0 -111.693548503008,41.7628388570723,0 -111.693190532891,41.7631112263902,0 -111.693193441097,41.7633814177842,0 -111.692835466478,41.7636537860044,0 -111.692477488832,41.7639261531194,0 -111.692116604373,41.7639283277123,0 -111.691758622145,41.764200692609,0 -111.691397736093,41.7642028649555,0 -111.691036850001,41.7642050361686,0 -111.690673066141,41.7639370147495,0 -111.690312181484,41.7639391836752,0 -111.689951296787,41.7639413514674,0 -111.689590412051,41.7639435181263,0 -111.689232418949,41.764215875232,0 -111.68887153262,41.7642180396444,0 -111.688510646252,41.7642202029233,0 -111.688149759844,41.7642223650687,0 -111.687791759054,41.7644947177298,0 -111.687430871053,41.7644968776287,0 -111.687069983013,41.7644990363941,0 -111.68671197609,41.7647713857233,0 -111.686351086457,41.7647735422421,0 -111.685993074952,41.7650458893525,0 -111.685632183727,41.7650480436247,0 -111.685274167641,41.7653203885161,0 -111.684913274823,41.7653225405416,0 -111.684552381966,41.7653246914336,0 -111.684188618431,41.7650566493786,0 -111.683827727009,41.7650587979834,0 -111.683466835548,41.7650609454547,0 -111.683105944048,41.7650630917925,0 -111.682745052508,41.7650652369968,0 -111.6823812979,41.76479718914,0 -111.68201754632,41.7645291400964,0 -111.681656657691,41.7645312818598,0 -111.681295769023,41.7645334224898,0 -111.680934880315,41.7645355619863,0 -111.680573991569,41.7645377003493,0 -111.680213102783,41.7645398375789,0 -111.679852213959,41.764541973675,0 -111.679491325095,41.7645441086376,0 -111.679130436192,41.7645462424668,0 -111.678769547251,41.7645483751624,0 -111.67840865827,41.7645505067246,0 -111.678044924466,41.7642824449582,0 -111.677684036922,41.7642845742334,0 -111.677320307621,41.7640165101269,0 -111.676959421512,41.7640186371151,0 -111.676598535365,41.7640207629698,0 -111.676237649179,41.7640228876911,0 -111.675876762955,41.764025011279,0 -111.675515876691,41.7640271337334,0 -111.675154990389,41.7640292550543,0 -111.674794104048,41.7640313752418,0 -111.674433217668,41.7640334942958,0 -111.67407233125,41.7640356122164,0 -111.673711444793,41.7640377290035,0 -111.673350558297,41.7640398446572,0 -111.672989671763,41.7640419591774,0 -111.67262878519,41.7640440725641,0 -111.672267898579,41.7640461848174,0 -111.671907011929,41.7640482959373,0 -111.67154612524,41.7640504059237,0 -111.671185238513,41.7640525147766,0 -111.670824351747,41.764054622496,0 -111.670463464943,41.7640567290821,0 -111.670102578101,41.7640588345346,0 -111.669744501148,41.7643311315209,0 -111.669383612714,41.7643332347263,0 -111.669022724243,41.7643353367983,0 -111.668664641157,41.7646076304506,0 -111.668303751095,41.7646097302754,0 -111.66794566343,41.7648820217072,0 -111.667587572736,41.7651543120321,0 -111.667229479015,41.7654266012502,0 -111.667232278537,41.7656967939914,0 -111.666874180313,41.7659690821095,0 -111.666876978397,41.7662392748446,0 -111.666518875669,41.7665115618626,0 -111.666160769912,41.7667838477735,0 -111.665799867471,41.7667859398218,0 -111.665438964991,41.7667880307365,0</coordinates></LineString>
  </Placemark>
  <Placemark id="logannet3.118">
	<Style><LineStyle><color>ff0000ff</color></LineStyle><PolyStyle><fill>0</fill></PolyStyle></Style>
	<ExtendedData><SchemaData schemaUrl="#logannet3">
		<SimpleData name="LINKNO">222</SimpleData>
		<SimpleData name="DSLINKNO">229</SimpleData>
		<SimpleData name="USLINKNO1">207</SimpleData>
		<SimpleData name="USLINKNO2">215</SimpleData>
		<SimpleData name="DSNODEID">-1</SimpleData>
		<SimpleData name="strmOrder">4</SimpleData>
		<SimpleData name="Length">2701.6</SimpleData>
		<SimpleData name="Magnitude">67</SimpleData>
		<SimpleData name="DSContArea">497934016.0</SimpleData>
		<SimpleData name="strmDrop">34.52</SimpleData>
		<SimpleData name="Slope">0.012778951605</SimpleData>
		<SimpleData name="StraightL">2492.9</SimpleData>
		<SimpleData name="USContArea">491851808.0</SimpleData>
		<SimpleData name="WSNO">222</SimpleData>
		<SimpleData name="DOUTEND">11446.9</SimpleData>
		<SimpleData name="DOUTSTART">14148.5</SimpleData>
		<SimpleData name="DOUTMID">12797.7</SimpleData>
	</SchemaData></ExtendedData>
      <LineString><coordinates>-111.665438964991,41.7667880307365,0 -111.665078062473,41.7667901205176,0 -111.664717159916,41.7667922091652,0 -111.664356257322,41.7667942966792,0 -111.663998140776,41.7670665759138,0 -111.664000926901,41.767336768755,0 -111.663642805852,41.7676090468892,0 -111.663284681774,41.7678813239162,0 -111.662926554668,41.7681535998359,0 -111.662568424533,41.7684258746484,0 -111.662207512626,41.7684279554787,0 -111.661849377911,41.7687002280699,0 -111.661491240167,41.7689724995537,0 -111.661133099396,41.7692447699302,0 -111.660774955595,41.7695170391993,0 -111.660414037441,41.7695191144396,0 -111.66005588906,41.7697913814871,0 -111.659697737651,41.7700636474271,0 -111.659339583213,41.7703359122596,0 -111.658981425746,41.7706081759845,0 -111.658623265251,41.7708804386019,0 -111.658265101726,41.7711527001116,0 -111.657906935173,41.7714249605137,0 -111.657909696163,41.7716951534813,0 -111.65791245719,41.771965346436,0 -111.657554284655,41.7722376057436,0 -111.657196109091,41.7725098639434,0 -111.656837930498,41.7727821210354,0 -111.656479748876,41.7730543770197,0 -111.656121564225,41.7733266318961,0 -111.655763376545,41.7735988856646,0 -111.655402435146,41.7736009453247,0 -111.655041493709,41.7736030038509,0 -111.654680552235,41.7736050612433,0 -111.654319610723,41.7736071175018,0 -111.653958669174,41.7736091726265,0 -111.653597727587,41.7736112266173,0 -111.653239527565,41.7738834725912,0 -111.652881324513,41.774155717457,0 -111.652523118432,41.7744279612147,0 -111.652525857118,41.7746981543316,0 -111.65252859584,41.7749683474355,0 -111.652170383776,41.775240590098,0 -111.651812168682,41.7755128316523,0 -111.651451216268,41.7755148789751,0 -111.651092996592,41.7757871183066,0 -111.650732042588,41.7757891633808,0 -111.650373818331,41.7760614004894,0 -111.650015591045,41.7763336364896,0 -111.649654633899,41.7763356782005,0 -111.649293676717,41.7763377187775,0 -111.648932719497,41.7763397582206,0 -111.648574484525,41.7766119897683,0 -111.648216246523,41.7768842202075,0 -111.647858005491,41.7771564495382,0 -111.647499761429,41.7774286777605,0 -111.647141514338,41.7777009048742,0 -111.646780549321,41.7777029376093,0 -111.646783264217,41.7779731308794,0 -111.646425011066,41.7782453557759,0 -111.646066754885,41.7785175795638,0 -111.645708495675,41.7787898022431,0 -111.645711206174,41.779059995519,0 -111.645352942456,41.7793322170957,0 -111.644994675707,41.7796044375638,0 -111.644636405928,41.779876656923,0 -111.644278133119,41.7801488751735,0 -111.64391985728,41.7804210923152,0 -111.643558876779,41.7804231150348,0 -111.643200596358,41.7806953299525,0 -111.642842312906,41.7809675437613,0 -111.642484026424,41.7812397564611,0</coordinates></LineString>
  </Placemark>
  <Placemark id="logannet3.119">
	<Style><LineStyle><color>ff0000ff</color></LineStyle><PolyStyle><fill>0</fill></PolyStyle></Style>
	<ExtendedData><SchemaData schemaUrl="#logannet3">
		<SimpleData name="LINKNO">207</SimpleData>
		<SimpleData name="DSLINKNO">222</SimpleData>
		<SimpleData name="USLINKNO1">200</SimpleData>
		<SimpleData name="USLINKNO2">5</SimpleData>
		<SimpleData name="DSNODEID">-1</SimpleData>
		<SimpleData name="strmOrder">4</SimpleData>
		<SimpleData name="Length">1448.5</SimpleData>
		<SimpleData name="Magnitude">56</SimpleData>
		<SimpleData name="DSContArea">426060896.0</SimpleData>
		<SimpleData name="strmDrop">14.56</SimpleData>
		<SimpleData name="Slope">0.010053729697</SimpleData>
		<SimpleData name="StraightL">1200.7</SimpleData>
		<SimpleData name="USContArea">424672192.0</SimpleData>
		<SimpleData name="WSNO">207</SimpleData>
		<SimpleData name="DOUTEND">14148.5</SimpleData>
		<SimpleData name="DOUTSTART">15597.1</SimpleData>
		<SimpleData name="DOUTMID">14872.8</SimpleData>
	</SchemaData></ExtendedData>
      <LineString><coordinates>-111.642484026424,41.7812397564611,0 -111.642125736912,41.781511968052,0 -111.641767444369,41.7817841785338,0 -111.641409148796,41.7820563879066,0 -111.641411841557,41.7823265812565,0 -111.641414534355,41.7825967745936,0 -111.64141722719,41.7828669679177,0 -111.641419920062,41.783137161229,0 -111.64142261297,41.7834073545274,0 -111.641425305916,41.7836775478129,0 -111.641427998898,41.7839477410854,0 -111.641430691917,41.7842179343451,0 -111.641433384973,41.7844881275919,0 -111.641436078066,41.7847583208258,0 -111.641438771195,41.7850285140468,0 -111.641802472359,41.7852966909978,0 -111.642166176554,41.7855648667636,0 -111.642529883779,41.7858330413442,0 -111.642532581603,41.7861032344565,0 -111.642896293412,41.7863714078198,0 -111.643260008252,41.7866395799977,0 -111.643623726124,41.7869077509903,0 -111.643987447026,41.7871759207974,0 -111.64435117096,41.7874440894191,0 -111.644712190787,41.7874420639347,0 -111.645075919231,41.7877102302174,0 -111.645439650706,41.7879783953146,0 -111.645803385213,41.7882465592262,0 -111.646167122751,41.7885147219522,0 -111.646530863321,41.7887828834925,0 -111.646894606922,41.7890510438472,0 -111.646897323377,41.7893212365756,0 -111.64653900814,41.7895934617352,0 -111.646541723154,41.789863654457,0 -111.646183403407,41.7901358785137,0 -111.646186116979,41.7904060712288,0 -111.646188830589,41.790676263931,0 -111.645830504852,41.7909484868912,0 -111.64583321702,41.7912186795868,0 -111.645835929225,41.7914888722694,0 -111.645838641467,41.7917590649392,0</coordinates></LineString>
  </Placemark>
  <Placemark id="logannet3.120">
	<Style><LineStyle><color>ff0000ff</color></LineStyle><PolyStyle><fill>0</fill></PolyStyle></Style>
	<ExtendedData><SchemaData schemaUrl="#logannet3">
		<SimpleData name="LINKNO">215</SimpleData>
		<SimpleData name="DSLINKNO">222</SimpleData>
		<SimpleData name="USLINKNO1">208</SimpleData>
		<SimpleData name="USLINKNO2">117</SimpleData>
		<SimpleData name="DSNODEID">-1</SimpleData>
		<SimpleData name="strmOrder">3</SimpleData>
		<SimpleData name="Length">2113.7</SimpleData>
		<SimpleData name="Magnitude">11</SimpleData>
		<SimpleData name="DSContArea">65782800.0</SimpleData>
		<SimpleData name="strmDrop">67.76</SimpleData>
		<SimpleData name="Slope">0.032056349009</SimpleData>
		<SimpleData name="StraightL">1928.7</SimpleData>
		<SimpleData name="USContArea">63090000.0</SimpleData>
		<SimpleData name="WSNO">215</SimpleData>
		<SimpleData name="DOUTEND">14148.5</SimpleData>
		<SimpleData name="DOUTSTART">16262.2</SimpleData>
		<SimpleData name="DOUTMID">15205.4</SimpleData>
	</SchemaData></ExtendedData>
      <LineString><coordinates>-111.642484026424,41.7812397564611,0 -111.642123041231,41.7812417747014,0 -111.641762056,41.7812437918075,0 -111.641401070733,41.7812458077794,0 -111.64103739433,41.7809776291967,0 -111.640676410504,41.7809796428813,0 -111.640315426642,41.7809816554318,0 -111.639954442742,41.7809836668481,0 -111.639593458806,41.7809856771303,0 -111.639229791347,41.7807174927501,0 -111.638868808853,41.780719500745,0 -111.638505145903,41.7804513140269,0 -111.63814416485,41.7804533197346,0 -111.637783183761,41.7804553243083,0 -111.637422202636,41.7804573277477,0 -111.637061221473,41.7804593300531,0 -111.636700240274,41.7804613312244,0 -111.636339259039,41.7804633312615,0 -111.635978277767,41.7804653301644,0 -111.635614628197,41.7801971341904,0 -111.635253648367,41.7801991308063,0 -111.634890003306,41.7799309324947,0 -111.634529024918,41.7799329268235,0 -111.634168046494,41.7799349200182,0 -111.633807068034,41.7799369120788,0 -111.633446089537,41.7799389030053,0 -111.633085111004,41.7799408927977,0 -111.632724132434,41.779942881456,0 -111.632363153829,41.7799448689801,0 -111.631999522148,41.7796766614138,0 -111.631638544985,41.779678646651,0 -111.631277567786,41.7796806307541,0 -111.63091659055,41.7796826137231,0 -111.630555613278,41.779684595558,0 -111.63019463597,41.7796865762588,0 -111.629831014714,41.7794183617441,0 -111.629470038848,41.779420340158,0 -111.629109062947,41.7794223174378,0 -111.628748087009,41.7794242935836,0 -111.628387111035,41.7794262685952,0 -111.628026135025,41.7794282424728,0 -111.627665158979,41.7794302152162,0 -111.627304182898,41.7794321868256,0 -111.626940575025,41.7791639630576,0 -111.626579600386,41.7791659323802,0 -111.626218625711,41.7791679005687,0 -111.625857651,41.7791698676231,0 -111.625499301948,41.7794420278609,0 -111.625138325651,41.7794439926657,0 -111.624777349317,41.7794459563364,0 -111.624416372948,41.7794479188729,0 -111.624055396542,41.7794498802754,0 -111.623691801982,41.7791816461338,0 -111.62333082702,41.7791836052496,0 -111.622967236969,41.7789153687715,0 -111.622603649948,41.7786471311095,0 -111.622240065957,41.7783788922637,0 -111.621876484996,41.7781106522341,0 -111.621515515915,41.7781126056058,0 -111.621151939463,41.7778443632399,0 -111.621149332163,41.7775741686236,0 -111.620785760292,41.7773059250427,0 -111.62042219145,41.7770376802782,0 -111.620058625638,41.77676943433,0</coordinates></LineString>
  </Placemark>
  <Placemark id="logannet3.121">
	<Style><LineStyle><color>ff0000ff</color></LineStyle><PolyStyle><fill>0</fill></PolyStyle></Style>
	<ExtendedData><SchemaData schemaUrl="#logannet3">
		<SimpleData name="LINKNO">208</SimpleData>
		<SimpleData name="DSLINKNO">215</SimpleData>
		<SimpleData name="USLINKNO1">201</SimpleData>
		<SimpleData name="USLINKNO2">88</SimpleData>
		<SimpleData name="DSNODEID">-1</SimpleData>
		<SimpleData name="strmOrder">3</SimpleData>
		<SimpleData name="Length">791.5</SimpleData>
		<SimpleData name="Magnitude">10</SimpleData>
		<SimpleData name="DSContArea">50735700.0</SimpleData>
		<SimpleData name="strmDrop">20.97</SimpleData>
		<SimpleData name="Slope">0.026498527280</SimpleData>
		<SimpleData name="StraightL">664.1</SimpleData>
		<SimpleData name="USContArea">50334300.0</SimpleData>
		<SimpleData name="WSNO">208</SimpleData>
		<SimpleData name="DOUTEND">16262.2</SimpleData>
		<SimpleData name="DOUTSTART">17053.8</SimpleData>
		<SimpleData name="DOUTMID">16658.0</SimpleData>
	</SchemaData></ExtendedData>
      <LineString><coordinates>-111.620058625638,41.77676943433,0 -111.619695062856,41.7765011871981,0 -111.619331503104,41.7762329388828,0 -111.618967946381,41.7759646893838,0 -111.618604392688,41.7756964387013,0 -111.618240842024,41.7754281868354,0 -111.61787729439,41.7751599337859,0 -111.617513749785,41.7748916795531,0 -111.61715020821,41.7746234241369,0 -111.616786669664,41.7743551675373,0 -111.616423134148,41.7740869097543,0 -111.616062187257,41.7740888458414,0 -111.61570124033,41.7740907807946,0 -111.615340293368,41.7740927146139,0 -111.614979346371,41.7740946472993,0 -111.614618399339,41.7740965788508,0 -111.614257452271,41.7740985092684,0 -111.613896505168,41.7741004385521,0 -111.613538133059,41.7743725618698,0 -111.613177184371,41.7743744889039,0 -111.612818807682,41.7746466099955,0 -111.612460427964,41.7749187299765,0</coordinates></LineString>
  </Placemark>
  <Placemark id="logannet3.122">
	<Style><LineStyle><color>ff0000ff</color></LineStyle><PolyStyle><fill>0</fill></PolyStyle></Style>
	<ExtendedData><SchemaData schemaUrl="#logannet3">
		<SimpleData name="LINKNO">201</SimpleData>
		<SimpleData name="DSLINKNO">208</SimpleData>
		<SimpleData name="USLINKNO1">194</SimpleData>
		<SimpleData name="USLINKNO2">12</SimpleData>
		<SimpleData name="DSNODEID">-1</SimpleData>
		<SimpleData name="strmOrder">3</SimpleData>
		<SimpleData name="Length">379.7</SimpleData>
		<SimpleData name="Magnitude">9</SimpleData>
		<SimpleData name="DSContArea">44369100.0</SimpleData>
		<SimpleData name="strmDrop">2.55</SimpleData>
		<SimpleData name="Slope">0.006722930055</SimpleData>
		<SimpleData name="StraightL">351.1</SimpleData>
		<SimpleData name="USContArea">43945200.0</SimpleData>
		<SimpleData name="WSNO">201</SimpleData>
		<SimpleData name="DOUTEND">17053.8</SimpleData>
		<SimpleData name="DOUTSTART">17433.5</SimpleData>
		<SimpleData name="DOUTMID">17243.6</SimpleData>
	</SchemaData></ExtendedData>
      <LineString><coordinates>-111.612460427964,41.7749187299765,0 -111.612099476141,41.7749206536451,0 -111.611738524283,41.7749225761799,0 -111.61137757239,41.7749244975807,0 -111.611016620461,41.7749264178475,0 -111.610653105517,41.7746581416933,0 -111.610289593601,41.774389864356,0 -111.609926084716,41.7741215858358,0 -111.609565137191,41.7741235015128,0 -111.609204189632,41.7741254160558,0 -111.608840686735,41.7738571340489,0 -111.60847974062,41.7738590463061,0</coordinates></LineString>
  </Placemark>
  <Placemark id="logannet3.123">
	<Style><LineStyle><color>ff0000ff</color></LineStyle><PolyStyle><fill>0</fill></PolyStyle></Style>
	<ExtendedData><SchemaData schemaUrl="#logannet3">
		<SimpleData name="LINKNO">194</SimpleData>
		<SimpleData name="DSLINKNO">201</SimpleData>
		<SimpleData name="USLINKNO1">180</SimpleData>
		<SimpleData name="USLINKNO2">187</SimpleData>
		<SimpleData name="DSNODEID">-1</SimpleData>
		<SimpleData name="strmOrder">3</SimpleData>
		<SimpleData name="Length">639.4</SimpleData>
		<SimpleData name="Magnitude">8</SimpleData>
		<SimpleData name="DSContArea">41348700.0</SimpleData>
		<SimpleData name="strmDrop">30.68</SimpleData>
		<SimpleData name="Slope">0.047988786675</SimpleData>
		<SimpleData name="StraightL">590.9</SimpleData>
		<SimpleData name="USContArea">40343400.0</SimpleData>
		<SimpleData name="WSNO">194</SimpleData>
		<SimpleData name="DOUTEND">17433.5</SimpleData>
		<SimpleData name="DOUTSTART">18072.9</SimpleData>
		<SimpleData name="DOUTMID">17753.2</SimpleData>
	</SchemaData></ExtendedData>
      <LineString><coordinates>-111.60847974062,41.7738590463061,0 -111.608118794471,41.7738609574294,0 -111.607757848287,41.7738628674189,0 -111.607394352858,41.7735945807733,0 -111.607030860459,41.7733262929451,0 -111.606667371089,41.7730580039341,0 -111.606306429309,41.7730599093341,0 -111.605942944448,41.7727916179886,0 -111.605582004113,41.772793521103,0 -111.605221063743,41.7727954230834,0 -111.604860123339,41.7727973239301,0 -111.6044991829,41.7727992236429,0 -111.604135706987,41.7725309265077,0 -111.603774767994,41.7725328239349,0 -111.60341129659,41.7722645244655,0 -111.603050359042,41.7722664196071,0 -111.602686892147,41.7719981178036,0 -111.602325956044,41.7720000106597,0 -111.601962493658,41.7717317065222,0</coordinates></LineString>
  </Placemark>
  <Placemark id="logannet3.124">
	<Style><LineStyle><color>ff0000ff</color></LineStyle><PolyStyle><fill>0</fill></PolyStyle></Style>
	<ExtendedData><SchemaData schemaUrl="#logannet3">
		<SimpleData name="LINKNO">187</SimpleData>
		<SimpleData name="DSLINKNO">194</SimpleData>
		<SimpleData name="USLINKNO1">173</SimpleData>
		<SimpleData name="USLINKNO2">81</SimpleData>
		<SimpleData name="DSNODEID">-1</SimpleData>
		<SimpleData name="strmOrder">2</SimpleData>
		<SimpleData name="Length">1131.8</SimpleData>
		<SimpleData name="Magnitude">6</SimpleData>
		<SimpleData name="DSContArea">27412200.0</SimpleData>
		<SimpleData name="strmDrop">43.83</SimpleData>
		<SimpleData name="Slope">0.038722654553</SimpleData>
		<SimpleData name="StraightL">1041.4</SimpleData>
		<SimpleData name="USContArea">26508600.0</SimpleData>
		<SimpleData name="WSNO">187</SimpleData>
		<SimpleData name="DOUTEND">18072.9</SimpleData>
		<SimpleData name="DOUTSTART">19204.7</SimpleData>
		<SimpleData name="DOUTMID">18638.8</SimpleData>
	</SchemaData></ExtendedData>
      <LineString><coordinates>-111.601962493658,41.7717317065222,0 -111.601601559,41.7717335970928,0 -111.601240624308,41.7717354865297,0 -111.600877167912,41.7714671789065,0 -111.600516234665,41.771469066058,0 -111.600155301383,41.7714709520756,0 -111.599794368068,41.7714728369595,0 -111.599433434718,41.7714747207095,0 -111.599072501333,41.7714766033258,0 -111.598714080497,41.7717486808411,0 -111.598355656632,41.7720207572452,0 -111.597997229738,41.772292832538,0 -111.597638799815,41.7725649067195,0 -111.597277860201,41.7725667837376,0 -111.596916920553,41.7725686596217,0 -111.59655598087,41.7725705343721,0 -111.596195041153,41.7725724079886,0 -111.595834101402,41.7725742804713,0 -111.595473161616,41.7725761518201,0 -111.595112221797,41.772578022035,0 -111.594753778003,41.7728500872919,0 -111.59439533118,41.7731221514373,0 -111.594034388229,41.773124018286,0 -111.593673445244,41.7731258840007,0 -111.593312502224,41.7731277485816,0 -111.592954047726,41.7733998082666,0 -111.592593103124,41.7734016705973,0 -111.592232158488,41.7734035317941,0 -111.591871213818,41.7734053918571,0 -111.591510269114,41.7734072507862,0 -111.591149324377,41.7734091085813,0 -111.590788379605,41.7734109652426,0 -111.590427434799,41.7734128207701,0 -111.590068966431,41.7736848715289,0 -111.589708020043,41.773686724806,0</coordinates></LineString>
  </Placemark>
  <Placemark id="logannet3.125">
	<Style><LineStyle><color>ff0000ff</color></LineStyle><PolyStyle><fill>0</fill></PolyStyle></Style>
	<ExtendedData><SchemaData schemaUrl="#logannet3">
		<SimpleData name="LINKNO">130</SimpleData>
		<SimpleData name="DSLINKNO">-1</SimpleData>
		<SimpleData name="USLINKNO1">32</SimpleData>
		<SimpleData name="USLINKNO2">18</SimpleData>
		<SimpleData name="DSNODEID">-1</SimpleData>
		<SimpleData name="strmOrder">2</SimpleData>
		<SimpleData name="Length">7764.7</SimpleData>
		<SimpleData name="Magnitude">2</SimpleData>
		<SimpleData name="DSContArea">32955300.0</SimpleData>
		<SimpleData name="strmDrop">370.46</SimpleData>
		<SimpleData name="Slope">0.047711047994</SimpleData>
		<SimpleData name="StraightL">6348.7</SimpleData>
		<SimpleData name="USContArea">19266300.0</SimpleData>
		<SimpleData name="WSNO">130</SimpleData>
		<SimpleData name="DOUTEND">0.0</SimpleData>
		<SimpleData name="DOUTSTART">7764.7</SimpleData>
		<SimpleData name="DOUTMID">3882.3</SimpleData>
	</SchemaData></ExtendedData>
      <LineString><coordinates>-111.789623470432,41.768973920666,0 -111.789262565613,41.7689764006311,0 -111.788901660749,41.7689788794627,0 -111.78854075584,41.7689813571608,0 -111.788176543549,41.7687136483986,0 -111.787812334286,41.7684459384431,0 -111.787448128051,41.7681782272945,0 -111.787083924844,41.7679105149528,0 -111.786723025765,41.7679129868898,0 -111.78636212664,41.7679154576933,0 -111.786001227471,41.7679179273633,0 -111.785637031698,41.767650210358,0 -111.785276133953,41.7676526777377,0 -111.784915236162,41.7676551439838,0 -111.784554338326,41.7676576090964,0 -111.784193440445,41.7676600730756,0 -111.783832542519,41.7676625359212,0 -111.783471644549,41.7676649976333,0 -111.783110746533,41.7676674582119,0 -111.782749848473,41.7676699176569,0 -111.782388950367,41.7676723759685,0 -111.782031333635,41.7679450189204,0 -111.781670433926,41.7679474749881,0 -111.781309534172,41.7679499299222,0 -111.780945357496,41.7676821978796,0 -111.780584459167,41.7676846505235,0 -111.780223560792,41.767687102034,0 -111.779862662373,41.7676895524109,0 -111.779501763909,41.7676920016544,0 -111.7791408654,41.7676944497643,0 -111.778779966847,41.7676968967407,0 -111.778419068249,41.7676993425836,0 -111.778058169606,41.7677017872929,0 -111.777697270919,41.7677042308687,0 -111.777336372187,41.7677066733111,0 -111.77697547341,41.7677091146199,0 -111.776617833298,41.7679817409152,0 -111.776256932918,41.76798417998,0 -111.775896032494,41.7679866179112,0 -111.775535132025,41.7679890547089,0 -111.77517748421,41.7682616765721,0 -111.774816582138,41.7682641111257,0 -111.774455680022,41.7682665445457,0 -111.774094777861,41.7682689768322,0 -111.773733875656,41.7682714079852,0 -111.773376218579,41.7685440243053,0 -111.773018558473,41.7688166395248,0 -111.772657653107,41.7688190673229,0 -111.772299988415,41.769091680331,0 -111.771939081446,41.7690941058848,0 -111.771578174433,41.769096530305,0 -111.771217267375,41.7690989535917,0 -111.770856360274,41.7691013757448,0 -111.770495453128,41.7691037967643,0 -111.770134545938,41.7691062166502,0 -111.769773638704,41.7691086354025,0 -111.769412731425,41.7691110530213,0 -111.769051824103,41.7691134695065,0 -111.768690916736,41.7691158848581,0 -111.768333233433,41.7693884856576,0 -111.767975547101,41.7696610853562,0 -111.767614636574,41.7696634973525,0 -111.767253726003,41.7696659082152,0 -111.766892815388,41.7696683179443,0 -111.766531904729,41.7696707265398,0 -111.766170994026,41.7696731340017,0 -111.765810083279,41.76967554033,0 -111.76545238457,41.7699481322621,0 -111.765091472221,41.7699505363458,0 -111.764730559828,41.769952939296,0 -111.764369647391,41.7699553411125,0 -111.764008734911,41.7699577417954,0 -111.763647822386,41.7699601413446,0 -111.763286909818,41.7699625397603,0 -111.762925997205,41.7699649370423,0 -111.76256508455,41.7699673331907,0 -111.76220417185,41.7699697282055,0 -111.761843259106,41.7699721220867,0 -111.761482346319,41.7699745148342,0 -111.761121433489,41.7699769064481,0 -111.760760520614,41.7699792969284,0 -111.760399607696,41.7699816862751,0 -111.760038694734,41.7699840744881,0 -111.759677781729,41.7699864615675,0 -111.75931686868,41.7699888475133,0 -111.758955955587,41.7699912323255,0 -111.758598225809,41.7702638031573,0 -111.758240493002,41.7705363728875,0 -111.75787957675,41.7705387543437,0 -111.757518660455,41.7705411346663,0 -111.757157744117,41.7705435138552,0 -111.756796827735,41.7705458919104,0 -111.75643591131,41.770548268832,0 -111.756074994841,41.77055064462,0 -111.755714078329,41.7705530192743,0 -111.755353161774,41.770555392795,0 -111.754992245175,41.770557765182,0 -111.754631328533,41.7705601364353,0 -111.754270411848,41.770562506555,0 -111.753909495119,41.7705648755411,0 -111.753551740592,41.7708374308344,0 -111.753190822263,41.7708397975755,0 -111.752833063151,41.7711123506554,0 -111.752472143221,41.7711147151515,0 -111.752111223247,41.7711170785138,0 -111.752114379522,41.771387266018,0 -111.751753457991,41.771389628269,0 -111.751392536418,41.7713919893862,0 -111.751031614801,41.7713943493698,0 -111.750670693141,41.7713967082197,0 -111.750309771438,41.7713990659359,0 -111.749948849692,41.7714014225184,0 -111.749587927903,41.7714037779672,0 -111.749227006071,41.7714061322824,0 -111.74886294155,41.7711382977595,0 -111.748502021146,41.7711406497851,0 -111.748141100699,41.771143000677,0 -111.74778018021,41.7711453504352,0 -111.747419259677,41.7711476990598,0 -111.747058339102,41.7711500465506,0 -111.746697418483,41.7711523929078,0 -111.746336497822,41.7711547381313,0 -111.745975577118,41.7711570822211,0 -111.745614656372,41.7711594251772,0 -111.745253735582,41.7711617669997,0 -111.74489281475,41.7711641076885,0 -111.744531893875,41.7711664472435,0 -111.744170972957,41.7711687856649,0 -111.743813173443,41.7714413109664,0 -111.7434553709,41.7717138351654,0 -111.743094446826,41.7717161702297,0 -111.742736639697,41.7719886922144,0 -111.742375714023,41.7719910250333,0 -111.742014788307,41.7719933567186,0 -111.741653862548,41.7719956872701,0 -111.741292936746,41.7719980166879,0 -111.740935120361,41.7722705331229,0 -111.74057419296,41.7722728602952,0 -111.740213265517,41.7722751863338,0 -111.739852338031,41.7722775112386,0 -111.739491410502,41.7722798350097,0 -111.739130482931,41.7722821576471,0 -111.738769555318,41.7722844791507,0 -111.738408627662,41.7722867995206,0 -111.738050797351,41.77255930707,0 -111.737692964011,41.7728318135164,0 -111.737335127642,41.7731043188598,0 -111.736974195274,41.7731066347603,0 -111.736616354319,41.7733791378888,0 -111.736255420352,41.7733814515435,0 -111.735897574812,41.773653952457,0 -111.735536639246,41.773656263866,0 -111.73517878912,41.7739287625642,0 -111.734820935965,41.7742012601593,0 -111.734463079782,41.7744737566512,0 -111.734105220569,41.7747462520398,0 -111.733747358327,41.7750187463251,0 -111.733389493056,41.7752912395072,0 -111.733031624755,41.7755637315858,0 -111.732673753426,41.7758362225612,0 -111.732312805364,41.7758385239396,0 -111.731954929448,41.7761110126993,0 -111.731597050503,41.7763835003556,0 -111.731239168529,41.7766559869084,0 -111.731242237814,41.776926175428,0 -111.731245307141,41.7771963639347,0 -111.73124837651,41.7774665524285,0 -111.73125144592,41.7777367409094,0 -111.731254515373,41.7780069293773,0 -111.731257584868,41.7782771178323,0 -111.731260654404,41.7785473062743,0 -111.731263723983,41.7788174947034,0 -111.731266793604,41.7790876831196,0 -111.730908895344,41.7793601686473,0 -111.730550994055,41.7796326530714,0 -111.730193089736,41.7799051363918,0 -111.729835182386,41.7801776186085,0 -111.729477272007,41.7804500997214,0 -111.729119358598,41.7807225797306,0 -111.728761442159,41.780995058636,0 -111.728400464854,41.7809973479518,0 -111.728039487507,41.7809996361336,0 -111.727681564924,41.7812721117101,0 -111.72732363931,41.7815445861827,0 -111.726965710667,41.7818170595513,0 -111.726607778994,41.782089531816,0 -111.72624984429,41.7823620029766,0 -111.725891906555,41.7826344730332,0 -111.725533965791,41.7829069419857,0 -111.725537011798,41.7831771305531,0 -111.725179066529,41.7834495984101,0 -111.725182111104,41.7837197869732,0 -111.725185155721,41.7839899755233,0 -111.725188200379,41.7842601640604,0 -111.725191245079,41.7845303525847,0 -111.725194289821,41.784800541096,0 -111.725558335013,41.7850684501629,0 -111.725922383236,41.7853363580397,0 -111.725925431133,41.7856065464692,0 -111.725928479072,41.7858767348858,0 -111.725931527052,41.7861469232895,0 -111.725934575074,41.7864171116802,0 -111.726298632557,41.786685018229,0 -111.726301682178,41.7869552065723,0 -111.72630473184,41.7872253949027,0 -111.72594676758,41.7874978651137,0 -111.725949815811,41.7877680534398,0 -111.725952864083,41.7880382417529,0 -111.725594893844,41.7883107108768,0 -111.725236920574,41.7885831788964,0 -111.724878944272,41.7888556458116,0 -111.724881988164,41.7891258341375,0 -111.724885032098,41.7893960224504,0 -111.724527049816,41.7896684882783,0 -111.724169064504,41.7899409530018,0 -111.72381107616,41.7902134166209,0 -111.723453084784,41.7904858791354,0 -111.723095090377,41.7907583405454,0 -111.72273405785,41.7907606124869,0 -111.722737092938,41.7910308008509,0 -111.722379092468,41.7913032600517,0 -111.722382126123,41.7915734484113,0 -111.72238515982,41.7918436367579,0 -111.722027153369,41.7921160948711,0 -111.721669143887,41.7923885518796,0 -111.721311131372,41.7926610077834,0 -111.721314160687,41.7929311961425,0 -111.720956143666,41.79320365095,0 -111.720595097247,41.7932059162768,0 -111.720598123613,41.7934761046527,0</coordinates></LineString>
  </Placemark>
  <Placemark id="logannet3.126">
	<Style><LineStyle><color>ff0000ff</color></LineStyle><PolyStyle><fill>0</fill></PolyStyle></Style>
	<ExtendedData><SchemaData schemaUrl="#logannet3">
		<SimpleData name="LINKNO">81</SimpleData>
		<SimpleData name="DSLINKNO">187</SimpleData>
		<SimpleData name="USLINKNO1">-1</SimpleData>
		<SimpleData name="USLINKNO2">-1</SimpleData>
		<SimpleData name="DSNODEID">-1</SimpleData>
		<SimpleData name="strmOrder">1</SimpleData>
		<SimpleData name="Length">3243.7</SimpleData>
		<SimpleData name="Magnitude">1</SimpleData>
		<SimpleData name="DSContArea">5751000.0</SimpleData>
		<SimpleData name="strmDrop">212.24</SimpleData>
		<SimpleData name="Slope">0.065430016475</SimpleData>
		<SimpleData name="StraightL">2904.9</SimpleData>
		<SimpleData name="USContArea">2304900.0</SimpleData>
		<SimpleData name="WSNO">81</SimpleData>
		<SimpleData name="DOUTEND">19204.7</SimpleData>
		<SimpleData name="DOUTSTART">22448.4</SimpleData>
		<SimpleData name="DOUTMID">20826.6</SimpleData>
	</SchemaData></ExtendedData>
      <LineString><coordinates>-111.589708020043,41.773686724806,0 -111.589349547098,41.7739587733366,0 -111.588991071123,41.7742308207553,0 -111.588632592119,41.7745028670622,0 -111.588635062668,41.7747730634458,0 -111.588276579153,41.7750451086453,0 -111.588279048254,41.7753153050207,0 -111.587920560229,41.7755873491127,0 -111.587923027883,41.7758575454797,0 -111.587564535347,41.7761295884643,0 -111.587567001554,41.776399784823,0 -111.587208504507,41.7766718267001,0 -111.586850004431,41.7769438674651,0 -111.586491501324,41.7772159071179,0 -111.586493963121,41.7774861034773,0 -111.586135455503,41.7777581420225,0 -111.585776944856,41.7780301794555,0 -111.585779403724,41.778300375811,0 -111.585420888565,41.7785724121362,0 -111.585062370376,41.7788444473492,0 -111.584703849157,41.7791164814499,0 -111.584345324908,41.7793885144382,0 -111.584347777883,41.7796587107987,0 -111.583989249122,41.7799307426791,0 -111.583630717331,41.7802027734471,0 -111.583633167376,41.7804729698035,0 -111.583635617455,41.7807431661471,0 -111.58327707967,41.7810151958115,0 -111.583279528301,41.7812853921466,0 -111.582920986004,41.7815574207029,0 -111.582923433186,41.7818276170296,0 -111.582564886377,41.7820996444777,0 -111.582206336536,41.7823716708133,0 -111.581847783665,41.7826436960362,0 -111.581486786509,41.7826455238023,0 -111.581128229058,41.7829175467956,0 -111.58076723032,41.7829193723104,0 -111.580406231548,41.7829211966909,0 -111.580047667969,41.7831932163374,0 -111.57968910136,41.783465234871,0 -111.579328099457,41.7834670558831,0 -111.578967097521,41.7834688757609,0 -111.578606095552,41.7834706945044,0 -111.578242665866,41.7832023156405,0 -111.577881665346,41.7832041320983,0 -111.577523089445,41.7834761439292,0 -111.577164510513,41.7837481546471,0 -111.57680592855,41.784020164252,0 -111.576444923351,41.784021976224,0 -111.576086336808,41.7842939835987,0 -111.575727747235,41.7845659898603,0 -111.57536915463,41.7848379950089,0 -111.575371570388,41.7851081915415,0 -111.57501297327,41.7853801955811,0 -111.574654373121,41.7856521985076,0 -111.57429576994,41.7859242003209,0 -111.574298181284,41.7861943968531,0 -111.573937163729,41.7861962010209,0 -111.573939573589,41.7864663975573,0 -111.573941983483,41.7867365940808,0 -111.573944393409,41.7870067905914,0 -111.573585779718,41.7872787901906,0 -111.573588188195,41.7875489866925,0 -111.573229569989,41.7878209851825,0 -111.572870948752,41.7880929825592,0 -111.572873354296,41.7883631790564,0 -111.572875759873,41.7886333755408,0 -111.572878165483,41.7889035720124,0 -111.572880571125,41.789173768471,0 -111.572521940925,41.7894457647507,0 -111.572524345117,41.7897159612006,0 -111.572165710402,41.7899879563709,0 -111.572168113144,41.790258152812,0 -111.571809473914,41.7905301468729,0 -111.571811875206,41.7908003433053,0 -111.571453231461,41.7910723362567,0 -111.571094584684,41.7913443280945,0 -111.571096983042,41.7916145245221,0 -111.57073833175,41.7918865152503,0 -111.570379677425,41.7921585048649,0 -111.570021020069,41.7924304933657,0 -111.57002341401,41.7927006897926,0 -111.569664752137,41.7929726771837,0 -111.569306087233,41.7932446634611,0 -111.56930847824,41.7935148598831,0 -111.568949808819,41.7937868450507,0 -111.568591136366,41.7940588291044,0 -111.56823246088,41.7943308120443,0</coordinates></LineString>
  </Placemark>
  <Placemark id="logannet3.127">
	<Style><LineStyle><color>ff0000ff</color></LineStyle><PolyStyle><fill>0</fill></PolyStyle></Style>
	<ExtendedData><SchemaData schemaUrl="#logannet3">
		<SimpleData name="LINKNO">88</SimpleData>
		<SimpleData name="DSLINKNO">208</SimpleData>
		<SimpleData name="USLINKNO1">-1</SimpleData>
		<SimpleData name="USLINKNO2">-1</SimpleData>
		<SimpleData name="DSNODEID">-1</SimpleData>
		<SimpleData name="strmOrder">1</SimpleData>
		<SimpleData name="Length">2475.8</SimpleData>
		<SimpleData name="Magnitude">1</SimpleData>
		<SimpleData name="DSContArea">5959800.0</SimpleData>
		<SimpleData name="strmDrop">190.92</SimpleData>
		<SimpleData name="Slope">0.077112777461</SimpleData>
		<SimpleData name="StraightL">2047.9</SimpleData>
		<SimpleData name="USContArea">2286000.0</SimpleData>
		<SimpleData name="WSNO">88</SimpleData>
		<SimpleData name="DOUTEND">17053.8</SimpleData>
		<SimpleData name="DOUTSTART">19529.6</SimpleData>
		<SimpleData name="DOUTMID">18291.7</SimpleData>
	</SchemaData></ExtendedData>
      <LineString><coordinates>-111.612460427964,41.7749187299765,0 -111.612102045216,41.775190848847,0 -111.612462998554,41.7751889251602,0 -111.612465569179,41.7754591203311,0 -111.612468139839,41.7757293154891,0 -111.612831668382,41.775997585759,0 -111.613195199954,41.7762658548457,0 -111.613197773749,41.7765360499288,0 -111.613561309901,41.7768043178013,0 -111.613563885282,41.7770745128404,0 -111.613927426013,41.7773427794986,0 -111.614290969775,41.7776110449735,0 -111.614293548291,41.7778812399376,0 -111.614296126843,41.7781514348887,0 -111.614298705429,41.7784216298271,0 -111.614301284051,41.7786918247525,0 -111.614303862709,41.778962019665,0 -111.614306441401,41.7792322145647,0 -111.614309020129,41.7795024094514,0 -111.614311598892,41.7797726043253,0 -111.61431417769,41.7800427991863,0 -111.614316756524,41.7803129940345,0 -111.613958351932,41.78058511859,0 -111.613960929321,41.7808553134306,0 -111.613963506745,41.7811255082583,0 -111.613966084205,41.7813957030731,0 -111.613968661699,41.781665897875,0 -111.613971239229,41.781936092664,0 -111.613973816795,41.7822062874402,0 -111.613615400292,41.7824784109169,0 -111.613256980759,41.7827505332829,0 -111.6132595554,41.7830207280568,0 -111.613262130075,41.7832909228177,0 -111.613264704786,41.7835611175658,0 -111.613267279531,41.7838313123011,0 -111.612908851047,41.7841034335774,0 -111.612547847747,41.7841053589971,0 -111.612189414681,41.7843774780464,0 -111.612191984986,41.7846476727975,0 -111.611833547409,41.7849197907411,0 -111.611475106801,41.7851919075739,0 -111.61147767418,41.7854621023225,0 -111.611116663162,41.7854640232956,0 -111.611119229061,41.7857342180495,0 -111.611121794995,41.7860044127905,0 -111.611124360964,41.7862746075186,0 -111.611126926969,41.7865448022338,0 -111.611129493008,41.7868149969362,0 -111.611132059082,41.7870851916256,0 -111.611134625192,41.7873553863022,0 -111.611137191337,41.7876255809659,0 -111.611139757516,41.7878957756167,0 -111.611500782176,41.7878938544806,0 -111.611864376046,41.7881621268118,0 -111.612227972948,41.7884303979594,0 -111.612591572881,41.7886986679233,0 -111.61223054378,41.7887005925172,0 -111.612233114648,41.7889707870621,0 -111.61223568555,41.7892409815941,0 -111.612238256488,41.7895111761133,0 -111.612240827461,41.7897813706196,0 -111.612243398469,41.790051565113,0 -111.612245969512,41.7903217595935,0 -111.612609580303,41.7905900293402,0 -111.612973194125,41.7908582979032,0 -111.612975768306,41.7911284923088,0 -111.612978342522,41.7913986867015,0 -111.612980916773,41.7916688810813,0 -111.612983491059,41.7919390754482,0 -111.613347114118,41.7922073427033,0 -111.61371074021,41.7924756087745,0 -111.614074369333,41.7927438736618,0 -111.614438001489,41.7930121373652,0 -111.614801636676,41.7932803998847,0</coordinates></LineString>
  </Placemark>
  <Placemark id="logannet3.128">
	<Style><LineStyle><color>ff0000ff</color></LineStyle><PolyStyle><fill>0</fill></PolyStyle></Style>
	<ExtendedData><SchemaData schemaUrl="#logannet3">
		<SimpleData name="LINKNO">180</SimpleData>
		<SimpleData name="DSLINKNO">194</SimpleData>
		<SimpleData name="USLINKNO1">68</SimpleData>
		<SimpleData name="USLINKNO2">103</SimpleData>
		<SimpleData name="DSNODEID">-1</SimpleData>
		<SimpleData name="strmOrder">2</SimpleData>
		<SimpleData name="Length">1354.3</SimpleData>
		<SimpleData name="Magnitude">2</SimpleData>
		<SimpleData name="DSContArea">12920400.0</SimpleData>
		<SimpleData name="strmDrop">90.20</SimpleData>
		<SimpleData name="Slope">0.066605485665</SimpleData>
		<SimpleData name="StraightL">1230.0</SimpleData>
		<SimpleData name="USContArea">11847600.0</SimpleData>
		<SimpleData name="WSNO">180</SimpleData>
		<SimpleData name="DOUTEND">18072.9</SimpleData>
		<SimpleData name="DOUTSTART">19427.1</SimpleData>
		<SimpleData name="DOUTMID">18750.0</SimpleData>
	</SchemaData></ExtendedData>
      <LineString><coordinates>-111.601962493658,41.7717317065222,0 -111.601959967445,41.7714615106494,0 -111.601957441266,41.7711913147637,0 -111.602315845202,41.7709192272142,0 -111.602313317578,41.7706490313206,0 -111.602310789988,41.7703788354141,0 -111.601947336896,41.7701105310923,0 -111.60194481089,41.7698403351422,0 -111.601942284919,41.7695701391793,0 -111.601939758982,41.7692999432035,0 -111.601937233079,41.7690297472148,0 -111.601573789212,41.7687614415879,0 -111.601571264893,41.7684912455556,0 -111.601568740608,41.7682210495105,0 -111.601566216358,41.7679508534525,0 -111.601563692142,41.7676806573816,0 -111.601200257498,41.7674123504497,0 -111.601197734866,41.7671421543352,0 -111.601195212268,41.7668719582079,0 -111.601192689704,41.7666017620677,0 -111.601190167175,41.7663315659147,0 -111.600826741754,41.7660632576779,0 -111.600463319361,41.7657949482591,0 -111.600460799963,41.7655247520318,0 -111.6004582806,41.7652545557916,0 -111.600455761272,41.7649843595386,0 -111.600453241977,41.7647141632727,0 -111.600450722718,41.7644439669939,0 -111.600087311095,41.7641756562398,0 -111.600084793418,41.7639054599174,0 -111.599723902499,41.7639073443037,0 -111.599721386371,41.7636371479507,0 -111.599357982352,41.7633688348022,0 -111.599355467806,41.7630986384057,0 -111.598992068362,41.7628303240446,0 -111.598628671947,41.7625620085018,0 -111.598626160532,41.7622918120312,0 -111.598623649151,41.7620216155477,0 -111.598621137804,41.7617514190514,0 -111.598618626492,41.7614812225422,0 -111.598616115214,41.7612110260201,0 -111.598613603971,41.7609408294851,0</coordinates></LineString>
  </Placemark>
  <Placemark id="logannet3.129">
	<Style><LineStyle><color>ff0000ff</color></LineStyle><PolyStyle><fill>0</fill></PolyStyle></Style>
	<ExtendedData><SchemaData schemaUrl="#logannet3">
		<SimpleData name="LINKNO">173</SimpleData>
		<SimpleData name="DSLINKNO">187</SimpleData>
		<SimpleData name="USLINKNO1">159</SimpleData>
		<SimpleData name="USLINKNO2">47</SimpleData>
		<SimpleData name="DSNODEID">-1</SimpleData>
		<SimpleData name="strmOrder">2</SimpleData>
		<SimpleData name="Length">3030.4</SimpleData>
		<SimpleData name="Magnitude">5</SimpleData>
		<SimpleData name="DSContArea">20742300.0</SimpleData>
		<SimpleData name="strmDrop">246.17</SimpleData>
		<SimpleData name="Slope">0.081233263643</SimpleData>
		<SimpleData name="StraightL">2790.2</SimpleData>
		<SimpleData name="USContArea">15081300.0</SimpleData>
		<SimpleData name="WSNO">173</SimpleData>
		<SimpleData name="DOUTEND">19204.7</SimpleData>
		<SimpleData name="DOUTSTART">22235.0</SimpleData>
		<SimpleData name="DOUTMID">20719.9</SimpleData>
	</SchemaData></ExtendedData>
      <LineString><coordinates>-111.589708020043,41.773686724806,0 -111.589344600179,41.773418380549,0 -111.588981183343,41.7731500351103,0 -111.588617769537,41.77288168849,0 -111.58825435876,41.7726133406881,0 -111.587893418262,41.7726151882261,0 -111.587532477729,41.7726170346302,0 -111.587171537163,41.7726188799005,0 -111.586808133858,41.7723505274632,0 -111.586447194739,41.7723523704484,0 -111.586083795944,41.7720840156785,0 -111.585720400178,41.7718156597271,0 -111.585359463988,41.7718174992761,0 -111.584998527763,41.7718193376912,0 -111.584637591505,41.7718211749725,0 -111.584274203211,41.7715528143863,0 -111.583913268401,41.7715546493827,0 -111.583552333557,41.7715564832452,0 -111.58319139868,41.771558315974,0 -111.582830463769,41.7715601475689,0 -111.582469528825,41.77156197803,0 -111.582108593847,41.7715638073573,0 -111.581750100237,41.7718358324054,0 -111.581389163678,41.7718376594823,0 -111.581028227086,41.7718394854253,0 -111.58066729046,41.7718413102346,0 -111.580306353801,41.77184313391,0 -111.57994298328,41.771574759511,0 -111.579582048069,41.7715765809015,0 -111.579221112825,41.7715784011583,0 -111.578857748295,41.7713100232763,0 -111.578496814499,41.7713118412483,0 -111.57813345448,41.7710434610344,0 -111.577772522132,41.7710452767216,0 -111.577411589751,41.7710470912751,0 -111.577048235723,41.7707787075785,0 -111.57668730479,41.7707805198472,0 -111.576326373824,41.7707823309822,0 -111.575963025788,41.770513943803,0 -111.57560209627,41.7705157526534,0 -111.575238752744,41.7702473631426,0 -111.574877824675,41.7702491697084,0 -111.574516896572,41.7702509751404,0 -111.574155968437,41.7702527794386,0 -111.573795040269,41.7702545826031,0 -111.573431705698,41.7699861873085,0 -111.573070778978,41.7699879881885,0 -111.572709852225,41.7699897879346,0 -111.57234892544,41.7699915865471,0 -111.571985598342,41.7697231866197,0 -111.571624673005,41.7697249829477,0 -111.571263747636,41.769726778142,0 -111.570902822233,41.7697285722024,0 -111.570539502609,41.7694601676426,0 -111.570178578656,41.7694619594187,0 -111.569815263542,41.7691935525278,0 -111.569454341037,41.7691953420196,0 -111.569091030434,41.7689269327978,0 -111.568727722859,41.7686585223957,0 -111.568364418312,41.7683901108133,0 -111.56800350022,41.7683918957197,0 -111.567640200184,41.7681234818065,0 -111.567279283541,41.7681252644287,0 -111.566915988015,41.7678568481849,0 -111.566555072822,41.7678586285229,0 -111.566191781806,41.7675902099485,0 -111.565830868061,41.7675919880024,0 -111.565467581556,41.7673235670975,0 -111.56510666926,41.7673253428673,0 -111.564745756933,41.7673271175034,0 -111.564382476419,41.7670586931177,0 -111.564021565541,41.7670604654698,0 -111.56366065463,41.7670622366882,0 -111.563299743687,41.767064006773,0 -111.562938832712,41.7670657757241,0 -111.562577921704,41.7670675435416,0 -111.562217010664,41.7670693102255,0 -111.56185374207,41.7668008777579,0 -111.56149283248,41.7668026421578,0 -111.561129568396,41.7665342073603,0 -111.560768660256,41.7665359694763,0 -111.560407752083,41.7665377304587,0 -111.560046843878,41.7665394903074,0 -111.559685935642,41.7665412490225,0 -111.559325027373,41.766543006604,0 -111.558964119071,41.7665447630519,0 -111.558603210738,41.7665465183661,0 -111.558242302373,41.7665482725467,0 -111.557881393976,41.7665500255936,0 -111.557520485547,41.766551777507,0</coordinates></LineString>
  </Placemark>
  <Placemark id="logannet3.130">
	<Style><LineStyle><color>ff0000ff</color></LineStyle><PolyStyle><fill>0</fill></PolyStyle></Style>
	<ExtendedData><SchemaData schemaUrl="#logannet3">
		<SimpleData name="LINKNO">166</SimpleData>
		<SimpleData name="DSLINKNO">229</SimpleData>
		<SimpleData name="USLINKNO1">152</SimpleData>
		<SimpleData name="USLINKNO2">89</SimpleData>
		<SimpleData name="DSNODEID">-1</SimpleData>
		<SimpleData name="strmOrder">2</SimpleData>
		<SimpleData name="Length">1918.2</SimpleData>
		<SimpleData name="Magnitude">3</SimpleData>
		<SimpleData name="DSContArea">14248800.0</SimpleData>
		<SimpleData name="strmDrop">154.24</SimpleData>
		<SimpleData name="Slope">0.080409077884</SimpleData>
		<SimpleData name="StraightL">1647.5</SimpleData>
		<SimpleData name="USContArea">10849500.0</SimpleData>
		<SimpleData name="WSNO">166</SimpleData>
		<SimpleData name="DOUTEND">11446.9</SimpleData>
		<SimpleData name="DOUTSTART">13365.2</SimpleData>
		<SimpleData name="DOUTMID">12406.0</SimpleData>
	</SchemaData></ExtendedData>
      <LineString><coordinates>-111.665438964991,41.7667880307365,0 -111.665075271882,41.7665199277096,0 -111.6647115818,41.7662518234969,0 -111.664347894747,41.7659837180984,0 -111.664345107299,41.7657135252123,0 -111.664342319888,41.7654433323133,0 -111.664339532516,41.7651731394014,0 -111.664336745182,41.7649029464766,0 -111.663973067364,41.7646348397619,0 -111.663609392575,41.7643667318616,0 -111.663245720814,41.7640986227755,0 -111.662884833206,41.7641007055588,0 -111.662521165948,41.763832594134,0 -111.662160279779,41.7638346746308,0 -111.661796617024,41.7635665608673,0 -111.661435732293,41.7635686390775,0 -111.661072074041,41.7633005229755,0 -111.660708418818,41.7630324056879,0 -111.660344766622,41.7627642872149,0 -111.65998388628,41.7627663608327,0 -111.659981117453,41.7624961675565,0 -111.659617471312,41.7622280467126,0 -111.659253828198,41.7619599246834,0 -111.658890188112,41.7616918014688,0 -111.658526551053,41.761423677069,0 -111.65816567809,41.7614257449222,0 -111.657802045535,41.7611576181843,0 -111.65744117401,41.7611596837513,0 -111.657077545957,41.7608915546753,0 -111.656716675871,41.7608936179562,0 -111.656353052322,41.7606254865422,0 -111.655989431799,41.7603573539431,0 -111.655628564627,41.7603594137851,0 -111.655264948608,41.7600912788483,0 -111.654901335616,41.7598231427264,0 -111.654898588395,41.7595529490356,0 -111.65453497998,41.7592848116964,0 -111.654532234348,41.7590146179605,0 -111.654168630512,41.758746479404,0 -111.654165886468,41.7584762856229,0 -111.654163142461,41.7582060918289,0 -111.654160398492,41.757935898022,0 -111.65415765456,41.7576657042022,0 -111.654154910666,41.7573955103695,0 -111.65415216681,41.7571253165239,0 -111.654149422991,41.7568551226654,0 -111.65414667921,41.756584928794,0 -111.654143935466,41.7563147349097,0 -111.654141191759,41.7560445410125,0 -111.65413844809,41.7557743471024,0 -111.654135704459,41.7555041531794,0 -111.654132960865,41.7552339592435,0 -111.654491054363,41.7549617103736,0 -111.654488309331,41.7546915164313,0 -111.654485564337,41.754421322476,0</coordinates></LineString>
  </Placemark>
  <Placemark id="logannet3.131">
	<Style><LineStyle><color>ff0000ff</color></LineStyle><PolyStyle><fill>0</fill></PolyStyle></Style>
	<ExtendedData><SchemaData schemaUrl="#logannet3">
		<SimpleData name="LINKNO">159</SimpleData>
		<SimpleData name="DSLINKNO">173</SimpleData>
		<SimpleData name="USLINKNO1">145</SimpleData>
		<SimpleData name="USLINKNO2">19</SimpleData>
		<SimpleData name="DSNODEID">-1</SimpleData>
		<SimpleData name="strmOrder">2</SimpleData>
		<SimpleData name="Length">547.3</SimpleData>
		<SimpleData name="Magnitude">4</SimpleData>
		<SimpleData name="DSContArea">13088700.0</SimpleData>
		<SimpleData name="strmDrop">10.38</SimpleData>
		<SimpleData name="Slope">0.018975037172</SimpleData>
		<SimpleData name="StraightL">510.9</SimpleData>
		<SimpleData name="USContArea">12768300.0</SimpleData>
		<SimpleData name="WSNO">159</SimpleData>
		<SimpleData name="DOUTEND">22235.0</SimpleData>
		<SimpleData name="DOUTSTART">22782.3</SimpleData>
		<SimpleData name="DOUTMID">22508.7</SimpleData>
	</SchemaData></ExtendedData>
      <LineString><coordinates>-111.557520485547,41.766551777507,0 -111.557159577085,41.7665535282867,0 -111.556798668592,41.7665552779327,0 -111.556435425322,41.7662868281533,0 -111.556074518279,41.7662885755157,0 -111.555715942921,41.7665605200691,0 -111.555352704097,41.7662920668395,0 -111.554991796959,41.7662938108009,0 -111.554630889788,41.7662955536288,0 -111.554269982586,41.766297295323,0 -111.553909075352,41.7662990358836,0 -111.553548168086,41.7663007753105,0 -111.553187260789,41.7663025136039,0 -111.55282635346,41.7663042507636,0 -111.552465446099,41.7663059867897,0 -111.552104538706,41.7663077216822,0 -111.551743631282,41.766309455441,0 -111.551382723826,41.7663111880662,0</coordinates></LineString>
  </Placemark>
  <Placemark id="logannet3.132">
	<Style><LineStyle><color>ff0000ff</color></LineStyle><PolyStyle><fill>0</fill></PolyStyle></Style>
	<ExtendedData><SchemaData schemaUrl="#logannet3">
		<SimpleData name="LINKNO">152</SimpleData>
		<SimpleData name="DSLINKNO">166</SimpleData>
		<SimpleData name="USLINKNO1">96</SimpleData>
		<SimpleData name="USLINKNO2">61</SimpleData>
		<SimpleData name="DSNODEID">-1</SimpleData>
		<SimpleData name="strmOrder">2</SimpleData>
		<SimpleData name="Length">429.4</SimpleData>
		<SimpleData name="Magnitude">2</SimpleData>
		<SimpleData name="DSContArea">6217200.0</SimpleData>
		<SimpleData name="strmDrop">79.12</SimpleData>
		<SimpleData name="Slope">0.184241175469</SimpleData>
		<SimpleData name="StraightL">408.0</SimpleData>
		<SimpleData name="USContArea">6095700.0</SimpleData>
		<SimpleData name="WSNO">152</SimpleData>
		<SimpleData name="DOUTEND">13365.2</SimpleData>
		<SimpleData name="DOUTSTART">13794.6</SimpleData>
		<SimpleData name="DOUTMID">13579.9</SimpleData>
	</SchemaData></ExtendedData>
      <LineString><coordinates>-111.654485564337,41.754421322476,0 -111.65448281938,41.7541511285079,0 -111.65448007446,41.7538809345269,0 -111.654116500089,41.7536127953573,0 -111.653752928743,41.7533446550029,0 -111.653389360424,41.7530765134639,0 -111.653025795131,41.7528083707403,0 -111.652662232863,41.752540226832,0 -111.652659495734,41.7522700326769,0 -111.652295938043,41.7520018875518,0 -111.651932383377,41.7517337412423,0 -111.651568831738,41.7514655937483,0</coordinates></LineString>
  </Placemark>
  <Placemark id="logannet3.133">
	<Style><LineStyle><color>ff0000ff</color></LineStyle><PolyStyle><fill>0</fill></PolyStyle></Style>
	<ExtendedData><SchemaData schemaUrl="#logannet3">
		<SimpleData name="LINKNO">145</SimpleData>
		<SimpleData name="DSLINKNO">159</SimpleData>
		<SimpleData name="USLINKNO1">131</SimpleData>
		<SimpleData name="USLINKNO2">33</SimpleData>
		<SimpleData name="DSNODEID">-1</SimpleData>
		<SimpleData name="strmOrder">2</SimpleData>
		<SimpleData name="Length">554.6</SimpleData>
		<SimpleData name="Magnitude">3</SimpleData>
		<SimpleData name="DSContArea">7857000.0</SimpleData>
		<SimpleData name="strmDrop">21.53</SimpleData>
		<SimpleData name="Slope">0.038825494770</SimpleData>
		<SimpleData name="StraightL">494.8</SimpleData>
		<SimpleData name="USContArea">7219800.0</SimpleData>
		<SimpleData name="WSNO">145</SimpleData>
		<SimpleData name="DOUTEND">22782.3</SimpleData>
		<SimpleData name="DOUTSTART">23336.9</SimpleData>
		<SimpleData name="DOUTMID">23059.6</SimpleData>
	</SchemaData></ExtendedData>
      <LineString><coordinates>-111.551382723826,41.7663111880662,0 -111.551021816338,41.7663129195578,0 -111.550663219338,41.76658484847,0 -111.550302310273,41.7665865777106,0 -111.549941401176,41.7665883058176,0 -111.549580492048,41.766590032791,0 -111.549219582889,41.7665917586307,0 -111.548858673697,41.7665934833368,0 -111.548497764475,41.7665952069093,0 -111.548134555301,41.76632673068,0 -111.547773647529,41.766328451969,0 -111.547412739726,41.7663301721243,0 -111.547049536546,41.7660616924164,0 -111.546686336394,41.7657932115296,0 -111.546325431525,41.7657949282516,0 -111.545962235884,41.7655264450362,0 -111.545599043271,41.765257960642,0</coordinates></LineString>
  </Placemark>
  <Placemark id="logannet3.134">
	<Style><LineStyle><color>ff0000ff</color></LineStyle><PolyStyle><fill>0</fill></PolyStyle></Style>
	<ExtendedData><SchemaData schemaUrl="#logannet3">
		<SimpleData name="LINKNO">138</SimpleData>
		<SimpleData name="DSLINKNO">250</SimpleData>
		<SimpleData name="USLINKNO1">124</SimpleData>
		<SimpleData name="USLINKNO2">110</SimpleData>
		<SimpleData name="DSNODEID">-1</SimpleData>
		<SimpleData name="strmOrder">2</SimpleData>
		<SimpleData name="Length">2201.5</SimpleData>
		<SimpleData name="Magnitude">2</SimpleData>
		<SimpleData name="DSContArea">8129700.0</SimpleData>
		<SimpleData name="strmDrop">393.89</SimpleData>
		<SimpleData name="Slope">0.178914852983</SimpleData>
		<SimpleData name="StraightL">2030.5</SimpleData>
		<SimpleData name="USContArea">5474700.0</SimpleData>
		<SimpleData name="WSNO">138</SimpleData>
		<SimpleData name="DOUTEND">5606.5</SimpleData>
		<SimpleData name="DOUTSTART">7808.0</SimpleData>
		<SimpleData name="DOUTMID">6707.2</SimpleData>
	</SchemaData></ExtendedData>
      <LineString><coordinates>-111.724471438946,41.7526502931731,0 -111.724107583382,41.7523823776678,0 -111.723746766057,41.7523846511013,0 -111.72338594869,41.7523869234018,0 -111.723382914991,41.7521167332529,0 -111.723379881333,41.751846543091,0 -111.723376847717,41.7515763529163,0 -111.723373814143,41.7513061627286,0 -111.723009970765,41.7510382435884,0 -111.723006938786,41.7507680533534,0 -111.723003906849,41.7504978631055,0 -111.723000874953,41.7502276728447,0 -111.722997843099,41.7499574825709,0 -111.722994811286,41.7496872922842,0 -111.722991779514,41.7494171019845,0 -111.722988747784,41.749146911672,0 -111.722985716095,41.7488767213465,0 -111.722982684448,41.748606531008,0 -111.722979652842,41.7483363406567,0 -111.722976621278,41.7480661502924,0 -111.722973589755,41.7477959599152,0 -111.722970558273,41.7475257695251,0 -111.722967526833,41.747255579122,0 -111.722964495435,41.746985388706,0 -111.722961464078,41.746715198277,0 -111.72259764859,41.7464472773989,0 -111.722594618828,41.7461770869227,0 -111.722230807919,41.7459091648218,0 -111.722227779752,41.7456389742984,0 -111.722224751627,41.745368783762,0 -111.722221723543,41.7450985932127,0 -111.72185792032,41.7448306698205,0 -111.721494120121,41.7445627452399,0 -111.721491095186,41.7442925546091,0 -111.721127299565,41.7440246288059,0 -111.720763506969,41.7437567018145,0 -111.720760485182,41.7434865111022,0 -111.720396697164,41.7432185828883,0 -111.720393676972,41.7429483921288,0 -111.720390656822,41.7426782013563,0 -111.720387636712,41.742408010571,0 -111.720384616644,41.7421378197727,0 -111.720381596617,41.7418676289614,0 -111.720378576631,41.7415974381373,0 -111.720375556687,41.7413272473002,0 -111.720372536784,41.7410570564502,0 -111.720369516922,41.7407868655872,0 -111.720366497102,41.7405166747114,0 -111.720363477323,41.7402464838225,0 -111.720360457585,41.7399762929208,0 -111.720357437888,41.7397061020062,0 -111.720354418233,41.7394359110786,0 -111.720351398618,41.7391657201381,0 -111.720348379046,41.7388955291846,0 -111.720345359514,41.7386253382182,0 -111.720342340024,41.7383551472389,0 -111.720339320575,41.7380849562467,0 -111.720336301167,41.7378147652416,0 -111.7203332818,41.7375445742235,0 -111.720330262475,41.7372743831925,0 -111.720327243191,41.7370041921485,0 -111.720324223949,41.7367340010917,0 -111.719960476231,41.7364660708676,0 -111.719957458583,41.7361958797635,0 -111.719954440975,41.7359256886466,0 -111.719590699387,41.7356577571661,0 -111.719587683374,41.735387566002,0 -111.719223946361,41.7351196332995,0 -111.718860212371,41.7348516994092,0</coordinates></LineString>
  </Placemark>
  <Placemark id="logannet3.135">
	<Style><LineStyle><color>ff0000ff</color></LineStyle><PolyStyle><fill>0</fill></PolyStyle></Style>
	<ExtendedData><SchemaData schemaUrl="#logannet3">
		<SimpleData name="LINKNO">131</SimpleData>
		<SimpleData name="DSLINKNO">145</SimpleData>
		<SimpleData name="USLINKNO1">40</SimpleData>
		<SimpleData name="USLINKNO2">54</SimpleData>
		<SimpleData name="DSNODEID">-1</SimpleData>
		<SimpleData name="strmOrder">2</SimpleData>
		<SimpleData name="Length">187.3</SimpleData>
		<SimpleData name="Magnitude">2</SimpleData>
		<SimpleData name="DSContArea">4103100.0</SimpleData>
		<SimpleData name="strmDrop">9.75</SimpleData>
		<SimpleData name="Slope">0.052059346238</SimpleData>
		<SimpleData name="StraightL">174.9</SimpleData>
		<SimpleData name="USContArea">4045500.0</SimpleData>
		<SimpleData name="WSNO">131</SimpleData>
		<SimpleData name="DOUTEND">23336.9</SimpleData>
		<SimpleData name="DOUTSTART">23524.2</SimpleData>
		<SimpleData name="DOUTMID">23430.5</SimpleData>
	</SchemaData></ExtendedData>
      <LineString><coordinates>-111.545599043271,41.765257960642,0 -111.545235853686,41.764989475069,0 -111.544872667129,41.7647209883173,0 -111.544870381055,41.7644507894136,0 -111.544507199072,41.7641823014541,0 -111.544504914574,41.7639121025086,0</coordinates></LineString>
  </Placemark>
  <Placemark id="logannet3.136">
	<Style><LineStyle><color>ff0000ff</color></LineStyle><PolyStyle><fill>0</fill></PolyStyle></Style>
	<ExtendedData><SchemaData schemaUrl="#logannet3">
		<SimpleData name="LINKNO">124</SimpleData>
		<SimpleData name="DSLINKNO">138</SimpleData>
		<SimpleData name="USLINKNO1">-1</SimpleData>
		<SimpleData name="USLINKNO2">-1</SimpleData>
		<SimpleData name="DSNODEID">-1</SimpleData>
		<SimpleData name="strmOrder">1</SimpleData>
		<SimpleData name="Length">839.1</SimpleData>
		<SimpleData name="Magnitude">1</SimpleData>
		<SimpleData name="DSContArea">3005100.0</SimpleData>
		<SimpleData name="strmDrop">278.15</SimpleData>
		<SimpleData name="Slope">0.331483840141</SimpleData>
		<SimpleData name="StraightL">778.3</SimpleData>
		<SimpleData name="USContArea">2508300.0</SimpleData>
		<SimpleData name="WSNO">124</SimpleData>
		<SimpleData name="DOUTEND">7808.0</SimpleData>
		<SimpleData name="DOUTSTART">8647.1</SimpleData>
		<SimpleData name="DOUTMID">8227.6</SimpleData>
	</SchemaData></ExtendedData>
      <LineString><coordinates>-111.718860212371,41.7348516994092,0 -111.718496481405,41.7345837643311,0 -111.718132753462,41.7343158280653,0 -111.717769028541,41.7340478906119,0 -111.717405306644,41.7337799519707,0 -111.717044592914,41.7337822035454,0 -111.716680875509,41.7335142625632,0 -111.716320163209,41.7335165118523,0 -111.715956450298,41.7332485685291,0 -111.715595739426,41.7332508155325,0 -111.715235028514,41.7332530614037,0 -111.714871321567,41.7329851145862,0 -111.714510612084,41.7329873581718,0 -111.71414990256,41.7329896006253,0 -111.713786201576,41.7327216503137,0 -111.713425493482,41.7327238904816,0 -111.713061796992,41.7324559378293,0 -111.712701090327,41.7324581757118,0 -111.71233739833,41.7321902207189,0 -111.711976693095,41.7321924563159,0 -111.71161598782,41.7321946907807,0 -111.711252301786,41.7319267322941,0 -111.710891597941,41.7319289644736,0 -111.710527916401,41.7316610036466,0</coordinates></LineString>
  </Placemark>
  <Placemark id="logannet3.137">
	<Style><LineStyle><color>ff0000ff</color></LineStyle><PolyStyle><fill>0</fill></PolyStyle></Style>
	<ExtendedData><SchemaData schemaUrl="#logannet3">
		<SimpleData name="LINKNO">117</SimpleData>
		<SimpleData name="DSLINKNO">215</SimpleData>
		<SimpleData name="USLINKNO1">-1</SimpleData>
		<SimpleData name="USLINKNO2">-1</SimpleData>
		<SimpleData name="DSNODEID">-1</SimpleData>
		<SimpleData name="strmOrder">1</SimpleData>
		<SimpleData name="Length">5252.5</SimpleData>
		<SimpleData name="Magnitude">1</SimpleData>
		<SimpleData name="DSContArea">12342600.0</SimpleData>
		<SimpleData name="strmDrop">343.16</SimpleData>
		<SimpleData name="Slope">0.065332220879</SimpleData>
		<SimpleData name="StraightL">4773.4</SimpleData>
		<SimpleData name="USContArea">2963700.0</SimpleData>
		<SimpleData name="WSNO">117</SimpleData>
		<SimpleData name="DOUTEND">16262.2</SimpleData>
		<SimpleData name="DOUTSTART">21514.7</SimpleData>
		<SimpleData name="DOUTMID">18888.5</SimpleData>
	</SchemaData></ExtendedData>
      <LineString><coordinates>-111.620058625638,41.77676943433,0 -111.620056023025,41.7764992396069,0 -111.620053420448,41.776229044871,0 -111.620414379067,41.7762270961641,0 -111.620772732079,41.7759549516112,0 -111.620770126543,41.7756847568862,0 -111.621128475046,41.7754126112287,0 -111.621125868067,41.7751424164964,0 -111.621123261123,41.7748722217512,0 -111.621481603638,41.7746000749947,0 -111.621839943124,41.7743279271283,0 -111.621837333258,41.7740577323812,0 -111.621834723428,41.7737875376213,0 -111.621832113633,41.7735173428485,0 -111.621829503874,41.7732471480628,0 -111.621826894151,41.7729769532642,0 -111.621824284464,41.7727067584527,0 -111.621821674812,41.7724365636284,0 -111.621819065195,41.7721663687911,0 -111.621455521373,41.7718981268891,0 -111.62109198058,41.7716298838036,0 -111.621089374099,41.7713596888909,0 -111.621086767655,41.7710894939652,0 -111.62072323299,41.7708212496337,0 -111.620720628131,41.7705510546639,0 -111.620357098046,41.7702828091177,0 -111.619993570989,41.7700145623881,0 -111.619990969265,41.7697443673429,0 -111.619988367578,41.7694741722849,0 -111.619985765925,41.7692039772139,0 -111.619622246547,41.7689357292073,0 -111.61961964648,41.7686655340922,0 -111.619617046448,41.7683953389643,0 -111.619975359672,41.7681231968014,0 -111.619972758197,41.767853001666,0 -111.619970156758,41.7675828065178,0 -111.619967555355,41.7673126113567,0 -111.619964953987,41.7670424161827,0 -111.619962352655,41.7667722209958,0 -111.619959751358,41.766502025796,0 -111.619596247477,41.7662337774769,0 -111.619232746624,41.7659655279746,0 -111.619230148462,41.7656953326995,0 -111.618866652186,41.7654270819829,0 -111.618864055609,41.7651568866637,0 -111.618500563911,41.7648886347327,0 -111.618137075241,41.7646203816188,0 -111.617773589599,41.7643521273218,0 -111.617770997705,41.7640819318961,0 -111.617768405848,41.7638117364575,0 -111.617404926332,41.7635434809152,0 -111.617041449844,41.7632752241899,0 -111.61703886112,41.7630050286761,0 -111.617036272431,41.7627348331494,0 -111.616672802069,41.762466575179,0 -111.616309334735,41.7621983160257,0 -111.615948454468,41.7622002513097,0 -111.615945870427,41.7619300556896,0 -111.615943286422,41.7616598600566,0 -111.615940702451,41.7613896644107,0 -111.615938118516,41.761119468752,0 -111.615935534617,41.7608492730803,0 -111.615572079533,41.760581011437,0 -111.615569497217,41.7603108157213,0 -111.61520604671,41.7600425528641,0 -111.615203465979,41.7597723571045,0 -111.615200885283,41.759502161332,0 -111.615198304622,41.7592319655466,0 -111.615195723996,41.7589617697483,0 -111.615193143406,41.7586915739372,0 -111.615190562851,41.7584213781132,0 -111.615187982332,41.7581511822762,0 -111.615185401847,41.7578809864264,0 -111.614821966757,41.7576127221378,0 -111.614819387857,41.7573425262441,0 -111.614816808992,41.7570723303374,0 -111.614814230162,41.7568021344179,0 -111.614811651367,41.7565319384855,0 -111.614448225498,41.75626367289,0 -111.614445648287,41.7559934769136,0 -111.614443071112,41.7557232809244,0 -111.614440493971,41.7554530849222,0 -111.614437916866,41.7551828889072,0 -111.614435339796,41.7549126928793,0 -111.614432762762,41.7546424968385,0 -111.614430185762,41.7543723007848,0 -111.614427608798,41.7541021047183,0 -111.614425031869,41.7538319086388,0 -111.614422454975,41.7535617125465,0 -111.614780708582,41.7532895862917,0 -111.614778130245,41.7530193901919,0 -111.614775551944,41.7527491940791,0 -111.615133799569,41.7524770667254,0 -111.615131219825,41.7522068706051,0 -111.615128640117,41.751936674472,0 -111.615126060444,41.7516664783259,0 -111.615123480806,41.7513962821669,0 -111.615120901203,41.7511260859951,0 -111.615118321636,41.7508558898104,0 -111.615115742104,41.7505856936128,0 -111.615113162607,41.7503154974024,0 -111.615110583146,41.750045301179,0 -111.615468814445,41.7497731727639,0 -111.615466233542,41.749502976533,0 -111.615463652673,41.7492327802892,0 -111.61546107184,41.7489625840326,0 -111.615458491042,41.7486923877631,0 -111.615816713407,41.74842025826,0 -111.615814131166,41.7481500619829,0 -111.615811548962,41.747879865693,0 -111.615808966792,41.7476096693901,0 -111.615806384658,41.7473394730744,0 -111.616164598088,41.7470673424835,0 -111.616522808492,41.7467952107834,0 -111.616881015872,41.746523077974,0 -111.616878429341,41.7462528816615,0 -111.616875842846,41.7459826853362,0 -111.616873256386,41.7457124889979,0 -111.617231456309,41.7454403550956,0 -111.617228868407,41.7451701587499,0 -111.617226280541,41.7448999623913,0 -111.61722369271,41.7446297660198,0 -111.617221104915,41.7443595696354,0 -111.617218517154,41.7440893732381,0 -111.61721592943,41.743819176828,0 -111.61721334174,41.7435489804049,0 -111.617210754086,41.743278783969,0 -111.617208166468,41.7430085875203,0 -111.617205578884,41.7427383910586,0 -111.617202991337,41.742468194584,0 -111.617200403824,41.7421979980966,0 -111.617197816347,41.7419278015963,0 -111.617195228905,41.7416576050831,0 -111.617192641499,41.741387408557,0 -111.617190054128,41.7411172120181,0 -111.617187466792,41.7408470154662,0 -111.617184879492,41.7405768189015,0 -111.617182292227,41.7403066223239,0 -111.617179704997,41.7400364257334,0 -111.617177117803,41.7397662291301,0 -111.617174530644,41.7394960325138,0 -111.617171943521,41.7392258358847,0 -111.617169356433,41.7389556392427,0 -111.61716676938,41.7386854425878,0 -111.617164182362,41.73841524592,0 -111.61716159538,41.7381450492394,0 -111.617159008434,41.7378748525458,0 -111.617156421522,41.7376046558394,0 -111.617153834646,41.7373344591201,0 -111.617151247806,41.737064262388,0 -111.617148661001,41.7367940656429,0 -111.617146074231,41.736523868885,0 -111.617143487496,41.7362536721142,0 -111.617140900797,41.7359834753305,0 -111.617138314133,41.7357132785339,0 -111.617135727505,41.7354430817244,0 -111.617133140912,41.7351728849021,0 -111.617130554354,41.7349026880668,0 -111.617127967832,41.7346324912187,0 -111.617125381345,41.7343622943578,0 -111.617122794893,41.7340920974839,0 -111.617480929772,41.7338199626992,0</coordinates></LineString>
  </Placemark>
  <Placemark id="logannet3.138">
	<Style><LineStyle><color>ff0000ff</color></LineStyle><PolyStyle><fill>0</fill></PolyStyle></Style>
	<ExtendedData><SchemaData schemaUrl="#logannet3">
		<SimpleData name="LINKNO">110</SimpleData>
		<SimpleData name="DSLINKNO">138</SimpleData>
		<SimpleData name="USLINKNO1">-1</SimpleData>
		<SimpleData name="USLINKNO2">-1</SimpleData>
		<SimpleData name="DSNODEID">-1</SimpleData>
		<SimpleData name="strmOrder">1</SimpleData>
		<SimpleData name="Length">30.0</SimpleData>
		<SimpleData name="Magnitude">1</SimpleData>
		<SimpleData name="DSContArea">2468700.0</SimpleData>
		<SimpleData name="strmDrop">9.84</SimpleData>
		<SimpleData name="Slope">0.327945963542</SimpleData>
		<SimpleData name="StraightL">30.0</SimpleData>
		<SimpleData name="USContArea">2468700.0</SimpleData>
		<SimpleData name="WSNO">110</SimpleData>
		<SimpleData name="DOUTEND">7808.0</SimpleData>
		<SimpleData name="DOUTSTART">7838.0</SimpleData>
		<SimpleData name="DOUTMID">7823.0</SimpleData>
	</SchemaData></ExtendedData>
      <LineString><coordinates>-111.718860212371,41.7348516994092,0 -111.718857199505,41.7345815081637,0</coordinates></LineString>
  </Placemark>
  <Placemark id="logannet3.139">
	<Style><LineStyle><color>ff0000ff</color></LineStyle><PolyStyle><fill>0</fill></PolyStyle></Style>
	<ExtendedData><SchemaData schemaUrl="#logannet3">
		<SimpleData name="LINKNO">103</SimpleData>
		<SimpleData name="DSLINKNO">180</SimpleData>
		<SimpleData name="USLINKNO1">-1</SimpleData>
		<SimpleData name="USLINKNO2">-1</SimpleData>
		<SimpleData name="DSNODEID">-1</SimpleData>
		<SimpleData name="strmOrder">1</SimpleData>
		<SimpleData name="Length">2938.2</SimpleData>
		<SimpleData name="Magnitude">1</SimpleData>
		<SimpleData name="DSContArea">6967800.0</SimpleData>
		<SimpleData name="strmDrop">253.72</SimpleData>
		<SimpleData name="Slope">0.086352474032</SimpleData>
		<SimpleData name="StraightL">2639.0</SimpleData>
		<SimpleData name="USContArea">1871100.0</SimpleData>
		<SimpleData name="WSNO">103</SimpleData>
		<SimpleData name="DOUTEND">19427.1</SimpleData>
		<SimpleData name="DOUTSTART">22365.3</SimpleData>
		<SimpleData name="DOUTMID">20896.2</SimpleData>
	</SchemaData></ExtendedData>
      <LineString><coordinates>-111.598613603971,41.7609408294851,0 -111.598971965618,41.7606687521644,0 -111.598969452929,41.7603985556214,0 -111.598966940275,41.7601283590655,0 -111.599325295936,41.7598562806437,0 -111.599322781837,41.7595860840799,0 -111.599681132992,41.7593140045522,0 -111.599678617448,41.7590438079804,0 -111.599676101938,41.7587736113956,0 -111.599673586463,41.758503414798,0 -111.600031930154,41.7582313341744,0 -111.600029413234,41.7579611375688,0 -111.600026896349,41.7576909409504,0 -111.600024379498,41.757420744319,0 -111.600021862681,41.7571505476748,0 -111.600019345899,41.7568803510178,0 -111.600016829151,41.7566101543478,0 -111.600014312438,41.756339957665,0 -111.599650948735,41.7560716448403,0 -111.599648433604,41.755801448114,0 -111.599285074475,41.7555331340771,0 -111.598921718373,41.7552648188587,0 -111.598558365298,41.7549965024588,0 -111.598555854843,41.7547263056278,0 -111.598192506342,41.7544579880158,0 -111.597829160866,41.7541896692224,0 -111.597465818417,41.7539213492476,0 -111.597102478995,41.7536530280914,0 -111.597099974764,41.7533828311252,0 -111.596736639915,41.7531145087571,0 -111.596734137267,41.7528443117475,0 -111.596370806991,41.7525759881676,0 -111.596368305924,41.7523057911145,0 -111.596365804891,41.7520355940485,0 -111.596002480736,41.7517672692263,0 -111.595639159606,41.7514989432229,0 -111.595636661702,41.7512287460831,0 -111.595634163832,41.7509585489303,0 -111.595631665995,41.7506883517647,0 -111.595629168193,41.7504181545862,0 -111.595626670426,41.7501479573948,0 -111.595624172692,41.7498777601906,0 -111.595621674992,41.7496075629734,0 -111.595619177327,41.7493373657435,0 -111.595616679696,41.7490671685006,0 -111.595614182099,41.7487969712448,0 -111.595611684536,41.7485267739762,0 -111.595609187007,41.7482565766948,0 -111.595606689512,41.7479863794004,0 -111.595604192052,41.7477161820932,0 -111.595240895605,41.7474478544815,0 -111.595238399726,41.7471776571309,0 -111.594875107851,41.7469093283079,0 -111.594872613552,41.7466391309139,0 -111.594870119288,41.746368933507,0 -111.594867625057,41.7460987360873,0 -111.59486513086,41.7458285386547,0 -111.594862636698,41.7455583412093,0 -111.594499355582,41.7452900110529,0 -111.594496863,41.745019813564,0 -111.594494370453,41.7447496160624,0 -111.594491877939,41.7444794185478,0 -111.594489385459,41.7442092210204,0 -111.594486893014,41.7439390234801,0 -111.594484400602,41.7436688259269,0 -111.594481908225,41.7433986283609,0 -111.594479415882,41.7431284307819,0 -111.594476923573,41.7428582331901,0 -111.594474431298,41.7425880355855,0 -111.594113659399,41.7425899015786,0 -111.594111168671,41.7423197039435,0 -111.594108677976,41.7420495062955,0 -111.59374541992,41.7417811734424,0 -111.593742930805,41.7415109757511,0 -111.593740441725,41.7412407780469,0 -111.593737952679,41.7409705803298,0 -111.593374702285,41.7407022462047,0 -111.593372214819,41.7404320484443,0 -111.593369727387,41.740161850671,0 -111.593367239989,41.7398916528849,0 -111.593364752624,41.7396214550859,0 -111.59300151144,41.7393531196584,0 -111.593359777998,41.7390810594493,0 -111.593357290736,41.7388108616116,0 -111.593354803508,41.7385406637612,0 -111.593352316313,41.7382704658978,0 -111.593710575414,41.7379984045925,0 -111.593708086775,41.7377282067209,0 -111.593705598171,41.7374580088365,0</coordinates></LineString>
  </Placemark>
  <Placemark id="logannet3.140">
	<Style><LineStyle><color>ff0000ff</color></LineStyle><PolyStyle><fill>0</fill></PolyStyle></Style>
	<ExtendedData><SchemaData schemaUrl="#logannet3">
		<SimpleData name="LINKNO">96</SimpleData>
		<SimpleData name="DSLINKNO">152</SimpleData>
		<SimpleData name="USLINKNO1">-1</SimpleData>
		<SimpleData name="USLINKNO2">-1</SimpleData>
		<SimpleData name="DSNODEID">-1</SimpleData>
		<SimpleData name="strmOrder">1</SimpleData>
		<SimpleData name="Length">1746.4</SimpleData>
		<SimpleData name="Magnitude">1</SimpleData>
		<SimpleData name="DSContArea">4104900.0</SimpleData>
		<SimpleData name="strmDrop">249.94</SimpleData>
		<SimpleData name="Slope">0.143118114802</SimpleData>
		<SimpleData name="StraightL">1562.6</SimpleData>
		<SimpleData name="USContArea">1892700.0</SimpleData>
		<SimpleData name="WSNO">96</SimpleData>
		<SimpleData name="DOUTEND">13794.6</SimpleData>
		<SimpleData name="DOUTSTART">15541.0</SimpleData>
		<SimpleData name="DOUTMID">14667.8</SimpleData>
	</SchemaData></ExtendedData>
      <LineString><coordinates>-111.651568831738,41.7514655937483,0 -111.651566099297,41.7511953994836,0 -111.651202552233,41.7509272507729,0 -111.65119982138,41.7506570564631,0 -111.650836278892,41.7503889065358,0 -111.650833549626,41.750118712181,0 -111.650830820397,41.7498485178132,0 -111.651188898338,41.7495762790951,0 -111.651186167671,41.7493060847208,0 -111.651183437041,41.7490358903337,0 -111.651180706449,41.7487656959336,0 -111.651538776938,41.7484934561274,0 -111.651536044908,41.7482232617209,0 -111.651533312915,41.7479530673014,0 -111.651891377428,41.7476808264008,0 -111.651888643997,41.7474106319749,0 -111.652246704011,41.7471383899736,0 -111.652604760999,41.7468661468652,0 -111.652602024655,41.7465959524392,0 -111.652960077143,41.7463237082302,0 -111.652957339362,41.7460535137978,0 -111.652954601618,41.7457833193524,0 -111.652951863911,41.7455131248941,0 -111.652588343497,41.7452449801157,0 -111.652585607377,41.7449747856123,0 -111.652222091538,41.7447066396175,0 -111.652219357005,41.744436445069,0 -111.65221662251,41.7441662505076,0 -111.651853112795,41.7438981032641,0 -111.651850379887,41.7436279086576,0 -111.651847647016,41.7433577140382,0 -111.651844914183,41.743087519406,0 -111.651842181387,41.7428173247608,0 -111.651839448629,41.7425471301027,0 -111.651475949686,41.7422789815141,0 -111.651473218514,41.7420087868109,0 -111.65147048738,41.7417385920948,0 -111.651106994561,41.7414704422578,0 -111.651104265013,41.7412002474966,0 -111.651101535503,41.7409300527226,0 -111.650738048806,41.7406619016372,0 -111.650735320883,41.7403917068181,0 -111.650732592997,41.7401215119861,0 -111.650729865148,41.7398513171412,0 -111.650727137336,41.7395811222834,0 -111.650724409562,41.7393109274127,0 -111.650721681825,41.7390407325292,0 -111.650718954125,41.7387705376327,0 -111.650716226462,41.7385003427233,0 -111.650713498837,41.7382301478011,0 -111.650350029108,41.7379619952422,0 -111.650347303069,41.7376918002749,0 -111.650344577067,41.7374216052947,0</coordinates></LineString>
  </Placemark>
  <Placemark id="logannet3.141">
	<Style><LineStyle><color>ff0000ff</color></LineStyle><PolyStyle><fill>0</fill></PolyStyle></Style>
	<ExtendedData><SchemaData schemaUrl="#logannet3">
		<SimpleData name="LINKNO">89</SimpleData>
		<SimpleData name="DSLINKNO">166</SimpleData>
		<SimpleData name="USLINKNO1">-1</SimpleData>
		<SimpleData name="USLINKNO2">-1</SimpleData>
		<SimpleData name="DSNODEID">-1</SimpleData>
		<SimpleData name="strmOrder">1</SimpleData>
		<SimpleData name="Length">2374.6</SimpleData>
		<SimpleData name="Magnitude">1</SimpleData>
		<SimpleData name="DSContArea">4594500.0</SimpleData>
		<SimpleData name="strmDrop">400.36</SimpleData>
		<SimpleData name="Slope">0.168597718379</SimpleData>
		<SimpleData name="StraightL">2113.7</SimpleData>
		<SimpleData name="USContArea">2067300.0</SimpleData>
		<SimpleData name="WSNO">89</SimpleData>
		<SimpleData name="DOUTEND">13365.2</SimpleData>
		<SimpleData name="DOUTSTART">15739.8</SimpleData>
		<SimpleData name="DOUTMID">14552.5</SimpleData>
	</SchemaData></ExtendedData>
      <LineString><coordinates>-111.654485564337,41.754421322476,0 -111.654843651858,41.7541490725119,0 -111.654840905425,41.7538788785502,0 -111.65483815903,41.7536086845757,0 -111.655196240574,41.7533364335173,0 -111.655554319092,41.7530641813518,0 -111.655551569784,41.7527939873774,0 -111.6559096438,41.7525217341113,0 -111.656267714791,41.7522494797381,0 -111.656625782756,41.7519772242579,0 -111.656983847695,41.7517049676707,0 -111.657341909608,41.7514327099765,0 -111.657702726655,41.7514306451105,0 -111.658060783992,41.7511583851959,0 -111.658418838303,41.7508861241745,0 -111.658776889588,41.7506138620461,0 -111.659134937848,41.750341598811,0 -111.659492983082,41.750069334469,0 -111.659490217547,41.7497991405669,0 -111.659848258281,41.7495268751248,0 -111.659845491308,41.7492566812165,0 -111.660203527542,41.7489844146743,0 -111.660200759132,41.7487142207597,0 -111.660558790865,41.7484419531175,0 -111.660556021019,41.7481717591966,0 -111.660914048252,41.7478994904545,0 -111.660911276969,41.7476292965274,0 -111.660908505723,41.7473591025874,0 -111.661266526982,41.747086832752,0 -111.661624545215,41.7468145618101,0 -111.661985336093,41.7468124836817,0 -111.662343349751,41.7465402105201,0 -111.662701360384,41.7462679362521,0 -111.663059367992,41.7459956608777,0 -111.663417372575,41.7457233843969,0 -111.663775374134,41.7454511068097,0 -111.664136157221,41.7454490219829,0 -111.664494154204,41.7451767421764,0 -111.664854935703,41.7451746551038,0 -111.665212928111,41.744902373078,0 -111.665570917494,41.7446300899459,0 -111.665928903852,41.7443578057077,0 -111.665926111889,41.7440876118878,0 -111.666284093748,41.7438153265503,0 -111.666281300349,41.7435451327244,0 -111.66663927771,41.7432728462875,0 -111.666636482875,41.7430026524555,0 -111.666633688078,41.7427324586106,0 -111.666270127134,41.7424643572917,0 -111.666267333925,41.7421941634012,0 -111.666264540755,41.7419239694979,0 -111.666261747623,41.7416537755817,0 -111.666258954529,41.7413835816525,0 -111.66589540281,41.7411154790181,0 -111.665892611305,41.7408452850434,0 -111.665889819838,41.7405750910559,0 -111.666247782535,41.7403028058069,0 -111.666605742209,41.7400305194521,0 -111.666963698859,41.7397582319912,0 -111.667321652484,41.7394859434245,0 -111.667679603086,41.7392136537519,0 -111.668040350974,41.7392115569199,0 -111.668398297002,41.7389392650288,0 -111.668756240006,41.7386669720318,0</coordinates></LineString>
  </Placemark>
  <Placemark id="logannet3.142">
	<Style><LineStyle><color>ff0000ff</color></LineStyle><PolyStyle><fill>0</fill></PolyStyle></Style>
	<ExtendedData><SchemaData schemaUrl="#logannet3">
		<SimpleData name="LINKNO">82</SimpleData>
		<SimpleData name="DSLINKNO">243</SimpleData>
		<SimpleData name="USLINKNO1">-1</SimpleData>
		<SimpleData name="USLINKNO2">-1</SimpleData>
		<SimpleData name="DSNODEID">-1</SimpleData>
		<SimpleData name="strmOrder">1</SimpleData>
		<SimpleData name="Length">2557.6</SimpleData>
		<SimpleData name="Magnitude">1</SimpleData>
		<SimpleData name="DSContArea">6108300.0</SimpleData>
		<SimpleData name="strmDrop">436.77</SimpleData>
		<SimpleData name="Slope">0.170769667050</SimpleData>
		<SimpleData name="StraightL">2080.6</SimpleData>
		<SimpleData name="USContArea">3091500.0</SimpleData>
		<SimpleData name="WSNO">82</SimpleData>
		<SimpleData name="DOUTEND">6196.2</SimpleData>
		<SimpleData name="DOUTSTART">8753.8</SimpleData>
		<SimpleData name="DOUTMID">7475.0</SimpleData>
	</SchemaData></ExtendedData>
      <LineString><coordinates>-111.717982716482,41.753231443284,0 -111.717618884299,41.7529635070694,0 -111.717258063204,41.7529657601521,0 -111.716894235518,41.7526978215949,0 -111.716530410858,41.7524298818493,0 -111.716891229009,41.7524276310751,0 -111.716888222542,41.7521574405423,0 -111.716885216116,41.7518872499966,0 -111.717243023303,41.7516148075945,0 -111.717600827464,41.7513423640889,0 -111.717597818135,41.7510721735469,0 -111.717594808848,41.750801982992,0 -111.717591799601,41.7505317924242,0 -111.717588790396,41.7502616018434,0 -111.717224976778,41.7499936640987,0 -111.717221969168,41.7497234734708,0 -111.716858160128,41.7494555345036,0 -111.716494354115,41.7491875943483,0 -111.716491349653,41.7489174036392,0 -111.716127548218,41.7486494622614,0 -111.715763749808,41.7483815196956,0 -111.715399954424,41.7481135759416,0 -111.715036162064,41.7478456309996,0 -111.71467237273,41.7475776848694,0 -111.71430858642,41.7473097375513,0 -111.713944803136,41.7470417890452,0 -111.713581022876,41.7467738393511,0 -111.713217245642,41.7465058884691,0 -111.712853471432,41.7462379363991,0 -111.712489700247,41.7459699831414,0 -111.712125932087,41.7457020286958,0 -111.711762166951,41.7454340730624,0 -111.711398404841,41.7451661162412,0 -111.711034645755,41.7448981582323,0 -111.710673869301,41.7449003902897,0 -111.710313092807,41.7449026212144,0 -111.709952316272,41.7449048510064,0 -111.709591539696,41.7449070796658,0 -111.70923076308,41.7449093071925,0 -111.708869986423,41.7449115335865,0 -111.708509209725,41.7449137588479,0 -111.708148432987,41.7449159829766,0 -111.707787656208,41.7449182059726,0 -111.707426879389,41.7449204278359,0 -111.707063138044,41.7446524571027,0 -111.706702362656,41.7446546766797,0 -111.706341587227,41.7446568951241,0 -111.705980811758,41.7446591124358,0 -111.70597785185,41.7443889208963,0 -111.705974891983,41.7441187293438,0 -111.705971932157,41.7438485377784,0 -111.70560820291,41.7435805622956,0 -111.705605244677,41.7433103706834,0 -111.705602286484,41.7430401790584,0 -111.705599328331,41.7427699874204,0 -111.705596370219,41.7424997957695,0 -111.705232650207,41.7422318189641,0 -111.704871888227,41.7422340326899,0 -111.704511126206,41.7422362452832,0 -111.704150364144,41.7422384567439,0 -111.703786651572,41.741970475291,0 -111.703422942024,41.7417024926509,0 -111.703062182866,41.7417047006722,0 -111.702701423667,41.741706907561,0 -111.702340664428,41.7417091133172,0 -111.701979905149,41.7417113179409,0 -111.70161914583,41.7417135214321,0 -111.701255446665,41.7414455318382,0 -111.700894688778,41.7414477330434,0 -111.700530994109,41.7411797411092,0 -111.700170237653,41.7411819400287,0 -111.69980654748,41.7409139457543,0 -111.699442860331,41.7406459502931,0</coordinates></LineString>
  </Placemark>
  <Placemark id="logannet3.143">
	<Style><LineStyle><color>ff0000ff</color></LineStyle><PolyStyle><fill>0</fill></PolyStyle></Style>
	<ExtendedData><SchemaData schemaUrl="#logannet3">
		<SimpleData name="LINKNO">75</SimpleData>
		<SimpleData name="DSLINKNO">257</SimpleData>
		<SimpleData name="USLINKNO1">-1</SimpleData>
		<SimpleData name="USLINKNO2">-1</SimpleData>
		<SimpleData name="DSNODEID">-1</SimpleData>
		<SimpleData name="strmOrder">1</SimpleData>
		<SimpleData name="Length">357.0</SimpleData>
		<SimpleData name="Magnitude">1</SimpleData>
		<SimpleData name="DSContArea">2250000.0</SimpleData>
		<SimpleData name="strmDrop">88.85</SimpleData>
		<SimpleData name="Slope">0.248879104559</SimpleData>
		<SimpleData name="StraightL">342.1</SimpleData>
		<SimpleData name="USContArea">1919700.0</SimpleData>
		<SimpleData name="WSNO">75</SimpleData>
		<SimpleData name="DOUTEND">2653.7</SimpleData>
		<SimpleData name="DOUTSTART">3010.7</SimpleData>
		<SimpleData name="DOUTMID">2832.2</SimpleData>
	</SchemaData></ExtendedData>
      <LineString><coordinates>-111.754678797574,41.7438091532931,0 -111.754318030738,41.7438115223339,0 -111.753954102909,41.7435437015513,0 -111.753590178105,41.7432758795786,0 -111.753226256324,41.7430080564157,0 -111.752862337568,41.7427402320626,0 -111.752498421836,41.7424724065195,0 -111.752134509129,41.7422045797864,0 -111.751770599445,41.7419367518632,0 -111.751409842848,41.7419391116875,0</coordinates></LineString>
  </Placemark>
  <Placemark id="logannet3.144">
	<Style><LineStyle><color>ff0000ff</color></LineStyle><PolyStyle><fill>0</fill></PolyStyle></Style>
	<ExtendedData><SchemaData schemaUrl="#logannet3">
		<SimpleData name="LINKNO">68</SimpleData>
		<SimpleData name="DSLINKNO">180</SimpleData>
		<SimpleData name="USLINKNO1">-1</SimpleData>
		<SimpleData name="USLINKNO2">-1</SimpleData>
		<SimpleData name="DSNODEID">-1</SimpleData>
		<SimpleData name="strmOrder">1</SimpleData>
		<SimpleData name="Length">2639.5</SimpleData>
		<SimpleData name="Magnitude">1</SimpleData>
		<SimpleData name="DSContArea">4863600.0</SimpleData>
		<SimpleData name="strmDrop">307.74</SimpleData>
		<SimpleData name="Slope">0.116592920745</SimpleData>
		<SimpleData name="StraightL">2449.0</SimpleData>
		<SimpleData name="USContArea">2111400.0</SimpleData>
		<SimpleData name="WSNO">68</SimpleData>
		<SimpleData name="DOUTEND">19427.1</SimpleData>
		<SimpleData name="DOUTSTART">22066.6</SimpleData>
		<SimpleData name="DOUTMID">20746.9</SimpleData>
	</SchemaData></ExtendedData>
      <LineString><coordinates>-111.598613603971,41.7609408294851,0 -111.598611092761,41.7606706329373,0 -111.59824771021,41.7604023159985,0 -111.597886838798,41.760404194487,0 -111.597523460753,41.7601358752154,0 -111.597162590787,41.7601377514195,0 -111.596799217248,41.7598694298152,0 -111.596435846737,41.7596011070294,0 -111.596072479253,41.7593327830621,0 -111.595709114796,41.7590644579132,0 -111.595345753365,41.7587961315829,0 -111.594984890762,41.7587980008987,0 -111.594621533838,41.758529672236,0 -111.594258179942,41.758261342392,0 -111.593897320263,41.7582632082727,0 -111.59353646055,41.7582650730202,0 -111.593175600803,41.7582669366343,0 -111.592814741022,41.7582687991152,0 -111.592453881207,41.7582706604628,0 -111.592093021358,41.7582725206771,0 -111.591732161475,41.7582743797582,0 -111.591371301559,41.7582762377059,0 -111.591010441608,41.7582780945204,0 -111.590649581623,41.7582799502015,0 -111.590286245549,41.758011607668,0 -111.589922912501,41.7577432639533,0 -111.589562055442,41.7577451161997,0 -111.5891987269,41.7574767701532,0 -111.588835401386,41.7572084229257,0 -111.588474547252,41.7572102717374,0 -111.588111226244,41.7569419221782,0 -111.587747908263,41.7566735714381,0 -111.587384593308,41.7564052195171,0 -111.58702128138,41.7561368664152,0 -111.586657972479,41.7558685121325,0 -111.586294666604,41.755600156669,0 -111.585931363756,41.7553318000247,0 -111.585570519946,41.755333639649,0 -111.585209676103,41.7553354781402,0 -111.584846379241,41.7550671180142,0 -111.584485536843,41.7550689542217,0 -111.584124694413,41.7550707892961,0 -111.583761403536,41.7548024256884,0 -111.583398115686,41.7545340609002,0 -111.583034830863,41.7542656949314,0 -111.582671549066,41.753997327782,0 -111.582308270295,41.7537289594522,0 -111.58194499455,41.7534605899419,0 -111.581581721832,41.7531922192512,0 -111.581220889726,41.7531940451397,0 -111.580860057587,41.7531958698952,0 -111.580496790854,41.7529274957235,0 -111.580135960162,41.7529293181956,0 -111.579772697935,41.7526609416933,0 -111.579409438735,41.7523925640107,0 -111.579048610968,41.7523943830492,0 -111.578685356274,41.7521260030362,0 -111.578322104605,41.7518576218431,0 -111.577958855963,41.7515892394697,0 -111.577595610346,41.7513208559162,0 -111.577234788466,41.7513226692211,0 -111.576871547355,41.7510542833374,0 -111.576510726922,41.7510560943592,0 -111.576147490317,41.7507877061454,0 -111.575784256738,41.7505193167516,0 -111.575423439231,41.7505211243402,0 -111.575062621692,41.7505229307959,0 -111.574699394098,41.7502545379221,0 -111.57433616953,41.7499861438685,0 -111.573975354918,41.7499879468912,0 -111.573612134856,41.7497195505077,0 -111.57325132169,41.7497213512475,0</coordinates></LineString>
  </Placemark>
  <Placemark id="logannet3.145">
	<Style><LineStyle><color>ff0000ff</color></LineStyle><PolyStyle><fill>0</fill></PolyStyle></Style>
	<ExtendedData><SchemaData schemaUrl="#logannet3">
		<SimpleData name="LINKNO">61</SimpleData>
		<SimpleData name="DSLINKNO">152</SimpleData>
		<SimpleData name="USLINKNO1">-1</SimpleData>
		<SimpleData name="USLINKNO2">-1</SimpleData>
		<SimpleData name="DSNODEID">-1</SimpleData>
		<SimpleData name="strmOrder">1</SimpleData>
		<SimpleData name="Length">150.0</SimpleData>
		<SimpleData name="Magnitude">1</SimpleData>
		<SimpleData name="DSContArea">1977300.0</SimpleData>
		<SimpleData name="strmDrop">52.70</SimpleData>
		<SimpleData name="Slope">0.351313476563</SimpleData>
		<SimpleData name="StraightL">150.0</SimpleData>
		<SimpleData name="USContArea">1942200.0</SimpleData>
		<SimpleData name="WSNO">61</SimpleData>
		<SimpleData name="DOUTEND">13794.6</SimpleData>
		<SimpleData name="DOUTSTART">13944.6</SimpleData>
		<SimpleData name="DOUTMID">13869.6</SimpleData>
	</SchemaData></ExtendedData>
      <LineString><coordinates>-111.651568831738,41.7514655937483,0 -111.651208014053,41.7514676393537,0 -111.65084719633,41.7514696838262,0 -111.65048637857,41.7514717271657,0 -111.650125560773,41.7514737693723,0 -111.649764742939,41.7514758104458,0</coordinates></LineString>
  </Placemark>
  <Placemark id="logannet3.146">
	<Style><LineStyle><color>ff0000ff</color></LineStyle><PolyStyle><fill>0</fill></PolyStyle></Style>
	<ExtendedData><SchemaData schemaUrl="#logannet3">
		<SimpleData name="LINKNO">54</SimpleData>
		<SimpleData name="DSLINKNO">131</SimpleData>
		<SimpleData name="USLINKNO1">-1</SimpleData>
		<SimpleData name="USLINKNO2">-1</SimpleData>
		<SimpleData name="DSNODEID">-1</SimpleData>
		<SimpleData name="strmOrder">1</SimpleData>
		<SimpleData name="Length">729.4</SimpleData>
		<SimpleData name="Magnitude">1</SimpleData>
		<SimpleData name="DSContArea">2295900.0</SimpleData>
		<SimpleData name="strmDrop">55.02</SimpleData>
		<SimpleData name="Slope">0.075426038723</SimpleData>
		<SimpleData name="StraightL">641.3</SimpleData>
		<SimpleData name="USContArea">1764000.0</SimpleData>
		<SimpleData name="WSNO">54</SimpleData>
		<SimpleData name="DOUTEND">23524.2</SimpleData>
		<SimpleData name="DOUTSTART">24253.6</SimpleData>
		<SimpleData name="DOUTMID">23888.9</SimpleData>
	</SchemaData></ExtendedData>
      <LineString><coordinates>-111.544504914574,41.7639121025086,0 -111.544502630108,41.7636419035501,0 -111.544139454243,41.7633734143541,0 -111.544137171353,41.7631032153538,0 -111.544134888494,41.7628330163407,0 -111.543771718747,41.7625645259082,0 -111.543769437465,41.7622943268532,0 -111.543767156214,41.7620241277854,0 -111.544125757372,41.7617522201596,0 -111.54412347467,41.7614820210822,0 -111.544482071318,41.7612101123456,0 -111.544479787164,41.7609399132587,0 -111.544477503041,41.7606697141588,0 -111.544836093697,41.7603978043148,0 -111.544833808123,41.7601276052053,0 -111.54519239427,41.7598556942506,0 -111.545190107244,41.7595854951316,0 -111.545187820251,41.7593152959998,0 -111.545546400405,41.7590433839377,0 -111.545904977532,41.7587714707617,0 -111.545902687605,41.7585012716237,0 -111.545900397709,41.7582310724727,0</coordinates></LineString>
  </Placemark>
  <Placemark id="logannet3.147">
	<Style><LineStyle><color>ff0000ff</color></LineStyle><PolyStyle><fill>0</fill></PolyStyle></Style>
	<ExtendedData><SchemaData schemaUrl="#logannet3">
		<SimpleData name="LINKNO">47</SimpleData>
		<SimpleData name="DSLINKNO">173</SimpleData>
		<SimpleData name="USLINKNO1">-1</SimpleData>
		<SimpleData name="USLINKNO2">-1</SimpleData>
		<SimpleData name="DSNODEID">-1</SimpleData>
		<SimpleData name="strmOrder">1</SimpleData>
		<SimpleData name="Length">822.4</SimpleData>
		<SimpleData name="Magnitude">1</SimpleData>
		<SimpleData name="DSContArea">1990800.0</SimpleData>
		<SimpleData name="strmDrop">76.53</SimpleData>
		<SimpleData name="Slope">0.093049204655</SimpleData>
		<SimpleData name="StraightL">810.6</SimpleData>
		<SimpleData name="USContArea">1558800.0</SimpleData>
		<SimpleData name="WSNO">47</SimpleData>
		<SimpleData name="DOUTEND">22235.0</SimpleData>
		<SimpleData name="DOUTSTART">23057.5</SimpleData>
		<SimpleData name="DOUTMID">22646.3</SimpleData>
	</SchemaData></ExtendedData>
      <LineString><coordinates>-111.557520485547,41.766551777507,0 -111.557518146259,41.7662815792646,0 -111.557515807003,41.7660113810094,0 -111.557513467779,41.7657411827414,0 -111.557511128587,41.7654709844604,0 -111.557508789428,41.7652007861667,0 -111.5575064503,41.76493058786,0 -111.557504111204,41.7646603895405,0 -111.55750177214,41.7643901912082,0 -111.557499433108,41.7641199928629,0 -111.557497094108,41.7638497945049,0 -111.55749475514,41.7635795961339,0 -111.557492416204,41.7633093977501,0 -111.5574900773,41.7630391993535,0 -111.557487738428,41.762769000944,0 -111.557485399588,41.7624988025216,0 -111.55748306078,41.7622286040864,0 -111.557480722004,41.7619584056383,0 -111.55747838326,41.7616882071774,0 -111.557476044548,41.7614180087036,0 -111.557473705867,41.7611478102169,0 -111.557110490551,41.7608793621504,0 -111.557108153448,41.7606091636216,0 -111.557105816377,41.7603389650798,0 -111.557103479339,41.7600687665252,0 -111.557101142332,41.7597985679578,0 -111.557098805357,41.7595283693774,0 -111.557096468415,41.7592581707843,0</coordinates></LineString>
  </Placemark>
  <Placemark id="logannet3.148">
	<Style><LineStyle><color>ff0000ff</color></LineStyle><PolyStyle><fill>0</fill></PolyStyle></Style>
	<ExtendedData><SchemaData schemaUrl="#logannet3">
		<SimpleData name="LINKNO">40</SimpleData>
		<SimpleData name="DSLINKNO">131</SimpleData>
		<SimpleData name="USLINKNO1">-1</SimpleData>
		<SimpleData name="USLINKNO2">-1</SimpleData>
		<SimpleData name="DSNODEID">-1</SimpleData>
		<SimpleData name="strmOrder">1</SimpleData>
		<SimpleData name="Length">114.9</SimpleData>
		<SimpleData name="Magnitude">1</SimpleData>
		<SimpleData name="DSContArea">1748700.0</SimpleData>
		<SimpleData name="strmDrop">12.73</SimpleData>
		<SimpleData name="Slope">0.110847969301</SimpleData>
		<SimpleData name="StraightL">108.2</SimpleData>
		<SimpleData name="USContArea">1746900.0</SimpleData>
		<SimpleData name="WSNO">40</SimpleData>
		<SimpleData name="DOUTEND">23524.2</SimpleData>
		<SimpleData name="DOUTSTART">23639.0</SimpleData>
		<SimpleData name="DOUTMID">23581.6</SimpleData>
	</SchemaData></ExtendedData>
      <LineString><coordinates>-111.544504914574,41.7639121025086,0 -111.544141737164,41.7636436133415,0 -111.543778562781,41.7633751229959,0 -111.543417671288,41.7633768305042,0</coordinates></LineString>
  </Placemark>
  <Placemark id="logannet3.149">
	<Style><LineStyle><color>ff0000ff</color></LineStyle><PolyStyle><fill>0</fill></PolyStyle></Style>
	<ExtendedData><SchemaData schemaUrl="#logannet3">
		<SimpleData name="LINKNO">33</SimpleData>
		<SimpleData name="DSLINKNO">145</SimpleData>
		<SimpleData name="USLINKNO1">-1</SimpleData>
		<SimpleData name="USLINKNO2">-1</SimpleData>
		<SimpleData name="DSNODEID">-1</SimpleData>
		<SimpleData name="strmOrder">1</SimpleData>
		<SimpleData name="Length">706.7</SimpleData>
		<SimpleData name="Magnitude">1</SimpleData>
		<SimpleData name="DSContArea">3103200.0</SimpleData>
		<SimpleData name="strmDrop">54.56</SimpleData>
		<SimpleData name="Slope">0.077207619932</SimpleData>
		<SimpleData name="StraightL">649.0</SimpleData>
		<SimpleData name="USContArea">2763900.0</SimpleData>
		<SimpleData name="WSNO">33</SimpleData>
		<SimpleData name="DOUTEND">23336.9</SimpleData>
		<SimpleData name="DOUTSTART">24043.6</SimpleData>
		<SimpleData name="DOUTMID">23690.2</SimpleData>
	</SchemaData></ExtendedData>
      <LineString><coordinates>-111.545599043271,41.765257960642,0 -111.545238141336,41.7652596739309,0 -111.544877239371,41.7652613860863,0 -111.544518622027,41.7655332959893,0 -111.544157718485,41.7655350058936,0 -111.543799096568,41.765806913565,0 -111.543440471623,41.7660788201222,0 -111.543081843649,41.766350725565,0 -111.542723212648,41.7666226298936,0 -111.542725489887,41.7668928287911,0 -111.542366854373,41.7671647320086,0 -111.542005941559,41.7671664352076,0 -111.541647301472,41.767438336193,0 -111.541288658357,41.767710236064,0 -111.540930012213,41.7679821348205,0 -111.540569094732,41.767983833533,0 -111.54020817722,41.7679855311117,0 -111.539849524957,41.7682574265183,0 -111.539490869666,41.7685293208103,0 -111.539129949032,41.7685310150199,0</coordinates></LineString>
  </Placemark>
  <Placemark id="logannet3.150">
	<Style><LineStyle><color>ff0000ff</color></LineStyle><PolyStyle><fill>0</fill></PolyStyle></Style>
	<ExtendedData><SchemaData schemaUrl="#logannet3">
		<SimpleData name="LINKNO">26</SimpleData>
		<SimpleData name="DSLINKNO">236</SimpleData>
		<SimpleData name="USLINKNO1">-1</SimpleData>
		<SimpleData name="USLINKNO2">-1</SimpleData>
		<SimpleData name="DSNODEID">-1</SimpleData>
		<SimpleData name="strmOrder">1</SimpleData>
		<SimpleData name="Length">1404.0</SimpleData>
		<SimpleData name="Magnitude">1</SimpleData>
		<SimpleData name="DSContArea">4180500.0</SimpleData>
		<SimpleData name="strmDrop">257.83</SimpleData>
		<SimpleData name="Slope">0.183641186028</SimpleData>
		<SimpleData name="StraightL">1264.6</SimpleData>
		<SimpleData name="USContArea">3182400.0</SimpleData>
		<SimpleData name="WSNO">26</SimpleData>
		<SimpleData name="DOUTEND">8658.7</SimpleData>
		<SimpleData name="DOUTSTART">10062.6</SimpleData>
		<SimpleData name="DOUTMID">9360.7</SimpleData>
	</SchemaData></ExtendedData>
      <LineString><coordinates>-111.69426734679,41.7625643064918,0 -111.694628223441,41.7625621252012,0 -111.694631137623,41.7628323165388,0 -111.694634051845,41.7631025078634,0 -111.694636966107,41.7633726991752,0 -111.694639880408,41.763642890474,0 -111.694642794749,41.7639130817599,0 -111.69464570913,41.7641832730329,0 -111.695009510759,41.7644512817249,0 -111.695373315416,41.7647192892294,0 -111.6957371231,41.7649872955462,0 -111.696100933812,41.7652553006755,0 -111.696464747551,41.7655233046171,0 -111.696467669741,41.7657934957096,0 -111.696828564319,41.7657913073711,0 -111.696831488063,41.76606149843,0 -111.697195309412,41.7663294999627,0 -111.697559133789,41.7665975003076,0 -111.697922961194,41.7668654994648,0 -111.69792588964,41.7671356904101,0 -111.697928818125,41.7674058813425,0 -111.698292651667,41.7676738792446,0 -111.698295581747,41.7679440701305,0 -111.69865941987,41.7682120668111,0 -111.698662351544,41.7684822576505,0 -111.698665283258,41.7687524484769,0 -111.699029127519,41.7690204439024,0 -111.699032060827,41.7692906346823,0 -111.699034994176,41.7695608254493,0 -111.699037927564,41.7698310162033,0 -111.699401779516,41.77009901034,0 -111.699404714499,41.7703692010475,0 -111.699407649523,41.7706393917421,0 -111.699771507612,41.7709073846234,0 -111.69977444423,41.7711775752714,0 -111.699777380888,41.7714477659065,0 -111.699780317586,41.7717179565287,0 -111.699783254324,41.771988147138,0 -111.699786191103,41.7722583377343,0 -111.700150059993,41.7725263292593,0 -111.700152998366,41.772796519809,0 -111.70015593678,41.7730667103459,0</coordinates></LineString>
  </Placemark>
  <Placemark id="logannet3.151">
	<Style><LineStyle><color>ff0000ff</color></LineStyle><PolyStyle><fill>0</fill></PolyStyle></Style>
	<ExtendedData><SchemaData schemaUrl="#logannet3">
		<SimpleData name="LINKNO">19</SimpleData>
		<SimpleData name="DSLINKNO">159</SimpleData>
		<SimpleData name="USLINKNO1">-1</SimpleData>
		<SimpleData name="USLINKNO2">-1</SimpleData>
		<SimpleData name="DSNODEID">-1</SimpleData>
		<SimpleData name="strmOrder">1</SimpleData>
		<SimpleData name="Length">1866.4</SimpleData>
		<SimpleData name="Magnitude">1</SimpleData>
		<SimpleData name="DSContArea">4900500.0</SimpleData>
		<SimpleData name="strmDrop">82.15</SimpleData>
		<SimpleData name="Slope">0.044015713867</SimpleData>
		<SimpleData name="StraightL">1644.5</SimpleData>
		<SimpleData name="USContArea">2225700.0</SimpleData>
		<SimpleData name="WSNO">19</SimpleData>
		<SimpleData name="DOUTEND">22782.3</SimpleData>
		<SimpleData name="DOUTSTART">24648.7</SimpleData>
		<SimpleData name="DOUTMID">23715.5</SimpleData>
	</SchemaData></ExtendedData>
      <LineString><coordinates>-111.551382723826,41.7663111880662,0 -111.551024128371,41.7665831180957,0 -111.550665529888,41.7668550470113,0 -111.550304619309,41.7668567762682,0 -111.549943708699,41.7668585043915,0 -111.549946016252,41.7671287029526,0 -111.549948323838,41.7673989015008,0 -111.549950631455,41.7676691000362,0 -111.549952939103,41.7679392985587,0 -111.54959432857,41.7682112241394,0 -111.549596634767,41.7684814226525,0 -111.549238019723,41.7687533471226,0 -111.549240324469,41.7690235456262,0 -111.549242629246,41.769293744117,0 -111.548884008207,41.7695656674799,0 -111.54852538414,41.7698375897287,0 -111.548527685983,41.7701077882135,0 -111.548529987858,41.7703779866853,0 -111.548532289764,41.7706481851444,0 -111.548534591702,41.7709183835905,0 -111.548175958673,41.7711903047388,0 -111.548178259159,41.7714605031755,0 -111.547819621618,41.7717324232129,0 -111.547821920653,41.7720026216401,0 -111.5474632786,41.7722745405667,0 -111.547465576183,41.7725447389844,0 -111.547467873797,41.7728149373893,0 -111.547470171442,41.7730851357813,0 -111.547472469119,41.7733553341605,0 -111.547474766828,41.7736255325268,0 -111.547477064568,41.7738957308802,0 -111.547479362339,41.7741659292208,0 -111.547481660141,41.7744361275485,0 -111.547483957976,41.7747063258634,0 -111.547486255841,41.7749765241655,0 -111.547488553738,41.7752467224546,0 -111.547490851666,41.775516920731,0 -111.547493149626,41.7757871189944,0 -111.547134485261,41.7760590368503,0 -111.546775817865,41.7763309535918,0 -111.546778112889,41.7766011518491,0 -111.546780407945,41.7768713500936,0 -111.546782703032,41.7771415483252,0 -111.54678499815,41.7774117465439,0 -111.547145968113,41.7774100279916,0 -111.547148264778,41.7776802261813,0 -111.547511534435,41.7779487046394,0 -111.547513832678,41.7782189027871,0 -111.547516130952,41.778489100922,0 -111.547518429257,41.7787592990441,0 -111.547520727594,41.7790294971533,0 -111.547523025962,41.7792996952496,0 -111.547525324362,41.7795698933331,0 -111.547166639226,41.7798418112361,0 -111.54680795106,41.7801137280244,0 -111.546810246523,41.7803839261018,0 -111.546451553843,41.7806558417788,0</coordinates></LineString>
  </Placemark>
  <Placemark id="logannet3.152">
	<Style><LineStyle><color>ff0000ff</color></LineStyle><PolyStyle><fill>0</fill></PolyStyle></Style>
	<ExtendedData><SchemaData schemaUrl="#logannet3">
		<SimpleData name="LINKNO">12</SimpleData>
		<SimpleData name="DSLINKNO">201</SimpleData>
		<SimpleData name="USLINKNO1">-1</SimpleData>
		<SimpleData name="USLINKNO2">-1</SimpleData>
		<SimpleData name="DSNODEID">-1</SimpleData>
		<SimpleData name="strmOrder">1</SimpleData>
		<SimpleData name="Length">1433.1</SimpleData>
		<SimpleData name="Magnitude">1</SimpleData>
		<SimpleData name="DSContArea">2583900.0</SimpleData>
		<SimpleData name="strmDrop">209.62</SimpleData>
		<SimpleData name="Slope">0.146270582201</SimpleData>
		<SimpleData name="StraightL">1337.9</SimpleData>
		<SimpleData name="USContArea">1891800.0</SimpleData>
		<SimpleData name="WSNO">12</SimpleData>
		<SimpleData name="DOUTEND">17433.5</SimpleData>
		<SimpleData name="DOUTSTART">18866.5</SimpleData>
		<SimpleData name="DOUTMID">18150.0</SimpleData>
	</SchemaData></ExtendedData>
      <LineString><coordinates>-111.60847974062,41.7738590463061,0 -111.608121346744,41.7741311528816,0 -111.607760399045,41.7741330628891,0 -111.607402000591,41.774405167238,0 -111.607404549905,41.7746753627004,0 -111.607046146941,41.7749474659436,0 -111.606687740947,41.7752195680759,0 -111.606329331924,41.7754916690974,0 -111.605970919871,41.775763769008,0 -111.605609962875,41.7757656723197,0 -111.605251546243,41.7760377700033,0 -111.604893126582,41.7763098665759,0 -111.604532166452,41.7763117665215,0 -111.604173742211,41.776583860867,0 -111.603812780496,41.7765857585626,0 -111.603454351677,41.7768578506809,0 -111.603093388378,41.7768597461263,0 -111.602734954979,41.7771318360173,0 -111.602373990096,41.7771337292126,0 -111.602015552118,41.7774058168762,0 -111.601657111109,41.7776779034286,0 -111.601296143093,41.7776797932574,0 -111.600937697505,41.7779518775823,0 -111.600579248887,41.7782239607958,0 -111.60022079724,41.778496042898,0 -111.599862342562,41.7787681238888,0 -111.599503884854,41.7790402037682,0 -111.599506401429,41.779310399405,0 -111.599147939211,41.7795824781778,0 -111.59915045434,41.7798526738067,0 -111.59879198761,41.7801247514728,0 -111.59843351785,41.7803968280274,0 -111.598436030052,41.7806670236531,0 -111.598077555781,41.780939099101,0 -111.59771907848,41.7812111734373,0 -111.597360598148,41.781483246662,0 -111.597002114785,41.781755318775,0 -111.596643628392,41.7820273897762,0</coordinates></LineString>
  </Placemark>
</Folder>
</Document></kml>
